student_id,name,department,semester,attendance_rate,gpa,assignment_submission_rate,lms_login_frequency,library_visits,socioeconomic_score,scholarship_recipient,family_income_bracket,previous_backlogs,distance_from_college,extracurricular_participation,mental_health_score,dropout_risk
STU1001,Vihaan Patel,Computer Science,8,0.744,3.43,0.802,6,6,6.49,0,2,0,13.9,0,8.24,1
STU1002,Reyan Mishra,Civil Eng.,6,0.726,4.25,0.658,5,8,5.22,0,2,0,0.5,0,6.93,1
STU1003,Aarav Mehta,Computer Science,8,1.0,5.31,0.924,7,10,6.8,0,3,1,0.7,1,7.28,0
STU1004,Pooja Mishra,Electronics,4,0.818,4.92,0.73,7,9,8.55,0,2,0,9.1,1,9.57,0
STU1005,Ananya Joshi,Information Tech.,2,0.864,4.34,0.758,1,8,5.03,0,2,0,2.5,1,5.89,1
STU1006,Rahul Yadav,Computer Science,4,0.768,3.33,0.735,3,3,5.03,0,3,2,12.0,0,7.77,1
STU1007,Vivaan Singh,Computer Science,1,0.752,4.5,0.751,4,8,8.66,0,3,0,9.6,1,10.0,0
STU1008,Ananya Reddy,Biotechnology,7,0.768,4.25,0.602,3,7,7.03,0,4,2,10.6,1,7.51,1
STU1009,Vihaan Mishra,Biotechnology,2,0.874,2.46,0.767,4,6,4.56,0,3,2,4.3,1,4.76,1
STU1010,Suresh Gupta,Biotechnology,5,0.862,3.29,0.943,2,5,6.59,0,1,0,12.3,0,6.21,0
STU1011,Karan Pandey,Biotechnology,8,1.0,5.03,0.918,7,10,4.57,0,2,0,21.2,0,4.75,0
STU1012,Rahul Patel,Electrical Eng.,7,0.858,5.78,0.801,4,9,4.57,0,5,1,75.0,1,2.34,1
STU1013,Vivaan Mishra,Biotechnology,7,0.723,5.71,0.767,5,8,5.98,0,3,0,21.9,0,5.37,1
STU1014,Amit Pandey,Information Tech.,6,0.584,0.91,0.475,4,2,1.67,0,4,1,9.8,0,6.65,2
STU1015,Aarav Yadav,Computer Science,5,0.494,0.91,0.441,5,4,2.05,1,1,3,2.6,0,5.63,2
STU1016,Vivaan Patel,Information Tech.,2,0.767,1.88,0.772,0,4,4.38,0,3,0,13.7,1,8.76,1
STU1017,Karan Mehta,Electronics,8,0.658,3.2,0.716,5,6,3.47,1,1,2,33.3,0,6.3,1
STU1018,Nikhil Patel,Computer Science,3,0.252,0.47,0.05,3,2,6.13,1,3,3,2.9,1,8.43,2
STU1019,Riya Reddy,Electronics,7,0.992,2.4,0.819,6,6,3.68,0,5,0,3.5,0,2.94,1
STU1020,Aarav Joshi,Electrical Eng.,5,0.711,4.49,0.54,2,8,2.68,1,5,0,1.9,0,5.01,1
STU1021,Sneha Reddy,Information Tech.,8,0.759,5.71,0.671,5,7,8.43,0,3,1,16.0,1,7.05,1
STU1022,Aditya Patel,Information Tech.,7,0.917,2.9,0.733,7,4,5.05,0,3,3,6.3,1,5.03,1
STU1023,Ananya Mishra,Biotechnology,4,0.582,3.17,0.59,5,6,5.64,0,5,1,0.8,0,9.44,1
STU1024,Rohan Singh,Computer Science,3,0.875,3.48,0.805,3,5,2.65,1,3,1,24.9,0,2.32,1
STU1025,Amit Gupta,Electronics,4,0.707,4.45,0.726,3,4,4.41,0,1,0,9.8,0,6.12,1
STU1026,Riya Joshi,Mechanical Eng.,8,0.564,3.08,0.603,5,5,5.72,0,3,1,4.8,1,8.76,1
STU1027,Vihaan Mehta,Electronics,8,0.912,2.68,0.889,6,5,3.2,0,2,0,5.1,0,7.33,0
STU1028,Ananya Nair,Civil Eng.,8,0.839,3.2,0.721,5,5,6.25,0,3,1,4.1,1,6.19,1
STU1029,Ananya Rao,Electrical Eng.,1,0.778,1.69,0.711,4,5,4.3,0,3,2,7.3,1,4.67,1
STU1030,Nikhil Joshi,Computer Science,8,0.773,3.21,0.649,5,3,4.92,0,3,3,4.9,1,8.44,1
STU1031,Sai Rao,Civil Eng.,6,0.789,2.93,0.574,4,4,4.3,0,2,2,9.5,0,5.35,1
STU1032,Amit Nair,Electrical Eng.,5,0.582,3.25,0.619,3,7,9.2,0,2,2,17.8,0,6.27,1
STU1033,Rahul Reddy,Mechanical Eng.,1,0.79,4.42,0.703,6,6,5.47,0,3,0,13.5,1,8.44,1
STU1034,Ishita Sharma,Biotechnology,6,0.632,3.6,0.419,5,4,3.38,0,4,0,4.2,0,6.57,1
STU1035,Priya Reddy,Electronics,3,0.632,4.98,0.623,7,7,7.15,0,3,1,9.0,1,6.51,0
STU1036,Rohan Kumar,Electrical Eng.,4,0.729,2.0,0.634,7,5,3.06,1,2,2,22.0,0,6.5,1
STU1037,Amit Singh,Information Tech.,5,0.795,1.4,0.509,5,3,5.92,0,5,2,0.8,1,7.58,1
STU1038,Nikhil Verma,Mechanical Eng.,2,0.675,3.03,0.47,6,5,1.58,1,5,0,1.0,1,5.38,1
STU1039,Sai Joshi,Civil Eng.,1,0.657,2.06,0.521,2,5,2.84,0,2,2,9.7,0,6.13,2
STU1040,Ananya Yadav,Information Tech.,5,0.571,2.7,0.535,4,6,5.89,0,1,0,12.2,0,2.88,2
STU1041,Aarav Yadav,Computer Science,8,0.704,2.58,0.713,5,3,6.98,0,4,1,2.9,1,6.9,1
STU1042,Riya Pandey,Mechanical Eng.,2,0.828,3.42,0.821,1,6,5.84,0,4,0,16.4,0,5.6,1
STU1043,Ishita Mishra,Computer Science,6,0.914,5.47,0.883,6,7,5.27,0,5,2,12.5,0,5.14,0
STU1044,Aarav Kumar,Biotechnology,3,0.78,2.86,0.699,3,7,4.9,1,4,0,30.8,1,5.24,0
STU1045,Arjun Nair,Civil Eng.,6,0.584,1.46,0.698,2,6,2.54,1,3,3,2.2,0,4.87,1
STU1046,Aditya Yadav,Electrical Eng.,2,0.682,4.0,0.684,3,6,4.06,0,3,2,16.7,1,5.68,1
STU1047,Kavya Rao,Mechanical Eng.,8,0.839,3.58,0.777,5,8,4.58,0,1,2,1.0,1,6.67,1
STU1048,Aarav Reddy,Electrical Eng.,8,0.767,1.74,0.747,2,3,7.61,0,2,4,10.0,1,5.96,1
STU1049,Vivaan Yadav,Electronics,6,0.765,4.65,0.649,6,7,6.19,1,3,0,9.6,1,7.79,0
STU1050,Vihaan Mishra,Information Tech.,7,0.755,5.15,0.674,5,7,1.97,1,3,1,5.9,0,6.92,0
STU1051,Vihaan Nair,Computer Science,7,0.769,0.72,0.484,8,3,6.15,0,3,3,22.3,1,8.15,1
STU1052,Sai Verma,Mechanical Eng.,7,0.634,1.94,0.532,5,4,4.73,0,4,0,0.5,1,8.1,1
STU1053,Pooja Sharma,Computer Science,3,0.69,0.0,0.797,6,2,4.15,0,2,2,8.8,1,5.22,1
STU1054,Ananya Nair,Electrical Eng.,7,0.741,3.93,0.681,3,7,6.72,0,3,1,2.9,1,6.53,1
STU1055,Aditya Mehta,Electrical Eng.,1,0.693,5.46,0.634,2,9,7.56,0,1,1,16.3,1,7.71,1
STU1056,Suresh Sharma,Electronics,7,0.967,4.34,0.97,6,9,7.36,0,3,2,0.5,0,6.44,0
STU1057,Amit Verma,Information Tech.,8,0.807,4.82,0.762,2,5,3.82,1,4,1,21.4,0,4.06,0
STU1058,Reyan Gupta,Electrical Eng.,2,0.693,4.46,0.545,6,10,4.88,0,3,0,21.8,0,5.56,1
STU1059,Rahul Patel,Electrical Eng.,4,0.669,5.89,0.604,8,9,6.16,0,5,2,21.5,1,9.79,0
STU1060,Aditya Mishra,Civil Eng.,6,0.67,5.63,0.49,6,9,7.45,0,2,0,2.0,1,5.9,0
STU1061,Karan Rao,Information Tech.,6,0.67,2.88,0.622,5,7,4.54,0,3,3,11.9,1,4.93,1
STU1062,Aarav Rao,Civil Eng.,4,0.976,3.62,0.794,5,7,5.13,1,2,3,0.5,1,5.55,0
STU1063,Sneha Pandey,Electronics,8,0.608,1.94,0.64,3,5,3.29,1,3,3,22.6,1,6.99,1
STU1064,Sneha Reddy,Electronics,4,0.88,2.66,0.741,5,7,3.11,1,4,2,15.4,0,6.56,0
STU1065,Reyan Rao,Biotechnology,3,0.753,4.21,0.595,3,7,7.13,0,3,2,9.1,0,8.41,1
STU1066,Vihaan Kumar,Information Tech.,6,0.633,4.36,0.558,2,9,8.21,0,4,2,15.7,0,10.0,1
STU1067,Sneha Mishra,Mechanical Eng.,7,0.752,5.22,0.713,5,6,5.36,0,2,1,1.2,0,8.08,0
STU1068,Aarav Mishra,Information Tech.,2,0.601,3.86,0.42,6,7,7.51,0,4,1,9.0,1,8.87,1
STU1069,Karan Sharma,Electrical Eng.,5,0.607,2.75,0.494,2,6,6.22,1,1,1,4.1,1,10.0,1
STU1070,Vivaan Nair,Information Tech.,7,0.582,2.22,0.535,7,6,4.21,1,4,2,43.2,1,7.14,1
STU1071,Ishita Nair,Information Tech.,2,0.558,4.65,0.636,7,9,6.22,0,2,1,23.3,1,6.16,1
STU1072,Kavya Mishra,Electronics,2,0.897,2.89,0.555,6,6,8.58,0,2,2,15.9,1,7.03,0
STU1073,Vihaan Singh,Electronics,6,0.761,3.39,0.746,5,6,5.43,0,3,2,32.6,1,8.53,1
STU1074,Vivaan Kumar,Computer Science,6,0.765,6.18,0.65,4,9,8.63,1,5,1,5.1,0,5.34,0
STU1075,Karan Kumar,Mechanical Eng.,1,0.733,2.65,0.61,5,5,1.0,1,1,2,27.7,0,1.8,1
STU1076,Vihaan Joshi,Electrical Eng.,8,0.662,4.05,0.528,3,5,7.14,0,2,0,4.7,1,5.67,1
STU1077,Nikhil Mehta,Computer Science,5,0.426,3.66,0.347,4,9,5.67,0,4,1,15.8,0,8.18,1
STU1078,Rohan Verma,Information Tech.,4,1.0,2.24,0.962,5,6,4.9,0,2,1,16.0,0,7.54,1
STU1079,Ananya Mehta,Mechanical Eng.,3,0.73,2.68,0.603,8,6,5.68,0,2,1,0.5,0,6.42,1
STU1080,Ananya Yadav,Electronics,5,0.618,2.22,0.722,5,6,1.52,1,3,0,5.4,0,7.38,1
STU1081,Sneha Kumar,Electronics,4,0.522,3.84,0.532,4,8,5.06,1,2,2,0.5,0,7.61,1
STU1082,Aditya Sharma,Electrical Eng.,3,0.621,5.0,0.579,4,7,6.21,0,5,0,70.1,0,7.48,1
STU1083,Vihaan Singh,Electronics,7,0.984,4.65,0.869,4,9,8.46,0,4,0,1.6,1,7.51,0
STU1084,Rahul Reddy,Electronics,5,0.979,4.96,1.0,4,10,4.46,0,3,2,9.4,0,7.95,0
STU1085,Rohan Mehta,Mechanical Eng.,8,0.894,5.09,0.938,7,7,3.88,0,5,0,18.8,0,7.52,0
STU1086,Reyan Mishra,Information Tech.,8,0.638,4.3,0.458,3,5,4.5,0,3,1,2.7,0,5.86,1
STU1087,Amit Mishra,Civil Eng.,3,1.0,5.67,0.83,4,7,7.33,0,1,2,8.0,0,8.66,0
STU1088,Priya Yadav,Computer Science,3,0.76,2.66,0.748,3,5,6.16,0,2,2,11.2,0,5.67,1
STU1089,Ishita Kumar,Electronics,4,0.757,1.95,0.775,3,3,4.44,0,3,2,2.1,1,6.75,1
STU1090,Vihaan Nair,Civil Eng.,8,0.837,4.58,0.723,7,7,6.53,0,2,2,18.1,0,7.68,1
STU1091,Vihaan Sharma,Mechanical Eng.,1,0.503,2.1,0.379,4,4,5.69,0,5,1,4.3,0,6.11,2
STU1092,Pooja Rao,Information Tech.,4,0.612,3.88,0.558,4,7,7.44,0,4,1,2.8,0,7.47,1
STU1093,Sai Verma,Mechanical Eng.,5,0.705,4.15,0.782,4,6,4.1,0,2,1,9.8,1,7.32,1
STU1094,Aditya Rao,Electrical Eng.,4,0.883,5.15,0.799,5,8,4.84,0,3,0,6.3,1,4.51,0
STU1095,Pooja Gupta,Mechanical Eng.,4,0.559,3.11,0.376,3,7,4.72,0,4,0,30.4,1,6.75,1
STU1096,Priya Kumar,Electronics,4,0.659,1.99,0.604,2,3,2.57,1,5,2,25.4,0,9.76,1
STU1097,Ananya Mehta,Civil Eng.,6,0.747,4.21,0.751,7,7,6.09,0,4,2,7.9,1,5.34,0
STU1098,Arjun Gupta,Electrical Eng.,6,0.796,2.52,0.706,7,4,6.02,0,3,3,5.3,0,8.66,0
STU1099,Karan Pandey,Computer Science,6,0.819,3.45,0.863,5,6,5.51,0,4,1,4.7,1,6.48,0
STU1100,Sai Patel,Civil Eng.,5,0.619,3.5,0.643,6,6,5.03,0,3,1,3.7,0,8.64,1
STU1101,Nikhil Pandey,Civil Eng.,7,0.884,2.77,0.79,9,6,2.67,1,3,2,9.4,0,4.5,0
STU1102,Suresh Nair,Computer Science,5,0.601,3.5,0.545,3,6,4.66,0,1,2,19.6,0,6.41,2
STU1103,Ishita Mehta,Mechanical Eng.,7,0.829,2.44,0.562,2,7,4.81,0,1,1,4.5,0,10.0,1
STU1104,Rohan Mishra,Information Tech.,3,0.626,2.3,0.684,6,5,3.9,0,3,1,2.5,1,5.86,1
STU1105,Amit Sharma,Electrical Eng.,8,0.726,2.66,0.62,2,4,5.18,0,2,1,7.7,0,7.69,1
STU1106,Suresh Verma,Electrical Eng.,3,0.705,1.95,0.595,4,6,6.31,0,1,1,0.9,1,7.96,1
STU1107,Nikhil Patel,Biotechnology,5,0.831,5.19,0.693,4,9,9.27,0,4,1,14.5,1,4.13,0
STU1108,Nikhil Kumar,Information Tech.,8,0.874,4.83,0.832,6,9,5.85,0,1,1,8.8,1,7.56,0
STU1109,Rohan Joshi,Computer Science,6,0.837,4.76,0.641,4,8,6.02,0,3,0,8.2,0,4.58,1
STU1110,Riya Yadav,Information Tech.,3,0.826,3.29,0.645,7,4,5.35,1,3,0,4.3,0,7.74,0
STU1111,Riya Mishra,Computer Science,4,0.717,1.53,0.64,3,7,1.66,0,5,3,28.2,0,5.71,2
STU1112,Vivaan Verma,Computer Science,2,0.629,4.53,0.504,6,7,5.45,1,3,0,1.1,0,4.63,1
STU1113,Riya Joshi,Computer Science,8,0.81,4.45,0.763,3,6,5.62,1,1,0,24.5,0,4.54,1
STU1114,Vivaan Sharma,Electrical Eng.,6,0.743,5.26,0.61,6,9,10.0,0,3,1,5.7,1,7.87,0
STU1115,Sneha Reddy,Civil Eng.,8,0.692,5.63,0.782,2,7,5.12,0,4,1,25.5,1,10.0,1
STU1116,Suresh Pandey,Electronics,6,0.717,3.8,0.715,4,6,6.1,0,5,1,15.7,0,9.75,1
STU1117,Amit Yadav,Computer Science,6,0.755,3.32,0.747,7,6,5.43,0,3,1,1.3,1,7.28,1
STU1118,Suresh Kumar,Computer Science,2,0.729,2.47,0.595,5,5,3.16,1,2,4,21.4,1,6.88,1
STU1119,Rahul Mishra,Civil Eng.,3,0.825,2.46,0.983,7,4,7.79,0,5,0,13.8,1,8.42,0
STU1120,Kavya Pandey,Electrical Eng.,7,0.953,4.89,0.813,5,10,7.0,1,2,1,0.5,1,6.14,0
STU1121,Arjun Yadav,Computer Science,3,0.8,4.0,0.649,4,7,7.08,0,3,1,1.7,0,5.88,1
STU1122,Karan Mehta,Biotechnology,1,0.811,3.72,0.8,5,5,3.68,1,3,0,12.1,1,7.64,0
STU1123,Nikhil Reddy,Electronics,4,0.88,6.7,0.811,6,12,8.31,0,1,0,13.0,0,6.41,0
STU1124,Vihaan Rao,Mechanical Eng.,4,0.786,2.34,0.625,1,4,2.7,0,2,2,16.5,0,8.4,1
STU1125,Aarav Verma,Electrical Eng.,1,0.706,1.2,0.855,5,3,6.67,0,2,1,15.3,0,4.57,1
STU1126,Sai Pandey,Mechanical Eng.,1,0.815,5.54,0.831,3,7,9.88,0,3,2,12.9,0,6.34,0
STU1127,Amit Reddy,Electrical Eng.,2,0.988,3.26,0.89,3,6,3.52,1,5,2,17.4,0,8.6,0
STU1128,Suresh Mishra,Civil Eng.,4,0.632,2.43,0.809,5,5,4.37,0,2,2,10.3,1,5.79,1
STU1129,Riya Reddy,Mechanical Eng.,4,0.942,4.19,0.929,8,7,5.7,0,4,2,3.6,1,6.49,0
STU1130,Priya Singh,Civil Eng.,7,0.609,4.29,0.547,5,7,4.49,0,1,2,29.2,0,7.51,1
STU1131,Pooja Gupta,Electrical Eng.,6,0.761,1.58,0.913,2,5,2.4,1,3,2,0.5,0,7.81,1
STU1132,Aarav Mehta,Civil Eng.,5,0.906,3.33,0.881,3,7,5.64,0,1,2,5.5,1,7.79,0
STU1133,Suresh Singh,Mechanical Eng.,8,0.563,4.78,0.568,3,6,3.38,1,5,1,15.7,0,6.53,1
STU1134,Sai Yadav,Computer Science,4,0.739,3.07,0.627,5,5,6.45,0,4,1,6.7,1,8.38,1
STU1135,Ishita Reddy,Computer Science,2,0.813,3.18,0.737,4,7,3.66,1,3,0,0.5,0,6.83,0
STU1136,Ananya Nair,Civil Eng.,2,0.687,1.43,0.578,5,3,8.6,0,4,3,0.8,1,9.53,1
STU1137,Kavya Singh,Biotechnology,6,0.701,1.4,0.775,6,4,3.93,0,3,1,12.6,0,10.0,1
STU1138,Arjun Sharma,Electrical Eng.,1,0.762,3.65,0.525,5,8,4.86,0,5,1,40.2,1,7.37,1
STU1139,Pooja Rao,Computer Science,2,0.693,5.61,0.76,6,6,7.13,0,4,0,9.6,1,5.59,0
STU1140,Amit Nair,Computer Science,7,0.935,1.28,0.754,4,3,3.04,1,5,2,8.5,1,7.78,0
STU1141,Vihaan Singh,Electrical Eng.,2,0.695,3.88,0.619,11,8,5.95,0,3,3,4.6,1,6.52,1
STU1142,Rahul Kumar,Biotechnology,6,0.811,3.98,0.701,6,7,8.11,0,1,2,3.6,0,8.04,1
STU1143,Rohan Nair,Biotechnology,5,0.676,3.83,0.556,6,6,2.29,1,3,1,0.5,0,6.35,1
STU1144,Rohan Kumar,Computer Science,2,0.419,2.3,0.446,7,6,5.87,0,1,2,3.8,1,5.71,2
STU1145,Ananya Nair,Information Tech.,3,0.662,4.32,0.595,5,9,6.02,0,3,1,7.2,0,6.14,1
STU1146,Vivaan Mehta,Computer Science,3,0.56,3.33,0.437,3,5,7.06,0,3,0,2.6,1,2.96,1
STU1147,Sneha Kumar,Information Tech.,1,0.858,3.18,0.788,7,8,3.03,1,3,1,1.1,1,5.73,0
STU1148,Vihaan Singh,Information Tech.,4,0.645,2.94,0.511,7,3,2.86,1,1,1,15.2,1,6.87,1
STU1149,Karan Mishra,Computer Science,4,0.685,3.66,0.562,5,4,6.54,0,2,3,27.0,1,6.99,1
STU1150,Pooja Gupta,Mechanical Eng.,5,0.648,4.4,0.434,8,7,6.09,0,3,1,33.1,1,6.0,1
STU1151,Ananya Reddy,Computer Science,2,0.765,3.85,0.644,4,6,6.0,1,5,1,11.5,0,7.48,0
STU1152,Pooja Nair,Electrical Eng.,6,0.662,3.7,0.645,6,6,6.19,0,2,3,0.7,1,5.16,1
STU1153,Pooja Sharma,Computer Science,2,0.832,2.81,0.752,8,5,4.14,1,3,1,16.2,1,4.34,1
STU1154,Riya Kumar,Civil Eng.,8,0.792,3.88,0.894,5,6,5.96,0,4,1,1.4,0,7.74,0
STU1155,Vihaan Kumar,Electrical Eng.,6,0.695,4.09,0.887,5,7,6.09,0,3,1,13.3,1,7.87,0
STU1156,Sai Sharma,Mechanical Eng.,2,0.783,2.03,0.659,7,4,4.07,0,2,1,18.1,1,7.14,1
STU1157,Suresh Mehta,Electrical Eng.,2,0.775,4.35,0.614,4,8,9.23,0,3,2,15.5,0,7.23,0
STU1158,Kavya Nair,Biotechnology,2,0.709,2.67,0.751,3,5,6.45,0,2,1,36.4,0,8.9,1
STU1159,Riya Pandey,Computer Science,3,0.54,2.89,0.52,7,5,3.12,1,5,2,16.1,1,3.91,1
STU1160,Amit Rao,Electronics,7,0.725,3.33,0.766,5,6,6.81,0,1,3,14.2,1,6.51,1
STU1161,Amit Gupta,Civil Eng.,5,0.798,3.99,0.758,4,8,3.55,1,2,1,3.6,0,7.41,0
STU1162,Arjun Nair,Civil Eng.,1,0.957,4.93,0.842,5,7,7.07,0,1,0,31.0,1,8.67,0
STU1163,Suresh Kumar,Mechanical Eng.,1,0.639,3.24,0.556,5,4,7.82,0,2,2,2.4,1,5.95,1
STU1164,Vivaan Patel,Computer Science,6,1.0,3.15,0.943,2,4,3.86,0,4,1,28.2,0,10.0,0
STU1165,Pooja Kumar,Civil Eng.,3,0.867,4.99,0.759,6,8,7.43,0,2,1,4.5,1,6.99,0
STU1166,Amit Patel,Information Tech.,2,0.565,3.69,0.631,5,7,6.33,0,1,2,1.7,0,7.06,1
STU1167,Vihaan Mishra,Biotechnology,8,0.629,3.27,0.436,8,7,7.14,0,3,1,21.0,1,8.9,1
STU1168,Nikhil Mehta,Electrical Eng.,2,0.91,3.48,0.94,4,9,9.29,0,1,3,0.5,1,10.0,0
STU1169,Vihaan Mehta,Electrical Eng.,8,0.93,4.53,0.65,8,9,5.01,0,1,1,21.4,1,6.61,0
STU1170,Aditya Sharma,Mechanical Eng.,7,0.773,4.28,0.711,4,6,3.99,0,4,1,3.7,0,8.31,0
STU1171,Riya Yadav,Information Tech.,4,0.733,2.87,0.626,5,5,3.72,0,4,3,25.9,0,5.3,1
STU1172,Riya Kumar,Mechanical Eng.,6,0.623,4.08,0.409,5,4,3.87,1,5,0,14.1,0,9.16,1
STU1173,Reyan Patel,Electrical Eng.,1,0.76,0.05,0.478,9,2,5.35,0,4,0,13.2,0,6.67,1
STU1174,Ishita Mehta,Mechanical Eng.,4,0.699,5.45,0.52,2,8,6.18,0,3,2,5.5,0,7.42,1
STU1175,Vivaan Verma,Information Tech.,8,0.846,3.63,0.766,6,3,6.05,1,1,0,0.7,1,6.19,0
STU1176,Arjun Kumar,Mechanical Eng.,8,0.935,4.32,0.781,5,10,7.15,0,4,0,21.3,0,7.54,0
STU1177,Sai Yadav,Electronics,8,0.737,3.27,0.559,4,5,5.53,0,4,1,2.2,1,5.34,1
STU1178,Vihaan Gupta,Civil Eng.,6,0.964,6.2,1.0,6,6,8.41,0,4,0,5.6,0,7.41,0
STU1179,Ananya Sharma,Mechanical Eng.,7,0.91,2.22,0.696,7,4,4.97,1,3,2,11.0,0,6.52,0
STU1180,Ishita Singh,Mechanical Eng.,1,0.903,6.77,0.881,6,13,10.0,0,2,0,7.9,1,6.1,0
STU1181,Karan Gupta,Information Tech.,4,0.759,4.5,0.594,7,10,6.75,0,4,1,2.7,1,6.0,1
STU1182,Kavya Mishra,Electrical Eng.,2,0.747,3.88,0.56,4,7,3.79,1,4,1,1.8,1,2.36,1
STU1183,Nikhil Gupta,Civil Eng.,2,0.615,2.61,0.493,4,5,3.36,0,5,3,1.6,0,3.77,2
STU1184,Aarav Patel,Biotechnology,2,0.603,2.37,0.605,2,7,6.46,0,2,1,23.9,1,6.91,1
STU1185,Vivaan Yadav,Mechanical Eng.,5,0.838,4.63,0.617,9,7,5.05,0,2,1,0.5,0,8.24,0
STU1186,Karan Verma,Information Tech.,4,0.758,4.45,0.711,4,8,6.93,0,2,3,45.3,1,6.44,1
STU1187,Rohan Pandey,Civil Eng.,5,0.862,5.57,0.68,4,10,6.45,0,4,1,2.7,0,6.88,0
STU1188,Reyan Patel,Civil Eng.,5,0.556,3.37,0.422,5,4,5.35,0,2,0,1.4,1,8.7,1
STU1189,Karan Gupta,Computer Science,4,0.694,2.64,0.665,7,7,3.81,1,1,0,10.3,0,7.64,1
STU1190,Rahul Yadav,Information Tech.,2,0.9,4.41,1.0,3,6,2.47,0,5,3,1.0,0,7.21,0
STU1191,Ananya Rao,Mechanical Eng.,7,0.693,5.68,0.532,7,8,4.61,0,1,1,11.1,1,6.6,1
STU1192,Kavya Verma,Electrical Eng.,3,0.769,4.18,0.764,4,7,7.21,0,4,3,22.8,1,6.28,1
STU1193,Sai Rao,Electronics,7,0.492,2.88,0.412,7,7,5.93,0,2,2,0.6,1,7.49,1
STU1194,Aditya Singh,Electrical Eng.,7,0.598,3.88,0.491,3,8,3.01,1,4,1,19.3,1,8.21,1
STU1195,Ananya Yadav,Computer Science,6,0.835,3.45,0.859,6,6,5.85,0,3,0,6.0,0,10.0,0
STU1196,Ishita Verma,Biotechnology,1,0.747,4.6,0.588,5,8,6.27,0,5,3,2.1,1,10.0,1
STU1197,Riya Yadav,Computer Science,4,0.931,2.81,0.722,3,7,3.73,0,5,1,2.3,1,8.87,1
STU1198,Rahul Reddy,Computer Science,2,0.877,5.62,0.835,2,9,5.81,0,1,1,30.1,0,6.82,1
STU1199,Kavya Pandey,Mechanical Eng.,5,0.777,2.85,0.859,3,4,5.62,0,1,2,1.4,0,4.52,1
STU1200,Nikhil Singh,Civil Eng.,2,0.612,3.54,0.626,6,5,3.21,0,2,0,24.2,0,7.05,1
STU1201,Amit Pandey,Biotechnology,6,0.685,3.28,0.476,0,7,6.22,0,3,1,9.4,0,8.84,1
STU1202,Priya Mehta,Biotechnology,4,0.658,3.65,0.531,5,5,6.62,0,4,2,0.5,1,2.39,1
STU1203,Arjun Verma,Civil Eng.,4,0.624,3.81,0.66,5,4,7.67,0,3,0,7.5,1,4.64,1
STU1204,Pooja Reddy,Electronics,8,0.886,5.17,0.956,1,8,7.61,0,3,0,20.4,1,6.46,0
STU1205,Aarav Pandey,Electronics,1,0.861,3.93,0.798,3,7,2.74,0,2,1,15.5,1,4.44,1
STU1206,Karan Mehta,Electronics,1,0.798,3.76,0.66,3,8,3.62,1,4,1,8.1,0,3.19,0
STU1207,Karan Reddy,Information Tech.,4,0.654,3.83,0.753,4,4,6.53,0,5,0,23.6,0,7.64,1
STU1208,Suresh Singh,Mechanical Eng.,6,0.805,4.13,0.717,8,7,6.53,0,2,0,1.5,1,9.19,0
STU1209,Pooja Patel,Mechanical Eng.,1,0.572,5.04,0.454,6,10,6.53,0,3,3,28.9,1,6.62,1
STU1210,Vihaan Mishra,Mechanical Eng.,5,1.0,6.12,0.823,4,8,10.0,0,1,0,22.5,1,5.01,0
STU1211,Priya Sharma,Computer Science,8,0.475,0.76,0.308,2,3,6.64,1,3,0,14.8,0,7.36,1
STU1212,Aarav Verma,Biotechnology,2,0.626,4.0,0.847,1,4,7.77,0,3,1,20.4,1,5.33,1
STU1213,Aarav Rao,Electronics,8,0.772,3.95,0.837,4,8,7.41,0,1,0,9.4,0,5.41,1
STU1214,Arjun Joshi,Computer Science,3,0.818,4.84,0.671,3,9,6.8,0,3,1,13.5,0,8.77,1
STU1215,Priya Reddy,Mechanical Eng.,2,0.726,3.38,0.827,4,6,4.87,0,2,3,9.9,0,8.62,1
STU1216,Ananya Reddy,Biotechnology,6,0.666,4.97,0.652,4,6,7.02,0,3,1,5.3,1,6.58,1
STU1217,Sai Gupta,Electronics,8,0.812,1.89,0.778,4,5,3.95,0,3,2,10.1,1,7.5,1
STU1218,Nikhil Singh,Electrical Eng.,2,0.55,3.82,0.424,3,6,5.03,1,1,3,3.6,1,4.57,1
STU1219,Reyan Sharma,Computer Science,4,0.6,4.44,0.488,3,3,4.53,1,4,0,7.0,0,7.31,1
STU1220,Ishita Verma,Computer Science,6,0.664,1.93,0.594,3,5,5.66,0,4,2,4.0,1,6.01,1
STU1221,Arjun Sharma,Civil Eng.,3,0.769,8.02,0.495,7,13,10.0,0,2,0,1.6,1,5.61,0
STU1222,Aditya Verma,Electronics,1,0.905,3.96,0.766,6,9,1.77,0,1,1,4.7,0,3.9,1
STU1223,Aarav Mishra,Computer Science,7,0.621,4.06,0.559,5,5,6.87,0,4,2,22.9,1,7.8,1
STU1224,Rohan Joshi,Computer Science,1,0.854,1.69,0.9,7,1,2.27,0,5,2,5.8,0,3.02,1
STU1225,Amit Reddy,Mechanical Eng.,7,0.85,3.16,0.704,7,5,4.56,0,2,1,16.5,1,5.86,1
STU1226,Sai Singh,Civil Eng.,2,0.924,4.4,0.913,8,8,7.68,0,2,0,2.3,0,9.23,0
STU1227,Amit Joshi,Biotechnology,4,0.995,4.22,0.69,6,6,5.63,0,2,0,6.6,1,5.8,1
STU1228,Amit Rao,Information Tech.,3,0.802,4.8,0.838,5,5,3.34,1,3,1,1.5,0,3.23,1
STU1229,Suresh Patel,Electronics,4,0.584,2.65,0.436,3,6,4.07,1,2,0,1.8,1,5.72,1
STU1230,Arjun Pandey,Information Tech.,3,0.777,4.73,0.712,3,7,6.86,1,2,2,11.5,0,8.28,0
STU1231,Kavya Patel,Mechanical Eng.,6,0.598,1.66,0.579,6,5,4.04,0,3,1,11.2,1,3.88,1
STU1232,Aarav Singh,Mechanical Eng.,3,0.646,3.28,0.603,4,6,5.93,0,3,2,2.9,0,8.92,1
STU1233,Suresh Mishra,Computer Science,1,0.783,4.13,0.694,2,7,5.59,1,2,1,7.7,1,8.05,0
STU1234,Arjun Yadav,Computer Science,2,0.726,4.09,0.529,0,7,4.2,0,3,2,23.9,1,6.89,1
STU1235,Vihaan Patel,Biotechnology,1,0.671,4.03,0.515,9,6,9.79,0,3,2,2.3,1,8.98,1
STU1236,Amit Patel,Biotechnology,4,0.711,3.5,0.739,2,6,6.77,0,1,2,0.5,0,7.26,1
STU1237,Sai Mehta,Computer Science,1,0.833,4.19,0.69,3,5,1.45,1,1,1,12.7,1,6.04,1
STU1238,Aditya Singh,Electrical Eng.,2,0.921,5.16,0.819,7,9,5.87,0,4,0,0.7,1,6.89,0
STU1239,Kavya Verma,Mechanical Eng.,5,0.548,3.5,0.344,2,8,4.18,0,1,1,46.9,1,7.84,1
STU1240,Aarav Yadav,Civil Eng.,1,0.623,1.48,0.646,5,3,7.2,1,4,1,11.3,1,9.49,1
STU1241,Aditya Joshi,Mechanical Eng.,4,0.831,6.19,0.616,8,12,3.91,1,5,2,7.6,0,4.7,0
STU1242,Priya Singh,Mechanical Eng.,2,0.6,3.56,0.632,8,7,5.27,1,2,1,6.7,1,5.32,1
STU1243,Rahul Gupta,Information Tech.,8,0.729,3.58,0.55,4,7,6.51,0,2,2,10.2,1,6.25,1
STU1244,Karan Gupta,Biotechnology,4,0.759,3.54,0.785,4,7,7.23,0,3,2,1.1,1,6.07,1
STU1245,Amit Pandey,Computer Science,6,0.798,3.38,0.719,4,8,3.1,1,4,1,31.9,0,7.97,0
STU1246,Vihaan Singh,Mechanical Eng.,3,0.766,3.91,0.633,4,6,4.83,0,5,1,11.8,0,3.75,1
STU1247,Ananya Rao,Electrical Eng.,2,0.675,4.51,0.767,7,8,4.55,0,4,0,2.4,0,7.34,1
STU1248,Rohan Gupta,Electronics,3,0.927,2.15,0.828,2,6,4.19,0,1,0,9.9,0,8.75,0
STU1249,Karan Verma,Computer Science,2,0.873,4.33,0.749,6,7,9.03,0,3,2,1.7,0,6.67,0
STU1250,Reyan Kumar,Electrical Eng.,5,0.92,6.33,0.918,4,10,6.31,0,3,2,0.5,0,9.54,0
STU1251,Reyan Verma,Information Tech.,8,0.847,3.16,0.614,7,5,2.98,1,3,1,11.9,0,7.98,0
STU1252,Sai Pandey,Mechanical Eng.,5,0.789,3.99,0.457,7,6,7.34,0,1,1,12.5,1,6.57,0
STU1253,Aditya Singh,Computer Science,2,0.906,3.79,0.931,4,6,9.74,0,2,1,10.5,1,9.4,0
STU1254,Pooja Yadav,Information Tech.,3,0.802,4.88,0.638,4,6,7.56,0,4,1,2.4,0,5.78,0
STU1255,Vivaan Singh,Electronics,6,0.759,3.98,0.77,6,7,2.46,1,3,0,11.1,0,3.76,1
STU1256,Reyan Patel,Electronics,3,0.853,4.41,0.772,7,8,4.53,0,2,2,0.7,0,5.52,1
STU1257,Vihaan Kumar,Computer Science,4,0.953,4.1,0.741,0,8,8.03,0,2,1,11.3,0,9.84,1
STU1258,Reyan Sharma,Information Tech.,2,0.928,3.66,0.896,7,5,4.08,0,4,1,9.7,1,5.4,0
STU1259,Sneha Sharma,Mechanical Eng.,3,0.908,5.92,0.776,8,8,6.39,0,4,0,12.8,1,6.99,0
STU1260,Reyan Kumar,Computer Science,2,0.878,5.4,0.682,5,10,7.05,0,2,1,27.1,1,5.31,1
STU1261,Karan Mishra,Electrical Eng.,5,0.77,2.15,0.588,6,4,3.65,1,1,1,22.8,0,7.65,1
STU1262,Amit Kumar,Biotechnology,3,0.741,0.56,0.493,7,4,5.38,0,2,1,47.3,0,8.11,1
STU1263,Sneha Mehta,Biotechnology,3,0.862,2.66,0.816,5,4,1.0,1,5,1,44.9,1,4.03,1
STU1264,Vivaan Kumar,Civil Eng.,5,0.731,3.99,0.565,6,7,3.45,1,3,1,17.8,0,1.86,1
STU1265,Arjun Kumar,Biotechnology,8,0.846,2.19,0.758,5,6,4.99,0,3,1,37.6,0,5.85,1
STU1266,Riya Rao,Electrical Eng.,6,0.757,2.89,0.663,4,1,3.0,0,3,2,24.2,1,6.7,1
STU1267,Ishita Mishra,Computer Science,4,0.851,4.31,0.671,3,8,8.76,0,2,1,15.6,0,7.61,1
STU1268,Rohan Mishra,Mechanical Eng.,2,0.883,2.92,0.642,5,7,2.64,0,4,2,0.9,0,5.94,1
STU1269,Reyan Patel,Mechanical Eng.,2,0.799,2.73,0.972,8,5,4.62,0,3,2,0.6,0,7.02,1
STU1270,Nikhil Kumar,Electronics,2,0.921,5.28,0.824,3,9,5.76,0,1,1,21.8,0,5.81,1
STU1271,Pooja Yadav,Computer Science,7,0.741,4.69,0.849,6,6,8.38,0,1,1,8.1,0,5.26,1
STU1272,Sai Mehta,Computer Science,2,0.849,1.73,0.881,5,5,2.63,1,3,3,20.2,0,7.12,1
STU1273,Reyan Rao,Civil Eng.,6,0.901,5.45,0.779,8,12,7.83,0,5,2,4.5,0,5.76,0
STU1274,Sneha Singh,Computer Science,1,0.701,2.14,0.649,8,1,5.52,0,2,1,6.1,0,4.49,1
STU1275,Rahul Joshi,Electrical Eng.,5,0.916,4.6,0.84,3,7,3.54,0,4,1,14.5,1,6.96,0
STU1276,Karan Rao,Computer Science,7,1.0,5.12,1.0,4,9,6.42,0,4,0,29.6,1,4.94,0
STU1277,Aarav Gupta,Civil Eng.,8,0.677,5.44,0.692,3,10,5.9,0,2,0,1.1,0,5.3,1
STU1278,Suresh Gupta,Information Tech.,7,0.628,3.1,0.484,3,4,4.3,0,1,1,23.7,0,9.13,1
STU1279,Karan Verma,Information Tech.,4,1.0,3.1,0.935,4,5,5.64,0,1,3,18.9,0,9.55,0
STU1280,Rohan Kumar,Computer Science,5,0.792,3.52,0.793,5,5,4.73,0,4,2,4.5,1,8.56,1
STU1281,Aarav Yadav,Civil Eng.,8,0.768,3.62,0.573,3,5,5.73,0,2,2,5.3,1,8.08,1
STU1282,Arjun Kumar,Computer Science,2,0.717,3.26,0.694,3,6,6.82,0,2,0,0.6,0,9.13,1
STU1283,Vivaan Gupta,Computer Science,7,0.903,3.94,0.947,3,5,8.67,0,3,1,0.5,1,10.0,0
STU1284,Amit Singh,Civil Eng.,1,1.0,2.47,0.814,6,5,3.02,1,4,1,7.8,0,7.88,0
STU1285,Sai Sharma,Civil Eng.,1,0.661,3.53,0.523,4,5,9.77,0,1,2,1.2,1,8.38,1
STU1286,Kavya Patel,Computer Science,5,0.72,3.29,0.764,4,6,1.6,1,3,0,2.6,0,7.05,1
STU1287,Riya Reddy,Mechanical Eng.,8,0.698,3.5,0.593,3,5,5.2,0,3,1,22.5,0,5.72,1
STU1288,Nikhil Joshi,Mechanical Eng.,3,0.833,3.63,0.652,1,6,6.68,1,3,3,10.2,0,7.27,0
STU1289,Rohan Mishra,Mechanical Eng.,7,0.846,2.49,0.85,8,3,6.06,0,4,3,12.0,0,7.16,0
STU1290,Aarav Kumar,Mechanical Eng.,6,0.87,1.88,0.841,4,6,4.25,0,2,3,2.5,0,6.03,1
STU1291,Pooja Nair,Information Tech.,4,0.926,5.85,0.843,10,9,5.08,0,4,0,21.2,0,5.96,0
STU1292,Priya Pandey,Mechanical Eng.,7,1.0,2.6,1.0,7,5,4.51,0,3,3,24.3,1,8.67,0
STU1293,Riya Nair,Mechanical Eng.,8,0.692,4.03,0.743,8,7,4.32,0,3,2,8.9,0,4.58,1
STU1294,Vivaan Gupta,Computer Science,1,0.674,4.35,0.598,6,7,7.2,0,3,2,29.2,1,7.43,1
STU1295,Aditya Reddy,Electronics,6,0.798,0.53,0.915,5,3,6.21,0,3,3,22.4,1,4.54,1
STU1296,Vihaan Joshi,Civil Eng.,2,0.83,5.39,0.905,3,10,4.11,0,1,2,15.8,0,2.62,1
STU1297,Sneha Mishra,Mechanical Eng.,7,0.635,5.01,0.373,2,8,7.3,0,3,0,15.9,0,9.34,1
STU1298,Reyan Rao,Electrical Eng.,3,0.679,2.91,0.508,7,4,6.11,0,3,0,1.3,1,9.15,1
STU1299,Riya Kumar,Electronics,7,0.795,4.1,0.49,5,7,7.13,0,3,2,3.8,0,6.26,1
STU1300,Arjun Rao,Mechanical Eng.,7,0.628,2.65,0.533,5,4,6.76,0,2,2,0.8,0,7.12,1
STU1301,Rahul Reddy,Electrical Eng.,4,0.692,5.34,0.502,6,8,3.84,1,5,0,0.5,1,5.63,1
STU1302,Reyan Mishra,Computer Science,8,0.664,2.22,0.516,5,3,4.38,0,3,2,2.1,1,5.8,2
STU1303,Priya Gupta,Information Tech.,2,0.611,3.47,0.659,3,8,6.99,0,1,0,25.5,0,6.22,1
STU1304,Aarav Mishra,Mechanical Eng.,5,0.802,3.14,0.546,7,5,6.72,0,3,0,3.3,1,7.84,1
STU1305,Kavya Joshi,Mechanical Eng.,6,0.516,3.73,0.477,4,8,5.46,0,4,1,42.1,1,5.95,1
STU1306,Vihaan Sharma,Civil Eng.,1,0.825,5.36,0.755,5,8,5.73,0,4,0,10.9,1,7.47,0
STU1307,Vihaan Rao,Electrical Eng.,5,0.925,6.56,0.824,6,11,8.06,0,3,1,3.3,1,10.0,0
STU1308,Aditya Rao,Electrical Eng.,3,0.702,2.82,0.645,4,4,4.32,0,4,3,8.2,0,7.0,1
STU1309,Sai Patel,Biotechnology,1,0.908,4.43,0.594,1,4,6.59,0,2,1,3.0,0,7.2,1
STU1310,Vihaan Pandey,Mechanical Eng.,8,0.581,3.63,0.442,6,4,5.1,1,3,2,49.6,1,5.5,1
STU1311,Suresh Kumar,Biotechnology,2,0.61,2.34,0.703,7,9,5.06,1,4,0,22.5,1,6.49,1
STU1312,Sneha Pandey,Electronics,3,0.849,7.22,0.644,1,10,7.7,0,4,0,0.5,1,4.3,0
STU1313,Vihaan Reddy,Information Tech.,4,0.917,5.78,0.992,3,11,7.15,0,3,2,35.4,1,9.92,0
STU1314,Aditya Rao,Mechanical Eng.,6,0.801,4.37,0.58,9,5,7.13,0,4,1,15.3,1,5.41,0
STU1315,Ananya Gupta,Computer Science,2,1.0,6.33,0.747,5,10,8.11,0,1,0,1.0,1,3.98,0
STU1316,Arjun Joshi,Electrical Eng.,7,0.708,5.12,0.542,4,9,5.54,0,4,2,13.3,0,6.47,1
STU1317,Amit Sharma,Mechanical Eng.,4,0.599,4.16,0.652,3,11,6.86,0,2,3,12.5,0,7.7,1
STU1318,Sneha Sharma,Computer Science,1,0.969,3.85,0.817,3,6,4.88,1,2,1,3.0,1,8.85,0
STU1319,Karan Reddy,Computer Science,4,0.655,5.66,0.624,4,8,6.15,1,2,0,17.0,1,7.29,0
STU1320,Arjun Patel,Computer Science,6,0.779,2.44,0.709,7,5,5.24,0,3,1,1.1,0,8.24,1
STU1321,Riya Mehta,Mechanical Eng.,1,0.711,5.72,0.635,4,7,5.69,0,2,0,8.1,0,8.38,1
STU1322,Riya Pandey,Biotechnology,4,0.501,3.74,0.578,5,7,6.69,0,2,2,0.5,1,8.5,1
STU1323,Rahul Nair,Civil Eng.,5,0.755,4.99,0.756,8,8,3.86,1,1,2,41.6,0,4.12,1
STU1324,Priya Mishra,Mechanical Eng.,6,0.904,4.9,0.699,4,7,9.68,0,2,1,16.7,1,8.83,0
STU1325,Arjun Kumar,Electronics,5,0.591,3.45,0.505,5,7,3.49,0,3,2,2.1,0,3.55,2
STU1326,Rohan Reddy,Civil Eng.,3,0.784,2.88,0.88,7,6,3.07,0,3,2,5.0,0,9.51,0
STU1327,Ananya Verma,Electrical Eng.,8,0.84,3.71,0.788,3,8,7.82,1,2,1,2.1,0,8.6,0
STU1328,Vivaan Patel,Computer Science,6,0.599,3.8,0.389,5,9,7.08,0,4,1,17.5,1,6.0,1
STU1329,Rahul Singh,Biotechnology,6,0.8,5.68,0.576,8,8,6.75,0,4,2,0.7,0,7.7,0
STU1330,Arjun Reddy,Civil Eng.,8,0.839,1.25,0.844,4,3,6.76,0,4,3,22.0,1,5.21,1
STU1331,Priya Joshi,Electrical Eng.,4,0.764,2.16,0.758,7,3,5.48,0,2,0,34.2,1,3.84,1
STU1332,Karan Gupta,Electrical Eng.,1,0.658,2.24,0.5,4,5,3.71,0,4,1,13.5,0,7.69,1
STU1333,Priya Mehta,Electronics,2,0.746,2.4,0.746,8,4,5.65,0,2,1,2.9,0,4.93,1
STU1334,Aditya Singh,Computer Science,1,0.72,5.06,0.808,1,9,4.15,0,1,2,5.4,0,5.92,1
STU1335,Sai Kumar,Electrical Eng.,8,0.963,5.74,1.0,5,11,7.45,0,2,1,7.8,0,7.61,0
STU1336,Rohan Reddy,Computer Science,5,0.904,4.27,0.974,2,6,5.21,0,4,1,11.1,0,6.23,0
STU1337,Reyan Sharma,Computer Science,8,0.71,2.39,0.695,3,4,3.85,1,2,2,13.3,0,4.3,1
STU1338,Rahul Mishra,Electrical Eng.,6,0.83,5.06,0.729,3,10,4.86,0,1,1,9.7,1,6.57,0
STU1339,Arjun Verma,Mechanical Eng.,2,0.56,1.99,0.464,4,5,6.33,0,1,1,5.2,1,7.16,1
STU1340,Arjun Joshi,Electronics,4,0.673,5.88,0.604,2,10,4.37,0,4,2,26.6,1,7.88,1
STU1341,Priya Nair,Biotechnology,6,0.648,2.34,0.496,4,4,3.86,1,3,0,1.0,0,10.0,1
STU1342,Aditya Kumar,Information Tech.,6,0.729,3.48,0.62,5,4,5.99,0,2,0,7.5,0,3.24,1
STU1343,Amit Pandey,Electrical Eng.,8,0.859,3.28,0.9,2,5,5.99,0,3,0,17.9,0,5.36,1
STU1344,Aarav Singh,Mechanical Eng.,5,0.793,2.06,0.553,3,3,4.49,0,3,1,0.8,0,6.75,1
STU1345,Priya Sharma,Civil Eng.,8,0.849,5.68,0.61,10,10,4.56,1,3,1,14.7,0,8.19,0
STU1346,Rahul Reddy,Computer Science,4,0.932,4.74,0.922,6,8,5.96,0,2,1,20.6,0,7.41,0
STU1347,Rahul Singh,Biotechnology,5,0.656,4.24,0.556,1,6,2.6,1,4,1,13.0,0,7.8,1
STU1348,Rahul Nair,Biotechnology,8,0.783,1.34,0.512,2,3,2.69,1,2,1,0.5,1,3.14,1
STU1349,Aarav Kumar,Biotechnology,4,0.643,3.44,0.572,5,7,4.06,0,3,0,2.4,1,5.65,1
STU1350,Aditya Patel,Civil Eng.,8,0.915,4.15,0.803,5,6,5.07,0,1,1,5.0,1,9.15,0
STU1351,Ishita Mehta,Electrical Eng.,5,0.765,4.16,0.645,3,6,6.12,0,2,1,3.2,1,5.29,1
STU1352,Arjun Kumar,Electronics,8,0.486,3.14,0.506,8,9,8.45,0,2,1,39.4,1,2.32,1
STU1353,Riya Sharma,Mechanical Eng.,3,0.906,5.46,0.682,10,8,7.22,0,3,0,12.7,1,5.69,0
STU1354,Ananya Pandey,Information Tech.,1,0.845,3.7,0.762,4,7,5.18,0,1,0,4.2,0,7.34,1
STU1355,Reyan Rao,Computer Science,1,0.645,2.49,0.559,6,6,5.46,0,4,0,31.9,1,6.51,1
STU1356,Kavya Pandey,Information Tech.,7,0.588,0.82,0.533,6,1,3.49,1,2,0,16.2,1,3.74,1
STU1357,Ishita Mishra,Information Tech.,4,0.756,4.37,0.507,7,6,5.46,0,3,2,4.0,1,5.34,1
STU1358,Karan Rao,Computer Science,8,0.626,6.42,0.511,3,11,4.92,0,4,0,5.7,0,4.08,1
STU1359,Karan Reddy,Electrical Eng.,4,0.421,2.63,0.381,8,5,6.15,0,3,0,2.7,0,4.66,1
STU1360,Suresh Verma,Information Tech.,2,0.891,3.36,0.856,5,4,3.85,1,4,1,42.5,0,4.57,1
STU1361,Amit Mehta,Biotechnology,2,0.713,5.29,0.826,5,9,6.54,0,3,1,8.7,1,7.15,0
STU1362,Rahul Patel,Information Tech.,1,0.944,3.05,0.931,5,5,8.57,0,2,1,27.2,0,3.27,0
STU1363,Sneha Patel,Biotechnology,8,0.885,3.01,0.842,4,6,5.28,0,4,0,5.1,0,9.04,1
STU1364,Sneha Verma,Biotechnology,1,0.902,2.86,0.939,5,9,6.3,0,2,2,23.7,1,6.7,1
STU1365,Aditya Joshi,Biotechnology,3,0.732,5.25,0.628,2,9,6.88,1,3,1,0.7,0,5.07,0
STU1366,Aditya Mishra,Electrical Eng.,4,0.607,5.0,0.702,0,9,4.7,0,4,1,48.3,0,4.66,1
STU1367,Nikhil Singh,Mechanical Eng.,4,0.629,3.98,0.678,4,6,5.95,0,2,1,29.2,0,5.64,1
STU1368,Reyan Sharma,Civil Eng.,1,0.652,2.65,0.543,3,3,5.53,0,2,0,5.4,0,6.67,1
STU1369,Nikhil Reddy,Computer Science,4,0.442,3.18,0.59,5,7,5.7,0,3,2,17.9,1,6.98,1
STU1370,Pooja Singh,Electrical Eng.,2,0.64,2.43,0.621,5,4,3.95,1,4,2,16.7,0,5.84,1
STU1371,Priya Sharma,Civil Eng.,4,0.675,2.49,0.827,4,5,5.55,1,5,0,27.8,1,5.3,0
STU1372,Vihaan Patel,Information Tech.,2,0.598,3.83,0.568,7,9,6.5,1,3,1,4.4,0,6.93,1
STU1373,Rahul Reddy,Mechanical Eng.,8,0.684,5.21,0.559,4,8,8.4,0,3,2,7.5,1,3.79,1
STU1374,Arjun Singh,Civil Eng.,5,0.766,4.81,0.613,2,10,7.42,0,5,1,24.0,0,5.04,0
STU1375,Ishita Patel,Information Tech.,4,0.84,4.93,0.72,4,8,9.81,0,1,1,18.1,0,6.72,0
STU1376,Kavya Nair,Electrical Eng.,5,0.623,3.26,0.504,7,5,3.97,1,2,2,6.0,0,3.77,1
STU1377,Reyan Gupta,Civil Eng.,7,0.798,4.08,0.845,1,7,7.24,0,4,0,22.4,1,6.78,0
STU1378,Sai Nair,Electronics,8,0.705,2.2,0.631,4,4,5.87,1,4,2,0.6,1,4.35,1
STU1379,Kavya Singh,Mechanical Eng.,7,0.812,5.16,0.569,6,10,9.88,1,4,1,18.3,0,10.0,0
STU1380,Vihaan Patel,Computer Science,1,0.62,2.46,0.58,10,7,3.88,1,3,3,2.8,0,3.54,1
STU1381,Vivaan Mehta,Electronics,4,0.501,1.53,0.464,6,4,3.82,1,1,2,4.0,0,8.87,1
STU1382,Aarav Sharma,Mechanical Eng.,7,0.953,3.74,0.811,5,8,4.3,0,3,1,8.2,1,2.68,0
STU1383,Kavya Mishra,Mechanical Eng.,6,0.741,1.64,0.694,6,4,1.25,1,2,2,7.2,0,8.98,1
STU1384,Reyan Joshi,Biotechnology,6,0.865,3.61,0.774,1,8,4.45,0,2,3,8.8,1,7.39,1
STU1385,Rohan Kumar,Electrical Eng.,3,0.758,4.21,0.746,2,11,3.98,1,4,1,9.4,0,7.62,0
STU1386,Sneha Yadav,Biotechnology,6,0.684,2.6,0.673,6,9,5.8,0,1,0,4.8,1,4.28,1
STU1387,Pooja Kumar,Computer Science,6,0.818,3.97,0.772,5,6,6.18,0,4,2,2.3,0,6.27,0
STU1388,Rohan Joshi,Mechanical Eng.,8,0.484,2.6,0.306,5,6,9.25,0,3,0,17.6,0,7.31,2
STU1389,Ananya Nair,Electronics,6,0.709,6.06,0.85,4,8,7.4,0,3,0,6.1,1,7.04,0
STU1390,Reyan Joshi,Computer Science,6,0.571,1.67,0.358,4,5,4.35,0,1,1,8.5,1,8.59,1
STU1391,Kavya Nair,Mechanical Eng.,3,0.645,2.49,0.568,4,6,3.7,1,2,1,12.4,0,7.36,1
STU1392,Reyan Singh,Information Tech.,6,0.716,5.55,0.535,2,8,6.48,0,1,2,28.8,0,6.65,1
STU1393,Reyan Gupta,Electronics,5,0.743,2.58,0.708,4,7,2.86,1,5,1,14.8,0,7.66,1
STU1394,Rohan Patel,Mechanical Eng.,7,0.742,3.31,0.682,2,6,9.16,0,4,0,0.6,1,9.88,0
STU1395,Reyan Sharma,Mechanical Eng.,8,0.976,5.21,0.861,4,7,7.86,0,3,1,21.9,1,6.34,0
STU1396,Reyan Mishra,Electrical Eng.,3,1.0,4.2,1.0,7,8,4.56,0,2,2,54.5,0,5.29,0
STU1397,Rohan Pandey,Electronics,2,0.523,1.86,0.582,4,4,2.07,1,5,3,7.7,0,9.51,1
STU1398,Arjun Nair,Computer Science,1,0.771,3.83,0.661,6,7,8.21,0,2,1,41.9,0,7.03,1
STU1399,Priya Yadav,Electrical Eng.,6,0.74,3.06,0.746,5,8,5.27,1,2,0,9.5,0,5.42,0
STU1400,Ishita Pandey,Computer Science,6,0.764,4.14,0.844,4,6,7.98,1,3,1,7.4,0,7.11,0
STU1401,Reyan Nair,Mechanical Eng.,7,0.487,0.42,0.548,2,4,2.31,1,5,0,4.8,0,7.63,2
STU1402,Vivaan Verma,Computer Science,2,0.613,3.07,0.538,3,5,4.3,0,1,0,12.9,1,7.58,1
STU1403,Sneha Gupta,Mechanical Eng.,1,0.861,5.79,0.616,5,7,5.51,0,2,1,3.1,0,6.43,1
STU1404,Sai Mishra,Mechanical Eng.,8,0.591,2.6,0.564,5,5,5.59,0,5,1,1.3,0,7.78,1
STU1405,Riya Mishra,Electronics,3,0.726,2.68,0.721,5,9,4.6,0,2,1,0.5,0,6.83,1
STU1406,Aditya Sharma,Mechanical Eng.,1,0.675,2.6,0.53,6,6,6.75,1,1,2,4.2,1,6.77,1
STU1407,Riya Joshi,Civil Eng.,6,0.767,3.74,0.692,1,7,3.36,1,3,1,6.0,0,5.47,1
STU1408,Ishita Sharma,Electrical Eng.,2,0.686,5.01,0.609,6,7,5.22,1,4,0,9.6,0,6.83,0
STU1409,Ishita Kumar,Information Tech.,8,0.824,5.14,0.881,2,8,5.74,0,3,0,4.2,0,5.97,0
STU1410,Riya Reddy,Mechanical Eng.,5,0.593,2.46,0.719,6,3,6.53,0,5,1,49.7,0,7.09,1
STU1411,Sai Mishra,Biotechnology,5,0.806,4.68,0.843,6,10,6.92,0,3,3,4.1,0,6.99,1
STU1412,Priya Reddy,Mechanical Eng.,4,0.949,4.7,0.845,1,8,3.25,1,1,2,7.0,0,3.36,0
STU1413,Vivaan Singh,Civil Eng.,6,0.765,3.34,0.803,6,6,2.43,1,5,1,1.3,0,4.78,0
STU1414,Vivaan Kumar,Civil Eng.,2,0.838,4.99,0.819,7,8,8.06,0,3,0,3.6,1,6.95,0
STU1415,Karan Kumar,Electrical Eng.,2,0.829,3.28,0.739,7,9,6.16,0,2,0,0.6,1,10.0,0
STU1416,Nikhil Pandey,Information Tech.,7,0.57,3.47,0.722,3,7,4.0,0,3,2,9.8,0,5.91,2
STU1417,Suresh Pandey,Computer Science,5,1.0,6.06,0.826,5,9,8.6,0,2,2,16.7,1,8.07,0
STU1418,Nikhil Gupta,Civil Eng.,8,0.638,4.11,0.634,6,10,5.73,0,1,0,2.6,1,10.0,1
STU1419,Vihaan Rao,Electrical Eng.,3,0.82,2.86,0.822,6,5,7.86,0,1,3,5.5,1,4.51,1
STU1420,Kavya Joshi,Electrical Eng.,5,0.815,3.14,0.705,5,3,5.64,0,3,1,0.5,1,3.93,1
STU1421,Arjun Patel,Mechanical Eng.,4,0.745,6.34,0.727,4,7,9.62,0,4,0,22.0,1,6.49,0
STU1422,Suresh Kumar,Computer Science,4,0.925,5.09,0.927,7,8,9.01,1,3,0,18.2,1,7.1,0
STU1423,Arjun Gupta,Civil Eng.,2,0.805,3.64,0.749,7,7,5.0,0,5,2,0.8,1,6.08,0
STU1424,Sneha Kumar,Computer Science,2,0.97,3.57,0.92,5,8,7.44,0,2,1,5.4,1,6.31,0
STU1425,Ishita Pandey,Information Tech.,4,0.842,5.46,0.768,3,7,6.79,0,2,2,37.3,1,4.82,0
STU1426,Riya Mishra,Electrical Eng.,2,0.846,6.47,0.841,3,9,8.24,1,2,0,6.0,1,9.22,0
STU1427,Vivaan Rao,Civil Eng.,6,0.722,4.59,0.627,7,6,3.57,1,2,1,9.0,0,5.25,1
STU1428,Pooja Mehta,Computer Science,1,0.623,5.79,0.529,6,11,6.87,0,2,0,5.3,1,9.19,1
STU1429,Rahul Patel,Computer Science,8,0.716,3.85,0.646,4,9,7.62,0,4,0,10.9,1,5.45,1
STU1430,Rohan Nair,Mechanical Eng.,4,0.647,1.99,0.7,4,7,1.98,1,5,0,45.9,0,9.12,1
STU1431,Ananya Reddy,Electronics,4,0.742,2.75,0.493,1,6,3.13,1,5,2,71.9,0,2.94,2
STU1432,Ananya Rao,Electrical Eng.,2,0.528,2.47,0.384,4,8,1.42,1,2,2,17.9,0,5.4,2
STU1433,Priya Mishra,Mechanical Eng.,1,0.78,5.21,0.929,2,7,4.96,0,4,0,6.2,1,4.69,1
STU1434,Vivaan Joshi,Information Tech.,8,0.888,5.48,0.827,5,9,6.94,0,2,1,8.2,1,7.14,0
STU1435,Reyan Pandey,Computer Science,7,0.889,5.2,0.759,7,7,8.5,1,1,2,5.3,1,5.79,0
STU1436,Suresh Mehta,Mechanical Eng.,6,0.456,1.98,0.49,2,5,5.65,1,4,1,50.9,1,2.83,2
STU1437,Rahul Sharma,Electronics,4,0.789,2.6,0.631,5,6,8.76,0,3,3,14.8,0,6.22,1
STU1438,Vihaan Rao,Computer Science,8,0.695,3.11,0.415,6,2,2.74,1,2,3,7.2,0,8.69,1
STU1439,Rohan Joshi,Mechanical Eng.,7,0.725,3.68,0.688,5,8,2.09,0,3,1,0.5,0,3.83,1
STU1440,Riya Mehta,Electrical Eng.,1,0.457,3.52,0.338,3,8,5.39,0,2,2,8.8,0,7.53,2
STU1441,Vihaan Nair,Information Tech.,4,1.0,6.18,0.91,5,9,6.27,0,4,1,49.6,1,6.89,0
STU1442,Rahul Patel,Mechanical Eng.,1,0.714,2.33,0.676,6,5,5.43,1,3,1,8.9,0,5.81,0
STU1443,Pooja Singh,Computer Science,5,0.455,0.96,0.423,4,1,1.37,0,5,1,2.4,1,9.09,2
STU1444,Pooja Sharma,Biotechnology,4,0.757,2.8,0.51,5,4,5.32,0,1,0,0.5,1,6.03,1
STU1445,Nikhil Reddy,Electrical Eng.,7,0.722,2.02,0.653,7,7,2.89,1,2,3,5.3,0,6.17,1
STU1446,Riya Verma,Computer Science,8,0.934,4.68,0.885,6,6,6.84,0,3,2,30.0,1,7.21,0
STU1447,Ananya Gupta,Mechanical Eng.,1,0.697,3.36,0.488,2,6,6.23,0,3,0,68.0,1,9.7,1
STU1448,Ananya Pandey,Electrical Eng.,5,0.651,1.23,0.434,6,1,3.62,0,2,2,34.9,0,3.39,2
STU1449,Rahul Mishra,Computer Science,7,0.699,4.41,0.522,6,8,4.47,0,4,1,15.7,0,10.0,1
STU1450,Rohan Mehta,Electronics,2,0.708,0.9,0.712,2,4,3.38,0,4,3,9.8,0,8.75,2
STU1451,Karan Reddy,Electrical Eng.,7,0.599,2.33,0.339,0,6,5.37,0,5,1,10.7,1,7.33,1
STU1452,Sneha Mehta,Electronics,3,0.584,2.28,0.608,2,5,7.41,0,4,2,9.3,1,8.34,1
STU1453,Rahul Mehta,Mechanical Eng.,1,0.724,3.31,0.691,4,8,3.53,1,4,0,14.7,0,5.65,1
STU1454,Aditya Joshi,Electrical Eng.,7,0.62,4.18,0.532,6,6,6.51,1,3,1,6.5,1,7.22,0
STU1455,Priya Mehta,Biotechnology,5,1.0,5.63,0.752,3,7,4.44,0,4,0,13.3,1,7.09,0
STU1456,Reyan Patel,Computer Science,8,1.0,4.27,0.82,6,6,3.91,1,2,0,1.6,0,4.54,0
STU1457,Aarav Gupta,Computer Science,6,0.758,5.32,0.761,0,6,5.29,1,2,1,3.7,1,9.32,0
STU1458,Karan Kumar,Biotechnology,4,0.569,3.38,0.637,4,6,3.43,1,2,2,21.7,0,6.43,1
STU1459,Vihaan Rao,Computer Science,5,0.726,2.15,0.55,4,4,4.39,0,3,4,28.1,1,6.57,1
STU1460,Vivaan Kumar,Information Tech.,3,0.666,3.09,0.713,9,6,3.1,0,2,2,9.3,1,4.37,1
STU1461,Rahul Sharma,Information Tech.,3,0.963,5.54,0.935,1,6,9.43,0,5,1,0.5,1,9.93,0
STU1462,Amit Mishra,Electrical Eng.,8,0.686,4.52,0.617,4,7,5.57,0,2,2,31.4,1,6.59,1
STU1463,Priya Pandey,Electronics,3,0.772,2.66,0.621,1,7,4.1,0,1,2,14.5,1,5.28,1
STU1464,Suresh Pandey,Computer Science,2,0.788,4.36,0.651,3,8,5.93,1,3,1,6.4,0,4.82,1
STU1465,Rohan Kumar,Electronics,8,0.617,2.46,0.738,1,2,5.28,0,1,1,10.9,0,6.29,1
STU1466,Sneha Reddy,Electronics,6,0.719,2.27,0.665,9,5,5.06,0,1,3,6.7,1,4.41,1
STU1467,Karan Yadav,Computer Science,1,0.813,2.68,0.864,4,4,6.73,0,2,2,7.5,1,7.64,1
STU1468,Priya Joshi,Electrical Eng.,7,0.776,4.13,0.722,4,7,7.02,0,3,2,26.1,1,8.5,0
STU1469,Suresh Rao,Biotechnology,6,0.688,1.92,0.574,4,4,4.44,1,3,0,2.1,1,5.62,1
STU1470,Ishita Gupta,Biotechnology,4,0.607,2.79,0.605,2,8,4.35,1,4,2,1.3,1,6.73,1
STU1471,Karan Nair,Biotechnology,1,0.92,4.57,1.0,7,8,4.95,0,4,0,0.5,1,8.68,0
STU1472,Amit Rao,Civil Eng.,1,0.768,1.07,0.627,6,4,1.0,1,3,0,4.5,0,4.99,1
STU1473,Arjun Pandey,Computer Science,7,0.636,2.14,0.664,6,4,2.47,1,2,3,1.9,0,5.55,1
STU1474,Aarav Gupta,Electrical Eng.,7,0.767,4.56,0.71,2,8,8.23,0,2,1,3.0,0,7.48,1
STU1475,Kavya Verma,Electronics,2,0.967,4.93,0.725,7,8,8.79,0,4,1,0.5,0,6.84,0
STU1476,Rahul Rao,Mechanical Eng.,7,0.58,2.9,0.375,6,7,5.0,0,1,1,3.1,0,5.87,2
STU1477,Ananya Rao,Information Tech.,4,0.87,4.94,0.738,4,7,6.65,1,1,0,4.9,1,5.61,0
STU1478,Ishita Singh,Information Tech.,6,0.715,4.55,0.678,6,10,6.12,0,4,0,0.5,0,7.61,0
STU1479,Aditya Sharma,Electronics,2,1.0,6.37,0.988,6,10,10.0,0,3,0,11.2,1,7.87,0
STU1480,Rohan Verma,Mechanical Eng.,4,0.777,4.22,0.542,1,7,7.74,0,1,0,10.1,0,8.4,1
STU1481,Sneha Yadav,Electronics,8,0.87,2.96,0.848,4,7,5.24,0,2,1,1.2,0,8.41,0
STU1482,Suresh Patel,Computer Science,6,0.599,2.26,0.527,3,5,3.59,1,5,3,10.8,0,4.19,1
STU1483,Vihaan Joshi,Mechanical Eng.,5,0.572,3.05,0.515,4,7,2.29,0,4,0,79.3,1,4.18,2
STU1484,Nikhil Reddy,Electronics,6,0.705,3.32,0.693,6,6,5.91,0,4,0,34.7,1,8.02,1
STU1485,Arjun Rao,Electronics,6,0.732,2.51,0.833,1,5,3.99,0,3,3,0.5,0,5.74,1
STU1486,Arjun Yadav,Mechanical Eng.,4,0.629,2.26,0.597,3,5,2.66,1,3,2,19.0,0,5.94,1
STU1487,Reyan Gupta,Biotechnology,2,0.789,2.44,0.574,3,4,4.21,0,5,0,5.2,1,6.41,1
STU1488,Reyan Patel,Mechanical Eng.,5,0.704,3.24,0.615,3,7,3.34,0,5,0,0.8,1,4.29,1
STU1489,Karan Mehta,Civil Eng.,4,0.469,2.97,0.507,2,8,8.87,0,2,2,4.2,1,8.57,2
STU1490,Karan Nair,Information Tech.,3,0.848,4.54,0.852,5,8,7.26,0,4,1,4.7,1,7.63,0
STU1491,Aarav Pandey,Electrical Eng.,2,0.672,4.46,0.672,5,9,5.48,0,2,2,8.9,0,4.83,1
STU1492,Nikhil Singh,Electrical Eng.,5,0.71,3.84,0.588,5,8,8.46,0,2,1,13.0,0,7.24,1
STU1493,Aditya Gupta,Computer Science,3,1.0,6.0,0.763,5,9,5.65,0,3,2,16.6,1,6.5,0
STU1494,Rahul Patel,Computer Science,5,0.939,3.15,0.904,6,7,3.78,1,3,2,3.4,0,7.48,0
STU1495,Aarav Verma,Computer Science,6,0.639,2.69,0.453,9,3,8.55,0,5,0,4.7,1,9.68,1
STU1496,Ishita Mishra,Electrical Eng.,4,0.815,3.64,0.803,5,7,6.58,0,1,1,4.4,0,6.96,1
STU1497,Riya Kumar,Electrical Eng.,4,0.658,3.1,0.661,6,4,3.43,0,3,1,5.4,0,3.0,1
STU1498,Karan Joshi,Information Tech.,5,0.729,4.07,0.609,6,7,5.12,0,5,0,80.0,0,7.84,1
STU1499,Reyan Verma,Computer Science,5,0.64,2.82,0.565,8,3,3.75,1,5,0,18.1,0,10.0,1
STU1500,Suresh Pandey,Electronics,4,0.457,1.61,0.431,5,6,2.73,1,2,0,44.3,0,7.11,2
STU1501,Riya Nair,Electronics,7,0.727,2.89,0.593,3,5,7.35,0,2,1,14.2,1,6.71,1
STU1502,Priya Joshi,Civil Eng.,8,0.795,4.01,0.577,5,8,9.32,0,3,1,6.3,1,8.52,1
STU1503,Karan Pandey,Mechanical Eng.,7,0.605,2.14,0.541,5,4,2.7,1,2,0,5.9,0,7.25,1
STU1504,Rohan Singh,Mechanical Eng.,1,0.836,2.63,0.759,6,2,6.63,1,5,2,8.0,0,7.19,0
STU1505,Ishita Yadav,Electronics,8,0.643,2.38,0.715,3,4,4.2,1,5,2,6.5,0,8.63,1
STU1506,Rahul Patel,Mechanical Eng.,8,0.689,4.15,0.542,7,6,4.53,1,2,3,21.1,1,4.32,1
STU1507,Vihaan Yadav,Mechanical Eng.,6,0.874,5.27,0.894,5,8,4.32,0,1,2,7.5,0,5.57,0
STU1508,Sneha Gupta,Biotechnology,5,0.576,4.04,0.404,6,9,3.77,1,1,3,4.2,0,6.96,1
STU1509,Sai Mehta,Biotechnology,1,0.919,5.25,0.692,5,11,5.6,0,5,3,17.9,1,7.94,0
STU1510,Nikhil Patel,Computer Science,8,0.725,4.32,0.622,5,7,3.84,1,2,1,23.1,0,5.17,1
STU1511,Riya Yadav,Electronics,7,0.911,4.81,0.726,5,6,6.04,0,3,1,6.5,0,6.0,0
STU1512,Rohan Joshi,Electrical Eng.,4,0.883,3.21,0.659,6,5,5.4,0,3,1,13.2,0,5.42,1
STU1513,Sneha Patel,Electrical Eng.,3,0.824,3.68,0.936,9,7,5.02,0,3,1,0.7,0,5.17,1
STU1514,Riya Pandey,Mechanical Eng.,8,0.607,2.6,0.501,0,5,3.68,0,1,0,9.0,1,7.04,2
STU1515,Nikhil Verma,Electrical Eng.,3,0.572,3.04,0.746,5,3,4.35,1,2,2,0.6,0,6.24,1
STU1516,Karan Mishra,Electrical Eng.,7,0.595,4.19,0.436,4,6,7.01,0,5,0,0.5,1,9.44,1
STU1517,Sai Nair,Electrical Eng.,7,0.925,4.81,0.661,4,10,6.5,0,5,0,11.4,0,4.98,0
STU1518,Vivaan Verma,Information Tech.,2,0.727,3.57,0.783,0,7,3.54,0,4,0,4.3,0,5.78,1
STU1519,Karan Rao,Mechanical Eng.,2,0.669,3.52,0.529,5,6,5.7,0,1,3,16.3,1,8.03,1
STU1520,Nikhil Rao,Civil Eng.,8,0.751,4.17,0.69,4,6,7.0,1,2,0,27.2,1,7.72,0
STU1521,Amit Nair,Information Tech.,4,0.856,3.17,0.635,3,5,2.16,1,3,3,1.8,0,3.67,1
STU1522,Kavya Joshi,Biotechnology,5,0.885,4.78,0.792,5,9,6.59,0,2,0,15.5,0,9.05,0
STU1523,Aditya Singh,Civil Eng.,3,0.71,1.43,0.502,4,4,4.17,0,5,2,8.7,1,6.43,2
STU1524,Ananya Joshi,Electrical Eng.,8,0.785,2.7,0.699,1,6,6.64,0,3,1,1.4,0,10.0,1
STU1525,Sneha Reddy,Information Tech.,7,0.802,4.52,0.675,5,8,3.97,0,1,1,12.7,0,5.95,1
STU1526,Aditya Mehta,Computer Science,5,0.736,2.49,0.685,6,5,1.89,1,5,5,11.3,0,7.65,1
STU1527,Sai Kumar,Civil Eng.,7,0.713,2.16,0.704,3,5,2.24,0,5,1,8.7,1,5.03,1
STU1528,Rohan Rao,Computer Science,1,0.734,3.36,0.685,5,5,5.6,0,1,0,31.3,1,6.25,1
STU1529,Vihaan Mehta,Civil Eng.,4,0.83,3.49,0.792,5,6,6.02,0,3,1,8.8,0,7.7,0
STU1530,Vivaan Sharma,Electronics,6,0.794,3.78,0.704,7,9,3.69,1,2,2,55.9,0,3.04,1
STU1531,Karan Yadav,Computer Science,2,0.602,2.7,0.499,4,5,6.78,0,2,4,8.5,1,3.4,1
STU1532,Ananya Joshi,Information Tech.,4,0.771,2.68,0.741,6,5,2.18,1,2,2,1.5,1,4.43,1
STU1533,Ishita Yadav,Computer Science,2,0.786,3.91,0.696,4,7,5.37,0,3,1,7.6,1,4.27,1
STU1534,Rahul Patel,Computer Science,4,0.809,3.4,0.721,9,4,3.08,1,5,1,2.4,0,1.86,1
STU1535,Karan Yadav,Information Tech.,4,0.729,3.53,0.695,4,7,4.2,0,3,1,10.9,1,7.6,1
STU1536,Kavya Verma,Computer Science,8,0.869,4.3,0.679,3,10,5.59,1,1,1,14.2,1,5.25,0
STU1537,Arjun Patel,Civil Eng.,8,0.69,2.45,0.764,4,4,3.78,1,3,1,7.6,0,5.52,1
STU1538,Pooja Gupta,Mechanical Eng.,2,0.778,2.29,0.676,3,5,4.73,1,2,2,1.2,1,6.67,1
STU1539,Rohan Rao,Mechanical Eng.,1,0.833,7.2,0.762,2,11,7.51,0,4,0,7.6,1,8.16,0
STU1540,Amit Patel,Civil Eng.,4,0.671,2.94,0.6,6,5,4.35,0,3,1,1.0,1,6.81,1
STU1541,Reyan Yadav,Computer Science,3,0.829,3.93,0.812,0,7,7.17,0,2,1,13.8,0,7.52,1
STU1542,Priya Yadav,Civil Eng.,4,0.712,3.79,0.674,3,8,3.24,1,2,1,18.7,1,6.82,1
STU1543,Karan Pandey,Biotechnology,5,1.0,5.88,0.895,2,7,6.56,0,4,1,39.4,1,6.07,0
STU1544,Arjun Rao,Information Tech.,8,0.822,3.86,0.885,5,8,8.38,0,2,0,1.9,1,6.23,0
STU1545,Kavya Yadav,Information Tech.,8,0.647,1.1,0.262,0,3,1.0,1,4,0,9.1,0,1.13,2
STU1546,Riya Kumar,Mechanical Eng.,3,0.766,1.68,0.813,6,1,3.91,1,2,0,10.1,0,7.32,0
STU1547,Suresh Joshi,Electronics,5,0.779,5.91,0.793,6,10,6.65,0,2,0,30.7,1,5.76,0
STU1548,Vivaan Patel,Electronics,2,0.802,2.28,0.538,1,5,5.09,0,3,1,11.8,0,10.0,1
STU1549,Vihaan Mehta,Information Tech.,2,0.861,3.84,0.868,5,5,6.24,0,5,2,1.9,0,8.2,0
STU1550,Karan Kumar,Mechanical Eng.,2,0.835,2.11,0.857,6,5,4.29,0,5,1,6.9,1,8.0,0
STU1551,Riya Pandey,Electronics,8,0.626,1.96,0.619,6,2,5.67,1,2,1,12.8,0,7.97,1
STU1552,Riya Verma,Mechanical Eng.,6,0.582,3.21,0.367,1,5,5.19,0,2,2,14.5,1,7.51,2
STU1553,Vivaan Yadav,Computer Science,5,0.656,3.23,0.658,1,6,7.84,0,1,2,23.9,1,8.21,1
STU1554,Rohan Pandey,Electrical Eng.,2,0.685,2.97,0.717,7,3,6.01,0,3,0,2.4,1,7.83,0
STU1555,Vihaan Mishra,Electronics,3,1.0,6.26,0.843,3,8,6.18,0,3,2,36.3,1,7.17,0
STU1556,Rohan Nair,Computer Science,8,1.0,3.91,0.944,4,5,4.68,0,5,4,0.7,1,5.29,0
STU1557,Rahul Pandey,Computer Science,7,0.82,4.48,0.703,6,7,4.52,0,5,0,49.4,1,4.24,0
STU1558,Ishita Pandey,Mechanical Eng.,2,0.776,4.38,0.787,2,8,4.63,0,2,1,23.4,1,7.15,1
STU1559,Amit Singh,Computer Science,7,0.709,3.77,0.606,4,5,6.29,0,3,0,13.0,0,9.21,1
STU1560,Vihaan Gupta,Mechanical Eng.,4,0.814,2.87,0.674,6,4,4.66,0,4,0,15.9,0,6.17,1
STU1561,Rohan Kumar,Biotechnology,5,1.0,4.12,0.896,2,7,6.08,0,4,1,0.9,1,7.1,0
STU1562,Nikhil Gupta,Electronics,5,1.0,5.1,0.766,4,8,9.65,0,1,2,0.5,1,5.52,0
STU1563,Aditya Nair,Mechanical Eng.,5,0.876,3.49,0.775,2,5,7.24,1,2,2,1.3,1,6.36,0
STU1564,Arjun Joshi,Mechanical Eng.,5,0.879,3.61,0.827,3,9,4.85,1,3,1,1.1,0,4.24,1
STU1565,Sneha Sharma,Biotechnology,8,0.841,3.52,0.844,7,7,7.9,0,2,1,9.5,0,5.28,1
STU1566,Aditya Sharma,Information Tech.,1,0.722,3.2,0.675,7,6,4.68,0,2,1,2.9,0,6.58,1
STU1567,Sai Patel,Civil Eng.,8,0.593,2.02,0.39,5,4,1.42,1,1,1,23.6,0,5.32,2
STU1568,Ananya Verma,Mechanical Eng.,2,0.658,1.52,0.728,5,5,3.48,1,3,3,7.1,1,7.46,1
STU1569,Sai Yadav,Electronics,4,0.651,0.0,0.729,5,3,1.76,0,2,2,14.3,1,6.91,1
STU1570,Aditya Kumar,Civil Eng.,4,0.518,2.31,0.478,3,2,4.8,1,1,1,12.7,1,4.87,1
STU1571,Nikhil Verma,Civil Eng.,6,0.815,5.83,0.658,5,8,5.54,0,2,1,4.6,0,3.18,0
STU1572,Rahul Sharma,Electronics,7,0.672,4.28,0.552,2,6,8.85,0,4,3,3.3,0,5.95,1
STU1573,Ishita Nair,Computer Science,5,0.913,4.78,0.801,3,8,6.15,1,4,2,5.0,0,5.57,0
STU1574,Rahul Patel,Biotechnology,4,0.573,0.97,0.543,4,4,5.06,0,3,0,19.1,0,7.51,1
STU1575,Rahul Gupta,Biotechnology,2,0.757,2.94,0.651,2,4,7.16,1,3,1,10.6,1,8.25,0
STU1576,Ananya Kumar,Mechanical Eng.,3,0.544,0.7,0.404,2,3,1.08,1,5,1,3.5,1,5.24,1
STU1577,Suresh Yadav,Biotechnology,4,0.934,3.55,0.943,3,9,5.97,1,2,4,20.4,0,8.12,0
STU1578,Sneha Verma,Electronics,6,0.677,7.02,0.635,7,10,7.04,0,2,0,0.7,1,10.0,0
STU1579,Pooja Mehta,Biotechnology,1,0.79,3.32,0.605,8,5,2.54,0,2,0,14.4,0,5.55,1
STU1580,Ishita Yadav,Information Tech.,5,0.702,6.37,0.661,4,8,7.79,0,2,0,6.9,1,6.92,0
STU1581,Nikhil Yadav,Computer Science,3,0.681,3.55,0.629,6,6,6.18,0,2,1,15.8,1,5.34,1
STU1582,Ananya Yadav,Mechanical Eng.,6,0.826,5.04,0.672,4,6,4.67,0,5,1,31.5,1,6.97,0
STU1583,Aarav Yadav,Mechanical Eng.,7,0.891,6.52,0.922,1,9,6.77,1,3,0,16.6,1,9.08,0
STU1584,Priya Verma,Computer Science,3,0.822,4.87,0.754,3,9,10.0,0,3,0,7.0,1,7.1,0
STU1585,Karan Joshi,Mechanical Eng.,5,0.743,3.11,0.647,4,6,5.86,0,5,0,2.0,1,6.06,1
STU1586,Riya Yadav,Mechanical Eng.,5,0.612,2.22,0.542,5,4,6.0,0,1,1,19.7,0,5.86,1
STU1587,Aarav Reddy,Mechanical Eng.,4,0.7,3.0,0.675,4,3,4.58,0,2,1,7.4,0,4.3,1
STU1588,Aarav Mishra,Mechanical Eng.,7,0.733,3.24,0.653,4,7,3.8,0,3,2,0.9,0,6.38,1
STU1589,Priya Pandey,Computer Science,5,0.887,6.59,0.79,4,9,7.16,0,3,0,15.2,1,7.45,0
STU1590,Vivaan Patel,Computer Science,8,0.655,1.58,0.696,5,4,3.79,0,1,0,4.1,0,6.06,1
STU1591,Rahul Pandey,Mechanical Eng.,1,0.838,3.76,0.612,2,5,5.64,0,3,2,0.6,1,10.0,1
STU1592,Ishita Reddy,Information Tech.,2,0.659,1.19,0.468,6,3,4.54,0,3,3,28.0,1,7.08,2
STU1593,Vihaan Nair,Biotechnology,3,0.761,3.43,0.763,3,5,6.46,0,3,1,7.9,0,4.93,1
STU1594,Rahul Mehta,Mechanical Eng.,5,0.723,4.22,0.892,9,5,6.17,0,3,1,4.0,1,7.99,0
STU1595,Sneha Mehta,Electronics,4,0.669,4.89,0.69,4,7,7.58,0,2,2,15.1,0,6.66,0
STU1596,Arjun Mishra,Information Tech.,8,0.781,4.05,0.889,4,7,4.48,0,1,0,26.0,1,5.75,1
STU1597,Vivaan Yadav,Electrical Eng.,8,0.903,3.96,0.77,4,7,4.96,0,3,3,0.5,1,6.18,0
STU1598,Amit Pandey,Electronics,5,0.804,3.76,0.66,4,5,3.54,1,1,2,14.0,0,5.55,1
STU1599,Nikhil Mehta,Biotechnology,1,0.639,3.44,0.621,5,4,4.61,0,5,1,17.5,0,6.87,1
STU1600,Sneha Singh,Computer Science,5,0.803,2.62,0.818,5,5,6.25,0,3,1,2.8,0,10.0,1
STU1601,Riya Gupta,Computer Science,1,0.635,1.88,0.44,6,5,7.01,0,2,0,8.1,1,6.44,1
STU1602,Aditya Sharma,Civil Eng.,5,0.783,2.44,0.684,5,4,3.66,1,4,5,1.1,1,6.26,1
STU1603,Rahul Rao,Electrical Eng.,8,0.716,4.01,0.642,4,7,7.24,1,3,2,16.5,1,7.59,0
STU1604,Ananya Gupta,Mechanical Eng.,7,0.881,5.97,0.725,6,8,8.21,0,2,0,22.6,0,6.54,0
STU1605,Aditya Kumar,Information Tech.,2,0.689,3.78,0.564,7,8,6.33,0,4,0,1.4,1,6.18,1
STU1606,Priya Patel,Information Tech.,4,0.722,4.54,0.735,6,7,9.25,0,4,1,20.3,0,9.56,0
STU1607,Vivaan Mishra,Mechanical Eng.,6,0.558,3.65,0.549,5,7,3.95,1,3,4,17.7,0,5.27,1
STU1608,Aditya Mishra,Electronics,7,0.765,2.58,0.768,5,7,3.01,0,1,2,5.1,0,4.3,1
STU1609,Ananya Mehta,Information Tech.,1,0.787,3.56,0.742,2,9,1.94,0,3,0,14.1,1,8.79,1
STU1610,Ananya Verma,Mechanical Eng.,5,0.928,6.92,0.748,10,8,8.49,0,4,0,0.5,0,5.38,0
STU1611,Ishita Singh,Computer Science,3,0.9,6.67,0.852,6,8,6.81,1,1,0,32.2,1,8.63,0
STU1612,Rohan Gupta,Information Tech.,8,0.658,3.73,0.497,6,8,5.39,1,2,3,9.6,1,6.25,1
STU1613,Ananya Joshi,Computer Science,1,0.885,4.22,0.765,5,9,6.06,0,4,1,11.6,0,4.63,1
STU1614,Aditya Pandey,Electrical Eng.,2,0.914,4.87,0.719,0,7,3.25,0,1,2,13.1,0,5.3,1
STU1615,Ananya Mishra,Computer Science,2,0.698,4.82,0.567,4,3,10.0,1,4,0,9.9,1,7.59,0
STU1616,Aditya Mehta,Biotechnology,3,0.846,4.54,0.77,5,8,5.76,0,3,0,23.3,1,3.79,0
STU1617,Arjun Rao,Computer Science,5,0.799,2.35,0.673,3,3,5.72,0,3,2,11.3,0,7.49,1
STU1618,Aarav Joshi,Computer Science,5,0.692,3.71,0.535,3,5,6.95,1,1,2,28.6,0,7.67,1
STU1619,Karan Kumar,Electronics,5,0.778,5.33,0.814,4,9,6.46,1,4,0,10.5,1,6.31,0
STU1620,Pooja Kumar,Computer Science,5,0.781,2.92,0.691,6,6,5.95,0,2,1,2.3,1,7.64,1
STU1621,Arjun Mishra,Computer Science,6,0.54,3.02,0.433,7,8,3.92,1,3,2,29.4,0,6.54,1
STU1622,Sneha Pandey,Computer Science,6,0.551,2.04,0.388,4,4,6.44,0,3,2,13.7,0,9.26,2
STU1623,Nikhil Sharma,Civil Eng.,5,0.769,7.19,0.505,3,9,9.26,1,4,1,14.4,1,5.84,0
STU1624,Karan Kumar,Mechanical Eng.,7,0.623,5.97,0.539,4,11,8.19,1,5,0,50.8,0,6.93,0
STU1625,Reyan Reddy,Mechanical Eng.,3,0.923,4.83,0.693,5,8,8.69,0,3,1,0.9,0,9.41,0
STU1626,Aarav Pandey,Information Tech.,6,0.52,3.95,0.539,4,6,4.48,0,2,2,6.7,0,7.32,2
STU1627,Priya Gupta,Computer Science,7,0.782,3.53,0.707,5,6,3.52,1,5,2,3.3,0,1.91,1
STU1628,Priya Mehta,Information Tech.,6,0.907,5.24,0.972,4,8,5.25,0,3,1,11.9,1,3.57,0
STU1629,Karan Sharma,Electronics,2,0.687,3.06,0.641,5,7,5.61,0,2,4,19.7,0,6.68,1
STU1630,Pooja Mishra,Information Tech.,8,0.727,5.19,0.582,5,11,7.69,0,1,0,40.7,1,10.0,1
STU1631,Priya Kumar,Mechanical Eng.,3,0.785,3.93,0.519,4,6,2.12,0,4,1,7.3,1,4.86,1
STU1632,Rahul Pandey,Electrical Eng.,4,0.841,6.03,0.838,1,10,8.56,0,2,1,18.5,1,8.74,0
STU1633,Amit Rao,Electronics,4,0.754,0.84,0.549,3,1,5.18,0,3,0,29.9,0,6.7,1
STU1634,Aarav Nair,Computer Science,1,0.392,2.67,0.312,7,4,4.65,0,3,4,13.8,1,7.44,2
STU1635,Ishita Kumar,Civil Eng.,5,0.563,1.82,0.674,1,5,3.48,1,2,1,3.3,1,7.97,1
STU1636,Reyan Yadav,Computer Science,2,0.781,2.84,0.764,7,5,2.19,1,3,1,11.2,0,7.36,0
STU1637,Nikhil Yadav,Mechanical Eng.,8,0.675,1.72,0.647,1,2,7.15,0,1,1,42.1,1,8.78,1
STU1638,Suresh Mehta,Information Tech.,1,0.74,1.24,0.76,3,4,5.65,1,3,1,52.6,1,5.59,1
STU1639,Karan Rao,Civil Eng.,6,0.851,5.48,0.856,4,10,2.92,1,3,1,12.3,0,5.6,0
STU1640,Reyan Nair,Civil Eng.,4,0.728,3.61,0.814,8,4,2.91,0,3,1,26.2,0,6.81,1
STU1641,Aarav Yadav,Mechanical Eng.,8,0.707,3.59,0.577,4,9,4.83,0,4,0,2.7,1,7.32,1
STU1642,Ishita Kumar,Civil Eng.,1,1.0,5.09,0.862,5,9,8.84,1,4,2,3.4,1,8.72,0
STU1643,Priya Patel,Computer Science,6,0.931,3.67,0.746,3,7,4.98,0,4,0,36.7,1,3.31,0
STU1644,Ishita Pandey,Biotechnology,4,0.817,3.94,0.732,6,7,2.49,1,1,2,1.7,0,7.9,0
STU1645,Vivaan Gupta,Mechanical Eng.,4,0.719,2.74,0.634,3,8,5.01,0,2,1,2.5,1,3.44,1
STU1646,Karan Reddy,Information Tech.,3,0.813,3.71,0.556,4,8,4.95,0,3,1,6.5,1,5.13,1
STU1647,Suresh Verma,Biotechnology,1,0.802,2.57,0.657,4,5,1.0,1,5,1,10.7,0,5.65,1
STU1648,Sai Rao,Computer Science,8,0.745,2.36,0.814,6,6,5.39,1,4,2,11.1,0,6.56,1
STU1649,Suresh Gupta,Computer Science,4,0.712,5.04,0.665,6,7,5.04,0,4,2,4.1,1,9.07,0
STU1650,Sai Sharma,Information Tech.,2,0.955,3.53,0.931,3,6,6.89,0,2,4,30.4,1,4.96,1
STU1651,Sai Rao,Electronics,8,0.869,5.98,0.77,3,11,9.2,0,3,0,29.6,1,7.1,0
STU1652,Reyan Verma,Computer Science,4,1.0,4.46,0.711,4,8,7.75,0,3,1,6.0,0,3.78,0
STU1653,Vihaan Verma,Information Tech.,7,0.84,5.45,0.744,5,10,4.96,1,2,1,6.8,1,6.73,0
STU1654,Vivaan Sharma,Information Tech.,7,0.64,1.74,0.68,6,6,3.29,0,1,5,14.5,0,5.61,2
STU1655,Rohan Sharma,Electrical Eng.,7,0.914,3.7,0.704,5,7,10.0,0,5,2,13.1,1,5.77,0
STU1656,Ishita Kumar,Biotechnology,3,0.74,2.6,0.741,0,4,5.62,0,2,1,5.8,0,9.04,1
STU1657,Sai Verma,Civil Eng.,8,0.769,3.82,0.522,6,9,5.53,0,2,1,6.4,0,8.6,1
STU1658,Priya Mishra,Electrical Eng.,1,0.675,5.49,0.61,2,9,5.45,0,1,0,5.1,0,6.77,1
STU1659,Kavya Pandey,Computer Science,4,0.906,5.68,0.87,3,10,5.9,0,5,1,3.2,1,8.82,0
STU1660,Aarav Sharma,Biotechnology,5,0.572,0.79,0.484,5,3,5.21,0,3,3,7.4,0,6.4,2
STU1661,Priya Pandey,Computer Science,5,0.69,3.61,0.869,4,8,4.35,0,3,3,13.9,0,7.59,1
STU1662,Arjun Gupta,Mechanical Eng.,8,0.541,0.0,0.438,6,5,4.41,0,5,2,16.3,0,7.88,2
STU1663,Ishita Singh,Electronics,8,0.836,4.58,0.695,3,7,5.43,0,2,1,18.1,1,4.71,0
STU1664,Ishita Pandey,Computer Science,4,0.602,4.67,0.563,2,9,4.41,0,3,1,5.6,1,7.1,1
STU1665,Ananya Mehta,Electrical Eng.,1,0.702,3.17,0.556,4,6,4.07,0,1,2,17.4,0,6.53,1
STU1666,Priya Mehta,Computer Science,6,0.87,3.81,0.639,7,4,5.71,0,2,1,0.5,0,4.87,1
STU1667,Aditya Pandey,Computer Science,3,0.594,3.59,0.425,5,4,4.99,1,4,2,7.8,1,4.2,1
STU1668,Kavya Joshi,Civil Eng.,2,0.765,3.61,0.764,5,7,8.51,0,4,0,19.0,1,8.45,0
STU1669,Arjun Sharma,Civil Eng.,6,0.637,2.82,0.543,7,7,1.0,1,2,0,11.9,0,4.79,1
STU1670,Vivaan Mishra,Electronics,1,0.713,4.03,0.812,7,8,7.68,1,2,2,7.7,1,4.67,0
STU1671,Sneha Sharma,Civil Eng.,7,1.0,5.51,0.856,7,10,7.99,0,3,2,12.4,1,8.44,0
STU1672,Vivaan Gupta,Electrical Eng.,3,0.493,2.27,0.515,2,9,1.35,0,1,2,28.5,0,7.09,2
STU1673,Sai Verma,Electrical Eng.,7,0.788,2.41,0.761,6,6,4.81,1,2,2,10.0,0,4.34,1
STU1674,Rahul Pandey,Mechanical Eng.,8,0.606,1.58,0.5,4,4,4.76,0,2,3,19.3,1,6.42,1
STU1675,Rahul Joshi,Computer Science,4,0.559,0.57,0.416,3,2,2.68,0,2,1,47.4,0,8.54,2
STU1676,Riya Nair,Information Tech.,2,0.657,4.76,0.418,3,10,3.94,1,4,0,14.7,0,4.54,1
STU1677,Ananya Patel,Electronics,1,0.788,2.43,0.764,4,3,3.28,0,2,3,10.2,1,9.06,1
STU1678,Reyan Patel,Computer Science,8,0.781,5.11,0.823,3,10,9.0,0,2,2,0.5,0,7.12,0
STU1679,Sneha Mishra,Mechanical Eng.,4,0.816,6.35,0.575,5,10,7.37,0,3,0,5.6,0,7.09,0
STU1680,Rahul Singh,Information Tech.,2,0.763,3.74,0.649,4,5,8.04,1,4,0,10.0,1,4.9,0
STU1681,Nikhil Verma,Biotechnology,4,0.713,3.33,0.575,5,4,6.94,0,2,3,19.1,1,4.64,1
STU1682,Reyan Yadav,Electronics,5,0.472,2.81,0.48,5,8,3.24,0,1,2,6.9,0,4.79,2
STU1683,Aditya Patel,Civil Eng.,6,0.676,3.37,0.575,4,5,4.45,0,2,0,38.6,0,7.93,1
STU1684,Nikhil Nair,Information Tech.,5,0.956,6.21,0.993,3,10,6.48,0,4,0,3.8,0,10.0,0
STU1685,Kavya Yadav,Civil Eng.,3,0.611,4.8,0.511,0,6,3.06,1,3,3,16.4,0,10.0,1
STU1686,Aditya Reddy,Electronics,2,0.662,4.82,0.472,6,11,6.93,0,4,0,6.5,1,6.86,1
STU1687,Reyan Yadav,Information Tech.,5,0.759,5.25,0.636,5,8,5.02,0,5,0,8.0,1,5.86,0
STU1688,Riya Pandey,Mechanical Eng.,7,0.641,3.21,0.541,4,4,4.75,0,4,1,19.5,1,4.65,1
STU1689,Aarav Mishra,Electronics,4,0.774,4.44,0.749,7,7,6.92,0,3,0,4.2,1,9.08,0
STU1690,Reyan Kumar,Computer Science,3,0.611,3.55,0.513,2,8,6.39,0,3,1,1.2,0,5.61,1
STU1691,Suresh Kumar,Computer Science,5,0.629,1.88,0.61,4,3,4.78,1,1,1,8.8,0,6.01,1
STU1692,Aditya Sharma,Information Tech.,8,0.826,5.79,0.664,3,8,7.82,0,5,0,9.0,1,8.24,0
STU1693,Aditya Mehta,Civil Eng.,7,0.823,3.64,0.712,6,8,3.34,1,2,2,19.1,0,6.81,1
STU1694,Arjun Mishra,Electrical Eng.,3,0.911,4.04,0.741,0,7,6.73,0,2,1,41.4,1,5.92,1
STU1695,Rohan Sharma,Electrical Eng.,6,0.729,4.0,0.571,6,5,6.69,0,3,1,0.7,1,6.83,0
STU1696,Vivaan Sharma,Biotechnology,8,0.893,1.66,0.931,6,4,4.88,0,2,1,10.7,0,5.41,1
STU1697,Priya Joshi,Information Tech.,2,0.685,2.67,0.545,3,5,6.15,0,3,0,13.7,1,5.35,1
STU1698,Reyan Sharma,Electrical Eng.,5,0.832,3.3,0.714,5,6,3.0,1,3,0,51.1,1,4.05,1
STU1699,Suresh Reddy,Electrical Eng.,5,0.975,3.57,0.982,3,8,7.35,0,3,2,34.3,1,4.56,0
STU1700,Ananya Kumar,Civil Eng.,1,0.748,3.28,0.748,5,6,5.13,0,4,0,15.0,0,7.19,0
STU1701,Rohan Patel,Electronics,7,0.564,3.21,0.671,6,6,4.45,0,2,1,8.9,0,5.9,1
STU1702,Vivaan Kumar,Information Tech.,8,0.749,3.46,0.723,2,6,7.6,0,3,2,2.1,0,5.24,1
STU1703,Priya Verma,Computer Science,1,0.609,2.07,0.488,2,6,4.09,1,3,1,5.8,1,4.02,1
STU1704,Amit Singh,Civil Eng.,2,0.602,0.87,0.747,6,2,2.68,1,3,1,10.6,0,3.57,1
STU1705,Aarav Rao,Mechanical Eng.,7,0.94,2.54,0.904,9,2,2.39,1,4,3,15.5,1,4.61,0
STU1706,Sai Mishra,Civil Eng.,8,0.644,4.76,0.564,5,7,6.71,0,2,2,12.1,0,9.04,1
STU1707,Aarav Rao,Computer Science,2,0.672,0.91,0.611,5,4,2.94,0,3,3,15.0,0,4.66,1
STU1708,Nikhil Sharma,Information Tech.,6,0.682,4.67,0.631,4,7,9.01,0,2,1,6.7,0,8.71,1
STU1709,Sai Mishra,Civil Eng.,6,0.673,2.74,0.582,5,4,1.34,0,5,3,15.6,0,8.21,1
STU1710,Rahul Mishra,Information Tech.,8,0.829,3.48,0.608,5,6,8.89,0,2,2,1.9,1,7.97,0
STU1711,Sai Patel,Biotechnology,7,0.858,5.48,0.934,4,9,5.92,0,4,1,2.1,0,5.4,0
STU1712,Aarav Kumar,Biotechnology,1,0.698,3.13,0.626,7,4,5.31,1,1,2,2.1,1,6.43,0
STU1713,Rohan Yadav,Computer Science,5,0.65,3.2,0.603,5,7,4.41,0,2,0,26.6,0,6.25,1
STU1714,Ananya Sharma,Mechanical Eng.,6,0.786,3.7,0.915,5,2,6.3,0,3,1,0.9,1,10.0,0
STU1715,Nikhil Joshi,Electrical Eng.,3,0.865,1.5,0.71,4,5,5.42,0,4,1,19.4,1,3.51,1
STU1716,Amit Patel,Electronics,7,0.713,5.52,0.707,4,9,7.71,0,3,0,3.2,0,9.32,1
STU1717,Reyan Reddy,Computer Science,2,0.932,2.57,0.76,7,6,5.73,0,5,0,7.6,1,3.58,0
STU1718,Karan Joshi,Biotechnology,1,0.882,3.46,0.826,5,3,5.8,0,3,1,29.7,1,8.2,0
STU1719,Reyan Singh,Electrical Eng.,3,0.93,4.15,0.857,5,7,4.77,0,3,1,10.6,1,5.7,0
STU1720,Sneha Rao,Civil Eng.,1,0.852,5.37,0.846,5,8,5.39,0,1,1,2.8,0,9.9,0
STU1721,Riya Rao,Biotechnology,4,0.842,2.54,0.879,4,7,6.12,0,4,1,4.0,1,8.05,1
STU1722,Sneha Verma,Information Tech.,5,0.562,2.09,0.448,1,5,2.08,1,2,2,30.4,1,6.66,2
STU1723,Karan Kumar,Mechanical Eng.,3,0.7,4.5,0.772,8,6,2.8,1,4,1,6.7,1,4.15,1
STU1724,Amit Reddy,Electrical Eng.,1,0.878,4.65,0.939,7,5,6.99,0,5,1,10.6,1,10.0,0
STU1725,Aditya Pandey,Electronics,3,0.818,4.56,0.711,7,7,5.84,0,5,0,7.4,0,10.0,0
STU1726,Suresh Pandey,Electronics,6,0.673,2.28,0.605,2,6,5.13,0,3,2,5.7,1,10.0,1
STU1727,Aarav Kumar,Electronics,4,0.428,3.21,0.336,7,8,5.54,1,3,2,3.0,1,4.86,1
STU1728,Riya Reddy,Computer Science,7,0.694,3.66,0.594,8,7,6.2,0,4,2,13.9,0,6.52,1
STU1729,Vihaan Mishra,Computer Science,8,0.551,2.3,0.376,6,5,4.42,0,1,1,15.2,1,4.19,2
STU1730,Nikhil Singh,Mechanical Eng.,4,0.706,1.17,0.713,8,3,3.94,1,3,1,3.9,1,5.09,1
STU1731,Arjun Patel,Mechanical Eng.,5,0.703,3.15,0.428,6,6,5.89,0,1,0,18.7,0,7.28,1
STU1732,Aarav Gupta,Computer Science,1,0.712,4.69,0.571,3,9,3.54,0,3,0,23.1,0,7.38,1
STU1733,Ishita Rao,Information Tech.,8,1.0,3.97,0.895,6,6,6.32,0,2,1,30.4,0,7.85,0
STU1734,Karan Rao,Mechanical Eng.,1,0.896,4.28,0.936,3,8,2.09,1,2,2,2.1,0,2.53,0
STU1735,Pooja Gupta,Electronics,6,0.906,4.48,0.761,4,7,7.56,0,2,1,4.3,0,7.2,0
STU1736,Vihaan Pandey,Biotechnology,6,0.985,3.02,0.929,6,7,6.45,0,3,1,23.6,1,7.87,0
STU1737,Rohan Pandey,Mechanical Eng.,1,0.91,5.34,0.811,5,9,6.01,0,3,1,2.7,0,8.51,0
STU1738,Amit Nair,Electrical Eng.,8,0.687,4.49,0.713,5,9,7.47,0,1,0,0.5,0,8.01,1
STU1739,Priya Gupta,Computer Science,8,0.726,5.8,0.691,1,12,8.83,0,3,0,24.6,0,8.53,0
STU1740,Rohan Rao,Mechanical Eng.,2,0.835,2.98,0.834,4,2,7.53,0,2,2,4.7,1,6.83,1
STU1741,Aditya Verma,Electrical Eng.,7,0.505,3.79,0.399,5,8,1.82,1,3,1,6.4,0,6.03,1
STU1742,Sneha Sharma,Computer Science,8,0.757,4.16,0.58,6,8,2.94,1,3,1,7.1,0,10.0,1
STU1743,Nikhil Joshi,Electrical Eng.,7,0.484,3.62,0.473,6,7,4.25,0,3,0,22.6,0,8.45,1
STU1744,Kavya Mehta,Mechanical Eng.,5,0.72,2.7,0.599,5,6,5.55,1,4,1,4.9,1,7.32,1
STU1745,Ananya Yadav,Biotechnology,4,0.859,3.91,0.776,4,7,6.54,0,2,3,26.7,0,8.27,0
STU1746,Vivaan Nair,Mechanical Eng.,7,0.791,3.95,0.744,6,7,4.05,0,4,3,11.5,1,6.35,1
STU1747,Sai Yadav,Computer Science,5,0.874,4.04,0.911,4,8,5.87,0,3,1,9.0,1,6.89,1
STU1748,Ananya Yadav,Electrical Eng.,8,0.993,3.92,0.972,7,8,3.99,1,3,1,4.7,0,7.91,0
STU1749,Karan Rao,Mechanical Eng.,8,0.763,4.5,0.618,5,7,4.28,0,3,0,3.4,0,5.2,1
STU1750,Suresh Yadav,Mechanical Eng.,2,1.0,2.03,0.785,5,4,2.69,1,1,1,11.7,0,5.57,1
STU1751,Aditya Sharma,Mechanical Eng.,1,0.694,1.71,0.795,3,4,3.65,1,3,2,7.1,0,3.63,1
STU1752,Vihaan Mehta,Information Tech.,4,0.826,2.79,0.585,7,5,2.8,1,3,1,29.0,0,7.24,1
STU1753,Sneha Verma,Electrical Eng.,1,0.633,2.67,0.525,5,8,3.55,1,2,3,8.1,0,7.99,1
STU1754,Aarav Joshi,Mechanical Eng.,8,1.0,5.23,0.965,9,6,7.61,1,1,1,8.6,1,8.37,0
STU1755,Aditya Joshi,Electronics,2,0.797,1.79,0.881,6,5,3.6,1,1,2,6.5,0,5.66,0
STU1756,Ishita Mishra,Electrical Eng.,2,1.0,6.22,0.881,6,11,10.0,0,5,0,18.7,1,7.92,0
STU1757,Aarav Rao,Computer Science,7,0.829,5.57,0.749,2,8,6.49,1,3,1,6.6,1,7.21,0
STU1758,Vivaan Rao,Biotechnology,1,0.6,3.76,0.452,5,7,5.87,0,1,3,3.8,0,8.73,1
STU1759,Priya Singh,Computer Science,1,0.784,3.21,0.718,4,8,3.78,1,2,1,23.8,0,8.0,1
STU1760,Ishita Joshi,Electronics,3,0.522,3.15,0.355,6,5,6.9,1,3,0,10.9,1,4.49,1
STU1761,Arjun Joshi,Information Tech.,4,0.666,2.65,0.524,5,7,4.35,0,4,4,10.7,0,4.72,1
STU1762,Aarav Gupta,Mechanical Eng.,4,0.752,3.23,0.753,6,8,5.74,0,1,1,11.3,0,7.51,1
STU1763,Riya Kumar,Computer Science,5,1.0,6.73,0.857,9,9,10.0,0,2,0,15.2,1,5.59,0
STU1764,Reyan Yadav,Electrical Eng.,6,0.778,3.51,0.792,3,5,5.31,0,4,0,4.5,0,8.25,1
STU1765,Aarav Singh,Electrical Eng.,5,0.727,2.75,0.639,6,6,7.8,0,1,0,0.5,0,6.84,1
STU1766,Arjun Reddy,Biotechnology,6,0.734,3.53,0.524,6,4,4.09,0,2,0,20.0,1,7.5,1
STU1767,Nikhil Yadav,Computer Science,2,0.624,4.62,0.678,8,3,5.43,0,5,1,1.7,0,6.69,1
STU1768,Ananya Yadav,Civil Eng.,6,0.798,4.68,0.586,6,7,9.04,0,3,1,15.4,1,7.53,0
STU1769,Amit Mishra,Information Tech.,4,0.814,5.04,0.672,6,11,4.25,0,2,1,1.0,0,4.32,1
STU1770,Kavya Nair,Civil Eng.,2,0.711,5.67,0.62,6,8,9.12,0,1,1,5.6,1,6.75,0
STU1771,Amit Verma,Civil Eng.,1,0.57,2.82,0.614,6,6,6.92,0,1,1,0.8,0,6.87,1
STU1772,Priya Pandey,Information Tech.,8,0.648,2.65,0.531,7,6,4.38,1,2,2,8.9,1,6.05,1
STU1773,Aditya Joshi,Civil Eng.,4,0.78,4.3,0.609,3,7,6.76,0,4,3,12.7,0,8.33,1
STU1774,Aditya Nair,Information Tech.,8,0.634,2.23,0.587,3,4,7.45,0,3,1,2.3,1,6.08,1
STU1775,Rahul Reddy,Computer Science,7,0.651,4.43,0.564,8,9,6.74,0,4,0,5.6,0,6.97,1
STU1776,Rahul Sharma,Electrical Eng.,2,0.658,0.59,0.546,0,3,2.36,0,5,1,32.0,0,8.42,2
STU1777,Aditya Mehta,Computer Science,7,0.842,4.44,0.78,5,7,4.05,0,3,0,7.0,1,7.69,0
STU1778,Riya Joshi,Information Tech.,3,0.798,4.59,0.598,5,9,5.0,1,2,2,19.5,1,6.69,1
STU1779,Reyan Sharma,Electronics,8,0.701,4.21,0.459,4,6,5.35,0,3,0,31.4,0,3.98,1
STU1780,Kavya Mehta,Electrical Eng.,6,0.8,3.21,0.934,8,4,6.74,0,5,1,44.0,1,4.55,0
STU1781,Nikhil Patel,Mechanical Eng.,8,0.736,3.96,0.672,5,4,5.86,0,4,0,27.4,0,7.9,1
STU1782,Sneha Rao,Mechanical Eng.,6,0.547,2.23,0.509,3,6,2.83,0,1,2,4.6,0,7.18,2
STU1783,Karan Patel,Computer Science,3,0.83,2.64,0.669,3,5,6.26,0,3,0,39.4,1,3.38,1
STU1784,Aarav Verma,Electrical Eng.,4,0.787,3.61,0.798,5,8,6.72,0,3,2,20.1,1,8.28,1
STU1785,Aditya Mehta,Mechanical Eng.,4,0.779,4.82,0.647,7,8,6.62,0,5,3,21.8,1,5.97,1
STU1786,Ishita Sharma,Civil Eng.,7,0.586,4.35,0.248,4,5,7.66,0,1,1,0.5,1,6.57,1
STU1787,Pooja Verma,Electronics,5,0.746,5.89,0.615,4,9,7.17,0,3,0,37.0,0,8.75,1
STU1788,Sai Patel,Electronics,6,1.0,4.84,0.872,4,9,6.42,0,4,1,18.1,1,8.24,0
STU1789,Suresh Rao,Electrical Eng.,4,0.595,4.4,0.518,5,7,5.36,0,3,1,17.5,1,6.43,1
STU1790,Pooja Mishra,Biotechnology,5,0.599,0.72,0.519,5,5,2.18,0,3,1,1.0,0,6.89,2
STU1791,Kavya Mishra,Computer Science,6,0.741,3.57,0.602,3,6,6.36,0,1,2,3.2,0,6.25,1
STU1792,Sai Verma,Civil Eng.,3,0.738,2.5,0.59,7,6,5.92,0,2,1,39.3,0,5.35,1
STU1793,Vivaan Rao,Computer Science,3,0.564,3.59,0.478,8,4,6.04,0,2,0,8.3,1,9.08,1
STU1794,Arjun Gupta,Civil Eng.,3,0.703,2.05,0.468,5,4,2.95,1,5,2,6.1,1,8.27,1
STU1795,Ishita Rao,Electronics,8,0.5,2.55,0.254,5,4,3.34,1,2,0,22.0,0,4.84,2
STU1796,Amit Nair,Electronics,7,0.834,5.56,0.76,2,7,7.61,0,3,1,1.1,0,6.32,0
STU1797,Vivaan Sharma,Civil Eng.,1,0.69,4.2,0.632,6,9,5.42,0,3,0,6.5,0,8.23,1
STU1798,Sai Sharma,Computer Science,4,0.707,5.27,0.724,5,7,6.86,0,2,2,5.7,1,5.81,0
STU1799,Vihaan Kumar,Computer Science,8,0.77,1.75,0.667,4,3,5.56,1,3,1,5.2,0,8.11,1
STU1800,Rahul Gupta,Electronics,3,0.721,3.74,0.53,3,8,5.56,1,4,1,4.4,1,4.82,1
STU1801,Vihaan Verma,Electronics,5,0.872,5.37,0.591,8,9,7.38,0,4,0,2.8,1,6.7,0
STU1802,Arjun Nair,Computer Science,7,0.867,5.15,0.691,5,9,4.47,0,3,0,2.3,1,8.1,0
STU1803,Nikhil Rao,Computer Science,5,0.826,1.85,0.786,3,2,5.69,0,3,2,12.3,1,4.96,1
STU1804,Sneha Patel,Electronics,2,0.573,2.95,0.66,6,4,4.58,0,1,1,30.2,1,5.31,1
STU1805,Aarav Gupta,Biotechnology,2,0.895,4.63,0.811,5,11,4.63,0,5,1,8.5,1,7.07,0
STU1806,Kavya Mishra,Electrical Eng.,1,0.731,3.23,0.537,5,7,4.88,1,1,1,4.2,0,3.23,1
STU1807,Aditya Nair,Computer Science,5,0.662,2.69,0.508,6,4,5.94,0,4,1,2.1,1,6.91,1
STU1808,Rohan Kumar,Mechanical Eng.,6,0.522,1.5,0.385,0,4,4.54,0,2,2,21.3,1,8.45,2
STU1809,Rohan Nair,Electronics,2,0.803,3.27,0.682,1,4,8.01,0,5,3,42.7,0,8.96,1
STU1810,Sai Reddy,Electrical Eng.,4,0.533,1.09,0.592,7,5,3.71,1,4,1,5.2,0,6.02,1
STU1811,Priya Verma,Computer Science,4,0.806,3.61,0.846,4,3,5.13,0,4,3,4.1,0,6.58,1
STU1812,Vihaan Rao,Mechanical Eng.,4,1.0,4.46,0.883,4,8,4.62,0,2,2,11.0,1,9.07,0
STU1813,Vivaan Reddy,Electronics,7,0.838,3.01,0.772,2,6,8.39,0,3,0,17.9,0,9.99,0
STU1814,Aditya Verma,Mechanical Eng.,8,0.93,4.08,0.757,5,5,5.89,0,3,0,7.3,1,6.6,0
STU1815,Karan Gupta,Electrical Eng.,4,0.725,5.28,0.482,5,8,7.56,0,4,1,11.9,1,6.14,0
STU1816,Aditya Rao,Information Tech.,2,0.802,2.76,0.9,7,6,2.53,1,1,1,15.1,0,7.3,1
STU1817,Aarav Nair,Biotechnology,8,0.538,1.88,0.252,5,2,6.03,1,5,1,38.8,0,8.85,1
STU1818,Ishita Joshi,Electronics,7,0.758,4.65,0.499,4,6,7.28,0,4,1,2.2,0,9.67,0
STU1819,Suresh Patel,Mechanical Eng.,1,0.954,3.63,1.0,6,6,5.66,0,2,1,71.3,0,7.75,0
STU1820,Pooja Reddy,Mechanical Eng.,2,0.691,4.1,0.624,7,6,7.63,0,4,2,6.0,1,6.65,1
STU1821,Suresh Verma,Mechanical Eng.,4,0.841,2.68,0.644,6,5,4.47,0,3,0,15.4,0,3.33,1
STU1822,Arjun Pandey,Computer Science,3,0.906,4.6,0.884,6,7,8.32,0,3,2,10.2,1,10.0,0
STU1823,Riya Yadav,Computer Science,6,0.953,5.61,0.935,5,7,10.0,0,2,2,8.0,1,10.0,0
STU1824,Suresh Nair,Mechanical Eng.,6,0.7,6.3,0.497,3,10,4.77,0,3,1,14.4,1,5.05,0
STU1825,Amit Sharma,Civil Eng.,4,0.804,3.52,0.67,3,7,4.61,0,4,0,6.0,1,6.73,0
STU1826,Aarav Gupta,Civil Eng.,1,0.835,6.34,0.839,2,11,8.41,0,3,0,1.6,0,7.12,0
STU1827,Reyan Mishra,Mechanical Eng.,5,0.932,5.03,0.757,6,6,8.66,0,3,1,8.1,1,7.72,0
STU1828,Arjun Rao,Computer Science,5,0.53,3.22,0.505,5,5,4.45,1,3,3,8.9,0,5.62,1
STU1829,Suresh Rao,Civil Eng.,4,0.787,3.58,0.851,7,7,4.66,1,4,2,2.7,1,7.64,0
STU1830,Ananya Patel,Computer Science,1,0.708,2.01,0.398,6,2,4.94,1,1,2,32.9,0,4.44,1
STU1831,Amit Mehta,Computer Science,2,0.49,3.21,0.407,6,6,2.81,0,4,0,3.1,0,5.13,2
STU1832,Karan Gupta,Mechanical Eng.,8,0.522,0.71,0.496,4,3,3.66,0,3,2,6.3,0,7.67,2
STU1833,Arjun Sharma,Civil Eng.,7,0.461,2.01,0.236,5,1,3.49,1,2,3,2.0,0,2.5,2
STU1834,Sai Gupta,Electronics,1,0.646,3.32,0.528,2,5,3.96,1,2,3,9.2,0,6.74,1
STU1835,Reyan Yadav,Electronics,6,0.868,5.06,0.886,5,9,5.43,0,3,1,4.4,1,5.64,0
STU1836,Aarav Singh,Mechanical Eng.,4,0.844,5.51,0.689,1,8,5.97,0,4,1,8.1,1,9.7,0
STU1837,Sneha Mehta,Civil Eng.,2,0.792,4.3,0.565,5,6,8.6,0,2,1,3.1,1,8.17,1
STU1838,Sneha Joshi,Computer Science,5,0.605,3.24,0.657,7,6,3.5,0,4,3,0.7,0,4.63,1
STU1839,Sai Patel,Electrical Eng.,8,0.951,5.42,0.901,5,10,7.47,0,1,1,18.1,0,9.85,0
STU1840,Aditya Singh,Civil Eng.,4,0.675,1.93,0.6,6,5,5.07,0,3,1,12.3,1,6.56,1
STU1841,Amit Gupta,Electronics,5,0.768,4.11,0.682,5,6,5.4,0,5,1,5.0,0,6.86,0
STU1842,Aditya Verma,Computer Science,4,0.835,3.06,0.855,4,3,6.85,0,4,3,0.6,1,8.65,0
STU1843,Arjun Yadav,Computer Science,2,0.592,2.77,0.562,4,6,3.25,1,2,2,24.1,0,4.89,1
STU1844,Ishita Rao,Computer Science,1,0.761,3.33,0.749,7,4,6.26,0,3,1,2.2,1,9.48,1
STU1845,Nikhil Singh,Electrical Eng.,6,0.822,4.27,0.67,6,6,5.83,1,2,2,32.0,1,7.79,0
STU1846,Vihaan Gupta,Civil Eng.,6,0.719,4.61,0.455,3,8,6.48,0,3,1,7.8,0,5.79,1
STU1847,Ishita Reddy,Computer Science,5,0.874,4.89,0.849,2,10,6.08,0,4,0,5.0,1,6.05,1
STU1848,Amit Mehta,Civil Eng.,8,0.874,5.42,0.897,5,10,10.0,0,4,1,16.2,1,5.74,0
STU1849,Karan Nair,Electronics,2,0.727,3.47,0.632,3,6,4.22,0,2,1,25.1,1,6.82,1
STU1850,Priya Gupta,Computer Science,5,0.806,5.56,0.815,4,8,4.44,0,5,2,5.6,1,6.01,0
STU1851,Priya Rao,Mechanical Eng.,7,0.721,1.45,0.615,2,2,4.25,0,3,4,6.3,0,6.84,1
STU1852,Priya Kumar,Information Tech.,3,0.909,5.35,0.809,7,11,4.39,1,2,1,6.8,0,3.25,0
STU1853,Ishita Yadav,Electronics,2,0.724,2.92,0.827,4,5,4.23,0,3,3,30.7,1,5.32,1
STU1854,Nikhil Pandey,Mechanical Eng.,2,0.936,5.05,0.814,5,9,7.88,0,3,0,14.2,0,5.6,0
STU1855,Ananya Kumar,Electronics,1,0.843,4.11,0.724,3,7,8.34,0,3,2,3.4,1,8.39,1
STU1856,Sai Patel,Information Tech.,1,0.484,2.46,0.249,3,4,4.36,0,3,0,2.5,0,5.22,2
STU1857,Riya Nair,Mechanical Eng.,4,0.581,3.73,0.592,4,6,3.84,0,3,0,3.1,0,7.0,1
STU1858,Riya Rao,Electronics,1,0.949,5.18,0.783,4,6,6.44,0,2,2,3.7,1,5.97,0
STU1859,Pooja Yadav,Computer Science,8,0.726,3.89,0.668,4,8,4.4,0,4,2,3.1,0,9.25,1
STU1860,Karan Patel,Computer Science,6,0.755,3.38,0.648,7,6,6.77,0,3,1,12.9,0,7.12,1
STU1861,Aditya Singh,Civil Eng.,4,1.0,8.11,0.855,1,14,5.91,0,1,0,1.5,1,8.42,0
STU1862,Sai Yadav,Electrical Eng.,6,0.766,4.18,0.678,5,6,2.47,1,4,1,5.9,0,5.54,1
STU1863,Priya Singh,Information Tech.,1,0.832,5.7,0.745,3,8,8.6,0,5,2,11.8,1,9.24,0
STU1864,Suresh Joshi,Electronics,1,0.668,4.3,0.719,7,5,9.09,0,5,0,4.1,0,6.34,1
STU1865,Riya Reddy,Mechanical Eng.,6,0.746,2.53,0.823,4,5,4.27,0,2,1,0.8,1,6.21,1
STU1866,Priya Sharma,Electrical Eng.,4,0.794,3.08,0.779,2,4,4.72,0,1,2,1.0,1,5.58,1
STU1867,Reyan Rao,Electronics,3,0.735,5.12,0.789,4,9,6.07,0,3,2,1.6,0,10.0,1
STU1868,Ishita Kumar,Mechanical Eng.,2,0.596,2.66,0.622,5,5,6.17,0,1,0,21.7,1,4.71,1
STU1869,Sneha Verma,Mechanical Eng.,7,1.0,2.76,0.949,11,8,6.82,0,5,2,12.9,1,10.0,0
STU1870,Karan Pandey,Computer Science,6,0.809,5.5,0.874,0,6,9.52,0,2,1,0.8,0,5.38,1
STU1871,Kavya Reddy,Computer Science,8,0.675,3.93,0.477,2,9,5.15,0,2,0,6.0,1,7.87,1
STU1872,Rohan Joshi,Civil Eng.,4,0.775,2.25,0.629,7,3,3.9,1,3,2,3.9,1,5.05,1
STU1873,Rohan Joshi,Electrical Eng.,3,0.654,1.51,0.507,1,4,2.74,1,2,2,10.4,0,6.28,2
STU1874,Riya Joshi,Computer Science,6,0.667,4.94,0.57,4,6,4.04,0,4,0,8.9,1,5.9,1
STU1875,Rahul Pandey,Computer Science,1,0.82,4.06,0.807,4,7,5.43,0,3,1,7.9,0,5.14,1
STU1876,Karan Mehta,Computer Science,7,0.621,3.09,0.448,3,2,9.09,0,2,2,4.5,1,7.87,1
STU1877,Riya Mehta,Electronics,4,0.861,1.79,0.825,4,3,4.46,0,2,1,1.8,1,5.59,1
STU1878,Sai Yadav,Computer Science,3,0.793,3.35,0.655,4,6,5.95,0,3,1,16.3,1,7.81,1
STU1879,Sai Sharma,Electrical Eng.,3,0.748,4.52,0.638,7,10,5.47,0,1,0,25.4,1,4.83,0
STU1880,Vivaan Yadav,Mechanical Eng.,6,0.816,5.08,0.755,7,5,7.88,0,3,0,34.6,0,8.21,0
STU1881,Ishita Reddy,Electrical Eng.,6,0.963,6.36,1.0,6,10,10.0,0,3,0,0.7,1,9.56,0
STU1882,Amit Mehta,Electrical Eng.,8,0.684,1.54,0.544,4,3,4.44,1,4,2,16.2,1,6.14,1
STU1883,Ananya Kumar,Biotechnology,2,1.0,3.62,0.892,6,3,4.52,0,5,0,15.6,1,3.98,0
STU1884,Kavya Kumar,Electronics,7,0.976,5.99,0.77,7,7,7.59,0,5,0,35.3,0,10.0,0
STU1885,Arjun Nair,Biotechnology,1,0.885,5.66,0.724,7,8,6.86,0,5,0,3.5,0,7.9,0
STU1886,Karan Joshi,Civil Eng.,6,0.695,5.19,0.517,5,9,9.19,0,2,1,16.3,0,6.46,1
STU1887,Rahul Verma,Electronics,7,0.855,6.82,0.794,8,10,6.67,1,1,1,0.7,0,7.89,0
STU1888,Arjun Pandey,Information Tech.,5,0.824,4.17,0.784,3,5,4.78,0,2,0,12.0,0,3.42,1
STU1889,Karan Sharma,Computer Science,6,0.711,5.26,0.709,7,6,6.68,1,4,3,5.2,1,9.12,0
STU1890,Amit Rao,Information Tech.,3,0.93,4.37,0.762,6,8,7.72,0,5,2,17.6,1,10.0,0
STU1891,Riya Kumar,Computer Science,4,0.611,3.21,0.601,3,6,7.14,0,4,2,23.9,0,8.63,1
STU1892,Priya Verma,Electronics,8,0.64,2.9,0.587,5,8,6.51,0,1,1,5.4,1,5.15,1
STU1893,Suresh Nair,Electronics,7,0.713,4.51,0.636,5,7,7.63,0,5,0,8.9,1,3.71,1
STU1894,Karan Sharma,Computer Science,6,0.853,4.1,0.644,4,9,7.84,0,3,3,1.5,1,9.81,0
STU1895,Reyan Verma,Biotechnology,7,0.598,2.36,0.553,4,6,8.26,0,1,0,6.5,0,7.21,1
STU1896,Karan Nair,Biotechnology,1,0.496,2.81,0.465,1,7,6.8,0,3,2,5.4,1,6.33,1
STU1897,Karan Rao,Civil Eng.,5,0.857,3.17,0.782,3,6,5.17,0,1,1,2.4,0,8.65,1
STU1898,Vivaan Yadav,Computer Science,5,0.731,4.61,0.698,4,8,5.79,0,3,2,27.0,0,5.68,1
STU1899,Sneha Pandey,Civil Eng.,5,0.646,4.35,0.651,3,4,7.91,0,2,1,1.9,1,8.75,1
STU1900,Kavya Nair,Mechanical Eng.,6,0.632,3.07,0.459,3,5,3.87,0,3,1,12.1,1,6.2,1
STU1901,Aarav Pandey,Biotechnology,3,0.913,2.69,0.8,7,4,6.24,0,3,2,26.5,1,7.32,1
STU1902,Riya Gupta,Electrical Eng.,2,0.659,3.44,0.645,4,8,4.71,0,4,0,29.2,1,9.35,1
STU1903,Rahul Singh,Electronics,7,0.795,5.25,0.689,9,7,5.56,0,3,0,18.9,1,5.79,0
STU1904,Vihaan Mishra,Civil Eng.,7,0.731,4.6,0.753,5,7,8.06,1,3,0,2.3,1,6.37,0
STU1905,Rahul Rao,Mechanical Eng.,5,0.53,1.96,0.486,6,6,5.88,0,4,1,20.4,0,6.4,1
STU1906,Ananya Verma,Electrical Eng.,5,0.598,2.18,0.343,4,5,5.59,0,5,0,3.9,1,4.51,1
STU1907,Kavya Pandey,Electrical Eng.,8,0.585,3.54,0.611,3,6,2.78,0,1,2,30.7,1,7.52,1
STU1908,Rohan Pandey,Mechanical Eng.,7,0.868,3.83,0.769,5,8,6.99,0,3,2,14.8,1,8.54,0
STU1909,Kavya Patel,Information Tech.,8,0.77,3.95,0.516,7,7,6.79,0,2,3,18.5,0,7.02,1
STU1910,Amit Joshi,Computer Science,6,1.0,4.21,0.875,5,6,9.83,0,1,1,1.1,1,6.28,0
STU1911,Ananya Rao,Electrical Eng.,4,0.678,4.07,0.483,5,5,4.88,0,3,1,10.5,1,1.52,1
STU1912,Ishita Nair,Computer Science,5,0.634,3.42,0.646,5,7,5.94,0,4,2,20.7,1,5.28,1
STU1913,Vihaan Rao,Mechanical Eng.,1,0.927,3.58,0.831,5,5,6.0,0,2,2,23.7,1,6.38,0
STU1914,Rahul Kumar,Civil Eng.,2,0.87,3.58,0.691,5,6,8.65,1,4,2,0.5,1,4.18,0
STU1915,Amit Pandey,Computer Science,7,0.834,4.7,0.832,3,9,5.31,0,4,0,33.6,1,10.0,0
STU1916,Riya Verma,Mechanical Eng.,2,0.608,3.55,0.593,4,6,6.06,0,5,3,0.5,1,7.57,1
STU1917,Sai Mishra,Information Tech.,5,0.999,4.74,0.876,6,7,6.72,0,2,0,11.4,0,7.99,0
STU1918,Arjun Joshi,Electronics,3,0.685,2.33,0.492,5,4,5.87,0,5,0,14.2,0,6.49,1
STU1919,Vivaan Mishra,Computer Science,3,0.767,5.46,0.606,5,8,4.61,0,2,2,1.4,0,7.71,1
STU1920,Kavya Singh,Biotechnology,7,0.949,5.3,0.768,6,7,5.89,0,3,1,0.6,1,6.22,0
STU1921,Ananya Reddy,Biotechnology,5,0.677,2.0,0.684,5,7,7.65,0,1,1,18.4,0,7.0,1
STU1922,Vivaan Pandey,Computer Science,5,0.543,2.07,0.321,4,4,3.45,1,1,2,5.8,1,8.56,1
STU1923,Arjun Mishra,Biotechnology,6,0.777,4.3,0.695,6,8,5.77,0,4,2,1.4,0,8.71,0
STU1924,Ananya Reddy,Electrical Eng.,3,0.572,1.65,0.49,4,2,4.1,0,3,3,17.3,1,6.21,2
STU1925,Vihaan Rao,Biotechnology,8,0.407,4.21,0.47,3,8,7.89,0,2,1,22.7,1,10.0,1
STU1926,Riya Nair,Biotechnology,5,0.624,3.25,0.585,5,6,2.45,1,2,0,10.6,0,5.59,1
STU1927,Nikhil Singh,Electronics,8,0.66,3.09,0.648,4,6,4.38,0,3,1,2.1,1,5.4,1
STU1928,Nikhil Verma,Mechanical Eng.,4,0.642,4.52,0.525,4,8,6.25,0,1,2,0.5,0,7.1,1
STU1929,Sneha Pandey,Biotechnology,4,0.819,3.76,0.614,5,7,8.63,1,4,0,14.5,1,8.13,0
STU1930,Nikhil Singh,Civil Eng.,5,0.543,0.92,0.457,4,3,5.37,0,1,1,9.6,1,4.46,2
STU1931,Priya Pandey,Mechanical Eng.,3,0.837,4.5,0.831,2,7,4.39,0,2,0,12.6,1,7.19,0
STU1932,Pooja Nair,Electrical Eng.,8,0.69,5.95,0.698,5,10,9.26,0,2,0,20.1,0,10.0,0
STU1933,Vihaan Sharma,Electrical Eng.,4,0.941,5.79,0.803,9,7,2.6,1,3,2,6.8,0,7.49,0
STU1934,Sneha Mishra,Biotechnology,6,0.447,0.0,0.316,2,0,1.1,1,2,0,1.6,0,6.53,2
STU1935,Ananya Nair,Information Tech.,6,0.512,4.82,0.355,3,8,6.38,0,2,2,33.8,0,7.78,1
STU1936,Sneha Singh,Computer Science,8,0.788,0.99,0.695,10,0,4.5,1,5,1,9.5,0,4.55,1
STU1937,Priya Yadav,Computer Science,3,0.703,5.15,0.646,3,6,3.46,0,3,0,11.5,0,4.24,1
STU1938,Arjun Mehta,Computer Science,6,0.997,4.66,1.0,8,10,6.92,0,1,3,32.5,1,7.37,0
STU1939,Vivaan Patel,Civil Eng.,7,0.774,2.65,0.709,4,8,5.99,0,3,2,32.2,1,6.03,1
STU1940,Aditya Verma,Information Tech.,8,0.865,4.25,0.84,5,6,4.37,0,4,2,10.2,1,3.71,0
STU1941,Rohan Singh,Electrical Eng.,5,0.814,2.22,0.655,4,6,2.94,0,2,2,4.2,0,5.25,1
STU1942,Suresh Mehta,Electrical Eng.,5,0.795,4.53,0.72,5,9,7.24,0,1,1,70.2,0,7.98,1
STU1943,Riya Pandey,Mechanical Eng.,5,0.786,4.29,0.722,1,8,6.8,0,4,1,13.7,1,8.08,1
STU1944,Rahul Verma,Electrical Eng.,4,0.981,5.68,0.869,5,9,5.3,0,3,0,6.3,0,5.09,0
STU1945,Reyan Pandey,Mechanical Eng.,2,0.891,6.94,0.8,4,11,9.19,0,3,1,9.8,1,7.68,0
STU1946,Aarav Joshi,Mechanical Eng.,2,0.604,2.29,0.556,0,6,3.36,0,1,2,6.5,0,6.75,2
STU1947,Ananya Sharma,Mechanical Eng.,6,0.83,4.0,0.796,7,8,2.45,1,1,0,26.3,0,3.45,1
STU1948,Sai Rao,Computer Science,2,0.493,3.66,0.56,0,4,4.12,0,3,3,7.9,1,4.84,1
STU1949,Nikhil Kumar,Biotechnology,4,0.835,1.93,0.525,9,7,5.41,0,2,2,20.8,0,6.6,1
STU1950,Aditya Gupta,Information Tech.,3,0.879,2.96,0.903,6,9,5.99,0,3,1,22.0,1,5.16,0
STU1951,Pooja Patel,Electronics,6,0.996,6.31,0.725,2,7,5.02,0,3,0,20.9,0,5.91,0
STU1952,Vivaan Nair,Civil Eng.,2,0.911,4.29,0.851,7,8,6.2,0,2,2,15.4,1,10.0,0
STU1953,Rohan Kumar,Information Tech.,2,0.754,4.1,0.914,3,10,3.0,1,5,3,23.2,1,3.19,0
STU1954,Vihaan Pandey,Biotechnology,6,0.758,4.26,0.678,3,9,8.39,0,4,1,5.9,0,10.0,0
STU1955,Kavya Nair,Mechanical Eng.,6,0.571,2.95,0.532,1,7,5.34,0,4,1,1.5,0,7.22,1
STU1956,Rohan Patel,Mechanical Eng.,7,0.984,4.35,0.854,3,5,7.73,0,1,1,22.2,0,5.12,1
STU1957,Kavya Gupta,Electronics,1,0.683,3.54,0.682,3,7,6.19,0,1,1,8.3,1,8.08,1
STU1958,Aditya Patel,Civil Eng.,6,0.726,2.13,0.69,6,5,6.41,1,3,2,1.6,1,7.0,1
STU1959,Pooja Gupta,Information Tech.,5,0.742,2.79,0.6,7,7,6.64,0,2,0,1.5,1,9.16,0
STU1960,Aditya Singh,Mechanical Eng.,2,0.63,4.77,0.555,2,6,6.4,0,5,2,2.1,1,8.11,1
STU1961,Rahul Singh,Mechanical Eng.,2,0.534,3.58,0.369,5,5,6.79,1,2,0,16.7,0,7.39,1
STU1962,Rohan Yadav,Civil Eng.,3,0.78,4.48,0.69,1,7,8.16,0,3,2,14.9,1,6.9,1
STU1963,Riya Gupta,Computer Science,5,0.708,4.05,0.595,5,6,5.89,0,2,1,2.7,0,8.87,1
STU1964,Aditya Yadav,Computer Science,8,0.767,4.45,0.704,9,7,6.92,0,3,0,22.5,0,6.37,1
STU1965,Reyan Verma,Mechanical Eng.,7,0.927,4.97,0.763,1,7,5.32,0,1,1,4.0,1,4.08,0
STU1966,Pooja Nair,Computer Science,4,0.755,3.2,0.658,2,6,8.38,0,3,2,18.9,0,4.1,1
STU1967,Ishita Kumar,Computer Science,4,0.848,3.93,0.764,6,6,4.15,0,2,2,8.1,1,4.02,1
STU1968,Rohan Singh,Electronics,1,0.879,5.64,0.799,6,9,9.1,0,4,0,15.8,1,9.18,0
STU1969,Reyan Yadav,Electrical Eng.,3,0.754,4.81,0.706,3,6,5.42,0,1,1,5.8,1,5.97,1
STU1970,Aditya Singh,Civil Eng.,3,0.524,1.1,0.454,7,4,2.64,1,5,3,5.1,0,4.4,2
STU1971,Rohan Kumar,Computer Science,5,0.793,4.03,0.635,3,7,5.76,0,4,2,22.1,1,5.95,1
STU1972,Kavya Mehta,Mechanical Eng.,8,0.822,5.3,0.748,8,6,4.14,0,2,1,0.5,0,7.73,0
STU1973,Aarav Patel,Computer Science,3,0.871,4.04,0.766,6,9,7.18,0,4,1,44.1,0,8.29,0
STU1974,Nikhil Mishra,Biotechnology,8,0.735,3.84,0.764,7,5,4.19,0,1,2,12.5,0,6.55,1
STU1975,Kavya Verma,Computer Science,7,0.737,4.32,0.778,5,9,4.61,0,5,1,6.8,1,5.3,1
STU1976,Suresh Rao,Computer Science,6,0.624,1.29,0.424,6,4,1.72,1,3,1,11.9,0,4.81,2
STU1977,Ananya Nair,Civil Eng.,8,0.713,5.58,0.703,6,10,4.6,0,2,0,1.6,0,6.14,1
STU1978,Arjun Mehta,Mechanical Eng.,1,0.89,2.9,0.882,7,6,1.0,1,2,0,8.7,0,3.69,1
STU1979,Kavya Mishra,Information Tech.,8,0.87,3.32,0.648,5,7,2.33,1,1,1,50.5,0,5.5,1
STU1980,Suresh Gupta,Information Tech.,8,0.539,2.11,0.543,2,6,7.02,0,5,0,3.2,0,5.4,1
STU1981,Karan Patel,Information Tech.,7,0.899,5.07,0.899,5,11,7.07,0,1,1,15.4,0,7.78,0
STU1982,Rahul Rao,Electronics,8,0.559,4.51,0.408,3,9,6.35,0,3,2,6.9,1,7.77,1
STU1983,Riya Patel,Computer Science,5,0.919,5.02,0.803,4,9,3.57,1,3,3,12.7,0,8.08,0
STU1984,Reyan Singh,Computer Science,3,0.646,3.25,0.6,8,4,5.4,0,5,0,2.8,1,7.09,1
STU1985,Riya Rao,Computer Science,3,0.742,2.46,0.725,6,1,5.49,0,2,1,7.6,0,7.06,1
STU1986,Vihaan Joshi,Information Tech.,6,0.454,2.14,0.31,5,4,3.18,0,3,1,47.0,1,4.45,2
STU1987,Arjun Singh,Civil Eng.,8,0.614,3.95,0.668,6,6,8.51,0,3,0,2.6,0,7.47,1
STU1988,Pooja Nair,Biotechnology,2,0.77,2.83,0.49,6,4,7.25,0,4,0,12.1,1,5.34,0
STU1989,Rahul Rao,Civil Eng.,6,0.719,5.07,0.779,8,8,5.06,0,1,1,10.3,1,3.45,1
STU1990,Reyan Joshi,Mechanical Eng.,2,0.71,5.26,0.694,0,9,5.55,0,2,1,10.0,0,6.19,1
STU1991,Aarav Verma,Computer Science,7,0.909,3.54,0.756,3,5,5.92,0,2,2,11.5,0,5.87,0
STU1992,Karan Verma,Mechanical Eng.,1,0.943,1.95,0.936,3,6,1.42,1,4,5,8.4,0,6.53,1
STU1993,Riya Singh,Computer Science,2,0.765,1.32,0.584,2,4,5.01,0,2,2,0.5,0,4.77,1
STU1994,Pooja Mehta,Civil Eng.,3,0.632,4.08,0.58,4,7,4.14,0,3,0,27.6,0,10.0,1
STU1995,Reyan Kumar,Computer Science,2,1.0,5.03,0.924,5,11,3.5,1,2,2,21.1,0,5.19,0
STU1996,Suresh Pandey,Electronics,3,0.521,2.72,0.493,8,6,4.94,0,4,1,2.3,0,6.35,1
STU1997,Riya Verma,Electronics,8,0.747,4.59,0.588,6,7,9.1,0,5,1,6.4,0,6.71,1
STU1998,Rahul Nair,Electronics,5,0.789,4.56,0.66,4,8,6.78,1,3,3,17.7,0,8.43,1
STU1999,Arjun Kumar,Biotechnology,7,1.0,5.38,0.913,6,11,4.36,0,2,1,47.0,0,5.92,1
STU2000,Aarav Nair,Civil Eng.,2,0.879,4.23,0.718,1,7,6.65,1,2,2,36.2,1,5.23,0
STU2001,Suresh Pandey,Electronics,8,0.733,4.72,0.687,5,8,8.3,0,1,0,27.6,1,4.19,0
STU2002,Arjun Gupta,Computer Science,1,0.663,4.42,0.536,5,7,7.35,0,2,2,2.1,0,8.24,1
STU2003,Amit Patel,Biotechnology,4,0.799,1.98,0.819,3,4,5.62,0,3,2,29.5,0,7.86,1
STU2004,Rahul Pandey,Computer Science,7,0.597,1.53,0.694,4,3,4.21,0,3,1,25.3,0,6.88,2
STU2005,Sai Reddy,Electrical Eng.,7,0.75,3.1,0.645,3,5,6.9,0,5,1,5.7,0,6.68,1
STU2006,Pooja Verma,Biotechnology,3,0.64,5.1,0.668,2,11,6.29,0,2,0,6.0,0,6.31,1
STU2007,Aditya Singh,Computer Science,1,0.82,3.78,0.716,6,6,7.29,0,3,0,7.4,1,8.59,0
STU2008,Nikhil Yadav,Computer Science,3,0.794,3.4,0.621,7,4,6.77,0,3,2,12.8,1,6.85,1
STU2009,Amit Kumar,Mechanical Eng.,8,0.596,3.62,0.494,5,7,7.6,0,3,0,3.6,1,9.3,1
STU2010,Suresh Pandey,Computer Science,3,0.85,3.16,0.774,4,7,4.43,0,2,3,0.5,0,6.15,1
STU2011,Ananya Nair,Civil Eng.,5,0.926,6.48,0.655,4,12,8.13,0,3,1,1.8,1,7.2,0
STU2012,Priya Sharma,Mechanical Eng.,3,0.832,3.59,0.812,4,5,5.9,0,3,1,7.0,1,7.44,0
STU2013,Ananya Joshi,Computer Science,4,0.713,3.95,0.65,4,8,9.65,0,4,1,4.0,1,10.0,0
STU2014,Riya Mishra,Information Tech.,4,0.752,3.27,0.777,3,9,4.12,0,5,1,17.4,0,8.35,1
STU2015,Arjun Sharma,Computer Science,6,0.88,6.8,0.852,7,9,8.97,0,2,0,1.4,1,7.6,0
STU2016,Sneha Verma,Mechanical Eng.,4,0.709,3.17,0.65,4,6,5.9,0,1,0,29.9,1,6.1,1
STU2017,Nikhil Nair,Mechanical Eng.,1,0.694,1.84,0.589,6,2,4.2,0,3,1,27.1,0,4.08,2
STU2018,Priya Verma,Computer Science,7,0.861,2.76,0.927,2,8,4.53,0,3,3,28.7,1,7.61,1
STU2019,Amit Mehta,Computer Science,8,0.873,3.61,1.0,3,4,4.86,0,2,3,16.1,1,3.25,1
STU2020,Kavya Mehta,Information Tech.,7,0.647,4.73,0.549,6,7,6.35,0,4,2,1.4,1,9.97,1
STU2021,Ananya Rao,Computer Science,5,0.925,5.17,0.937,7,9,6.55,0,5,1,6.9,0,8.48,0
STU2022,Reyan Joshi,Computer Science,7,0.825,2.05,0.672,2,3,4.35,0,5,3,1.7,1,4.96,1
STU2023,Vivaan Verma,Civil Eng.,7,0.682,2.49,0.555,5,4,5.45,0,2,1,52.8,0,8.85,1
STU2024,Ananya Reddy,Computer Science,1,0.843,4.55,0.72,5,7,9.78,0,4,0,4.9,1,8.92,0
STU2025,Ishita Gupta,Mechanical Eng.,8,0.88,5.51,0.86,3,12,8.96,0,4,1,10.6,0,8.53,0
STU2026,Kavya Patel,Computer Science,1,0.594,2.4,0.427,5,4,6.37,0,3,3,18.1,0,6.43,2
STU2027,Reyan Reddy,Mechanical Eng.,4,0.672,2.94,0.76,1,5,5.58,1,3,0,30.4,0,7.67,1
STU2028,Priya Yadav,Mechanical Eng.,1,0.811,3.01,0.823,3,4,5.74,0,4,1,16.9,1,4.17,1
STU2029,Sneha Patel,Civil Eng.,3,0.746,5.15,0.738,6,9,6.73,0,3,0,13.5,0,7.13,0
STU2030,Sneha Kumar,Electrical Eng.,7,0.864,3.67,0.748,5,8,3.45,1,2,0,7.5,0,4.81,0
STU2031,Vihaan Mehta,Civil Eng.,2,0.94,4.58,0.929,5,7,4.99,0,3,0,11.2,0,5.98,0
STU2032,Suresh Rao,Biotechnology,3,0.907,4.26,0.525,4,8,2.16,1,3,1,1.2,0,4.41,1
STU2033,Suresh Singh,Electronics,8,0.978,3.52,0.925,6,5,6.3,0,2,3,25.8,1,5.74,0
STU2034,Vihaan Joshi,Biotechnology,7,0.694,2.61,0.64,6,2,6.79,0,5,3,9.4,1,9.36,1
STU2035,Reyan Kumar,Computer Science,1,0.699,1.94,0.44,6,5,4.53,0,3,3,0.5,1,3.78,1
STU2036,Ananya Joshi,Biotechnology,5,0.734,2.39,0.701,5,8,8.65,0,3,0,30.3,0,8.33,1
STU2037,Aarav Joshi,Mechanical Eng.,7,0.687,2.36,0.678,4,3,3.05,1,1,0,8.1,0,3.88,1
STU2038,Priya Singh,Mechanical Eng.,3,0.757,2.31,0.496,3,5,2.57,1,3,0,24.4,1,8.15,1
STU2039,Priya Kumar,Electrical Eng.,8,0.584,4.73,0.407,2,10,5.95,0,1,2,23.3,1,7.55,1
STU2040,Vivaan Verma,Electronics,1,0.797,4.3,0.923,4,7,7.59,0,1,0,20.3,0,4.75,0
STU2041,Vivaan Nair,Biotechnology,5,0.598,4.07,0.519,3,5,8.87,0,3,1,0.8,1,8.26,1
STU2042,Aarav Kumar,Electrical Eng.,4,0.614,3.24,0.65,7,6,4.58,0,3,1,3.4,0,5.12,1
STU2043,Rahul Nair,Computer Science,2,0.81,3.05,0.842,3,8,7.66,1,3,0,25.0,1,7.71,0
STU2044,Ishita Yadav,Computer Science,1,0.77,4.86,0.733,7,7,5.42,0,1,0,27.5,1,4.24,0
STU2045,Reyan Yadav,Electrical Eng.,6,0.788,2.6,0.811,4,5,5.15,0,3,2,7.4,0,8.76,1
STU2046,Reyan Gupta,Mechanical Eng.,3,0.686,2.81,0.406,4,4,7.27,0,2,0,7.0,1,3.58,1
STU2047,Sneha Nair,Mechanical Eng.,2,0.934,5.02,0.817,6,8,6.8,0,5,0,2.3,1,5.59,0
STU2048,Suresh Mishra,Information Tech.,4,0.707,3.39,0.328,2,7,2.35,1,3,1,41.5,0,3.76,1
STU2049,Reyan Verma,Mechanical Eng.,4,0.464,2.47,0.243,2,5,8.45,0,3,2,2.9,1,8.22,2
STU2050,Riya Verma,Civil Eng.,2,0.847,5.5,0.708,2,8,8.26,0,2,1,2.5,0,6.59,0
STU2051,Amit Verma,Electrical Eng.,1,0.435,2.38,0.325,3,6,4.25,0,1,3,13.0,0,5.94,2
STU2052,Priya Patel,Biotechnology,1,0.563,3.44,0.511,2,7,6.29,0,5,1,3.3,1,5.73,1
STU2053,Vivaan Reddy,Civil Eng.,5,0.661,4.17,0.593,7,8,6.49,0,2,0,33.5,1,4.48,1
STU2054,Pooja Kumar,Mechanical Eng.,5,0.659,4.51,0.607,3,7,6.02,0,3,1,0.5,0,6.4,1
STU2055,Ishita Reddy,Civil Eng.,1,0.689,3.85,0.637,0,6,4.4,0,3,1,0.5,0,3.97,1
STU2056,Sneha Verma,Mechanical Eng.,3,0.602,3.19,0.575,4,9,4.16,1,1,2,8.4,0,2.95,1
STU2057,Priya Mehta,Computer Science,8,0.556,3.13,0.405,6,6,5.45,1,4,3,8.0,1,7.76,1
STU2058,Ishita Joshi,Electrical Eng.,7,0.979,4.85,0.809,8,7,7.85,0,3,2,2.1,0,5.12,0
STU2059,Reyan Sharma,Information Tech.,4,0.672,3.83,0.601,4,4,6.59,0,2,1,8.2,1,9.6,1
STU2060,Aarav Yadav,Information Tech.,7,0.556,5.59,0.498,3,7,4.76,1,1,0,6.4,0,8.98,1
STU2061,Karan Pandey,Electrical Eng.,5,0.749,4.82,0.566,4,7,7.04,0,2,2,26.5,0,8.71,1
STU2062,Vivaan Yadav,Electronics,2,0.513,1.19,0.57,5,4,1.0,1,4,1,0.5,0,3.26,2
STU2063,Rahul Pandey,Civil Eng.,6,0.644,3.77,0.652,2,6,7.8,0,3,2,44.9,0,10.0,1
STU2064,Rohan Yadav,Information Tech.,6,0.792,2.66,0.627,4,5,2.02,1,2,4,11.8,1,1.37,1
STU2065,Rahul Yadav,Computer Science,2,0.746,4.99,0.65,4,6,4.78,0,1,1,2.0,1,4.84,1
STU2066,Aditya Verma,Electrical Eng.,1,0.649,4.67,0.785,4,10,3.26,1,3,1,0.6,0,7.48,1
STU2067,Rahul Reddy,Mechanical Eng.,2,0.749,2.4,0.691,4,4,2.91,1,3,2,9.3,1,7.23,1
STU2068,Sneha Singh,Computer Science,2,0.867,3.23,0.82,3,6,7.82,0,3,0,3.2,0,6.04,1
STU2069,Rahul Yadav,Information Tech.,1,0.748,2.1,0.613,5,4,4.56,0,2,1,4.3,0,4.96,2
STU2070,Vivaan Rao,Computer Science,8,0.472,4.16,0.393,4,7,6.19,0,2,1,3.4,1,6.47,1
STU2071,Pooja Rao,Mechanical Eng.,6,0.722,6.39,0.801,4,8,5.41,0,3,0,12.6,0,6.47,1
STU2072,Ananya Mishra,Information Tech.,7,0.789,4.58,0.721,2,8,6.45,0,5,1,9.7,1,6.09,0
STU2073,Arjun Patel,Electronics,6,0.642,1.78,0.571,6,3,5.65,0,2,2,1.0,1,9.68,1
STU2074,Riya Mishra,Civil Eng.,7,0.641,2.01,0.578,2,5,2.93,0,3,2,9.0,0,4.65,2
STU2075,Pooja Pandey,Mechanical Eng.,3,0.622,3.5,0.814,7,6,7.49,0,3,2,18.8,0,9.89,1
STU2076,Rohan Gupta,Electrical Eng.,1,0.526,2.37,0.477,2,6,4.51,0,3,1,1.0,1,7.08,1
STU2077,Riya Joshi,Computer Science,8,0.931,2.25,0.755,6,6,2.39,1,2,2,26.5,0,7.55,0
STU2078,Aditya Joshi,Electronics,4,0.757,3.84,0.616,1,6,4.64,0,4,1,10.4,1,3.7,1
STU2079,Rahul Yadav,Mechanical Eng.,7,0.892,5.37,0.881,0,9,8.5,0,3,1,36.1,0,9.4,0
STU2080,Sneha Pandey,Electrical Eng.,6,0.82,5.47,0.595,4,8,7.2,1,3,2,1.9,1,8.95,0
STU2081,Aditya Reddy,Computer Science,5,0.768,4.07,0.737,0,9,4.8,0,2,0,60.6,0,5.24,1
STU2082,Vihaan Mehta,Electronics,3,0.636,1.1,0.5,6,3,4.8,0,2,2,12.4,1,7.97,1
STU2083,Vihaan Singh,Information Tech.,7,0.553,2.19,0.312,4,4,4.86,0,1,1,10.1,1,3.79,2
STU2084,Pooja Verma,Electrical Eng.,3,0.607,4.71,0.448,7,7,9.65,0,4,2,8.7,0,7.04,1
STU2085,Rahul Nair,Computer Science,7,0.809,4.06,0.73,4,6,6.26,1,2,2,0.5,1,8.98,0
STU2086,Priya Patel,Biotechnology,6,0.82,4.94,0.878,5,11,6.36,0,3,2,33.7,0,6.58,0
STU2087,Karan Mehta,Electrical Eng.,2,0.885,4.32,0.888,4,8,7.56,0,2,1,12.4,0,6.79,0
STU2088,Priya Reddy,Computer Science,5,0.842,3.85,0.729,3,7,5.98,1,3,2,1.2,0,9.32,0
STU2089,Karan Sharma,Computer Science,5,0.654,3.78,0.686,3,6,4.98,0,3,1,0.5,0,2.98,1
STU2090,Reyan Verma,Computer Science,3,0.865,3.23,0.743,2,8,5.11,0,2,1,0.6,0,6.21,1
STU2091,Vihaan Patel,Computer Science,4,0.84,3.71,0.61,5,6,5.36,0,1,1,11.3,0,6.49,1
STU2092,Ananya Patel,Computer Science,4,0.882,4.98,0.796,4,8,5.43,0,2,1,11.4,0,5.19,0
STU2093,Kavya Rao,Biotechnology,2,1.0,3.99,0.749,5,10,6.96,1,3,0,8.3,1,9.56,0
STU2094,Suresh Singh,Computer Science,2,0.991,3.64,0.971,11,5,5.6,0,3,0,4.4,0,5.04,0
STU2095,Amit Nair,Electrical Eng.,7,0.845,4.05,0.841,4,8,6.97,1,2,0,9.1,1,5.47,0
STU2096,Ananya Kumar,Electronics,4,0.874,5.16,0.699,5,9,5.34,1,3,2,8.7,1,2.15,0
STU2097,Vivaan Mishra,Civil Eng.,5,0.824,2.37,0.757,5,6,5.66,0,2,3,0.5,0,8.7,1
STU2098,Sai Sharma,Biotechnology,8,0.713,4.58,0.655,7,7,1.5,1,2,2,4.0,0,4.86,1
STU2099,Rahul Patel,Biotechnology,4,0.643,2.79,0.666,5,4,7.33,0,1,2,0.7,1,6.61,1
STU2100,Reyan Rao,Civil Eng.,3,0.804,3.07,0.599,4,6,6.19,0,4,1,27.6,1,6.47,0
STU2101,Pooja Gupta,Electronics,1,0.703,5.14,0.693,9,7,7.5,0,2,1,15.5,1,9.4,0
STU2102,Suresh Patel,Mechanical Eng.,6,0.813,3.54,0.6,3,3,1.0,1,2,3,66.6,1,8.2,1
STU2103,Riya Pandey,Electrical Eng.,7,0.748,3.22,0.751,4,5,9.68,0,2,2,4.3,1,4.78,1
STU2104,Reyan Rao,Computer Science,1,0.587,2.26,0.635,6,4,5.22,1,1,0,25.3,0,5.73,1
STU2105,Kavya Rao,Civil Eng.,1,0.789,4.65,0.643,3,6,7.72,0,3,1,11.1,0,5.27,0
STU2106,Pooja Rao,Mechanical Eng.,5,0.99,5.84,1.0,7,9,3.42,1,1,0,7.2,0,5.62,0
STU2107,Arjun Joshi,Computer Science,8,0.83,5.51,0.59,4,7,6.73,1,1,0,3.0,1,6.85,0
STU2108,Vivaan Rao,Computer Science,8,0.719,2.72,0.757,6,5,3.39,1,3,1,16.1,0,2.92,1
STU2109,Karan Singh,Electronics,4,0.654,0.37,0.733,6,6,4.25,0,2,3,28.1,1,6.94,1
STU2110,Kavya Rao,Mechanical Eng.,3,0.851,4.9,0.8,5,10,9.33,0,4,1,3.2,1,6.99,0
STU2111,Priya Verma,Electronics,3,0.719,3.97,0.628,2,8,5.12,0,3,1,2.3,0,7.94,1
STU2112,Amit Nair,Information Tech.,2,0.775,3.32,0.729,4,9,5.93,0,2,1,14.3,1,6.83,1
STU2113,Riya Mishra,Mechanical Eng.,5,0.6,3.15,0.48,4,6,7.24,0,3,2,45.3,0,4.08,1
STU2114,Suresh Rao,Electronics,7,0.67,4.14,0.865,6,7,6.49,0,1,1,16.6,1,8.05,1
STU2115,Rohan Reddy,Electrical Eng.,3,0.624,2.61,0.503,5,4,5.8,1,3,2,4.0,0,4.33,1
STU2116,Sneha Mehta,Electronics,2,0.901,6.12,0.943,6,11,6.23,0,3,0,6.5,1,4.65,0
STU2117,Pooja Kumar,Mechanical Eng.,5,0.892,6.82,0.729,5,13,10.0,0,2,0,5.8,0,7.43,0
STU2118,Aditya Reddy,Biotechnology,8,0.76,4.4,0.844,6,9,5.38,0,3,0,22.9,1,6.1,0
STU2119,Vivaan Kumar,Biotechnology,3,0.838,3.88,0.955,4,9,5.9,0,4,2,17.7,1,3.61,1
STU2120,Karan Patel,Mechanical Eng.,4,0.785,3.49,0.745,5,2,7.6,0,5,0,10.7,1,7.01,0
STU2121,Arjun Joshi,Computer Science,7,0.737,4.29,0.692,5,11,7.71,1,3,0,3.9,0,7.15,0
STU2122,Aarav Singh,Electronics,3,0.729,6.33,0.56,4,9,7.87,0,3,0,33.4,1,7.13,1
STU2123,Reyan Verma,Civil Eng.,7,0.705,5.08,0.527,6,12,6.78,0,2,1,12.7,0,3.99,1
STU2124,Riya Nair,Biotechnology,6,0.552,3.21,0.527,6,8,3.21,1,2,2,42.3,0,6.22,2
STU2125,Pooja Yadav,Information Tech.,6,0.846,5.74,0.908,7,10,8.77,0,3,0,10.4,0,8.75,0
STU2126,Karan Pandey,Information Tech.,5,0.641,3.62,0.522,3,6,3.21,0,2,0,20.7,1,3.54,2
STU2127,Pooja Kumar,Electronics,2,0.713,4.31,0.862,5,7,6.11,0,5,2,20.1,0,4.9,0
STU2128,Karan Mishra,Mechanical Eng.,5,0.76,4.37,0.623,7,4,3.99,0,2,2,4.9,0,7.61,1
STU2129,Priya Pandey,Biotechnology,1,0.895,4.23,0.828,8,8,5.37,0,2,2,39.9,0,9.46,0
STU2130,Vivaan Gupta,Electrical Eng.,7,0.907,4.88,0.839,2,4,6.16,0,2,1,0.5,0,6.55,1
STU2131,Pooja Pandey,Mechanical Eng.,3,0.755,4.04,0.669,5,6,6.14,0,4,2,17.6,1,6.03,1
STU2132,Sai Pandey,Computer Science,7,0.896,3.6,0.602,4,9,6.34,0,3,1,40.4,1,7.26,0
STU2133,Aditya Rao,Mechanical Eng.,1,0.517,3.96,0.403,7,8,8.73,1,3,1,5.0,0,10.0,1
STU2134,Pooja Patel,Computer Science,7,0.95,3.12,0.875,0,3,6.41,0,2,2,12.5,1,5.39,1
STU2135,Suresh Mehta,Civil Eng.,7,0.746,1.58,0.662,2,2,5.01,0,4,1,9.9,1,5.63,1
STU2136,Rahul Mehta,Civil Eng.,6,0.738,3.13,0.728,7,5,7.43,0,1,1,17.2,0,6.31,1
STU2137,Ishita Pandey,Electrical Eng.,8,0.622,3.23,0.636,3,6,7.88,0,4,2,24.1,0,4.81,1
STU2138,Amit Singh,Biotechnology,6,0.64,2.3,0.552,2,6,3.04,1,3,2,11.1,1,7.45,1
STU2139,Amit Mishra,Electronics,4,0.908,5.88,0.721,8,10,6.69,0,2,1,20.3,0,7.48,0
STU2140,Aarav Sharma,Mechanical Eng.,2,0.831,3.88,0.903,2,5,6.9,0,3,1,4.5,0,3.44,0
STU2141,Ishita Singh,Mechanical Eng.,6,0.831,3.76,0.612,7,7,4.9,0,3,0,3.1,1,6.45,1
STU2142,Aarav Reddy,Electrical Eng.,4,0.705,4.8,0.575,1,9,8.25,1,1,0,6.8,1,10.0,0
STU2143,Aarav Singh,Electrical Eng.,5,0.707,5.47,0.551,2,9,5.2,0,4,2,13.6,1,7.06,1
STU2144,Ishita Rao,Mechanical Eng.,3,0.745,3.03,0.745,5,9,5.75,0,3,3,2.5,1,9.61,1
STU2145,Ananya Singh,Mechanical Eng.,2,0.824,3.28,0.873,3,7,5.15,0,2,1,13.7,1,5.54,1
STU2146,Rohan Joshi,Mechanical Eng.,1,0.742,3.53,0.65,5,8,5.53,1,1,0,6.0,1,8.4,0
STU2147,Riya Sharma,Biotechnology,1,0.952,4.36,0.88,9,10,3.31,1,3,0,19.1,0,8.36,0
STU2148,Sai Nair,Mechanical Eng.,7,0.78,4.4,0.745,4,9,2.62,1,3,0,0.5,0,5.66,0
STU2149,Suresh Rao,Mechanical Eng.,5,0.807,5.18,0.907,8,7,8.69,1,3,0,13.2,0,6.87,0
STU2150,Sneha Yadav,Electronics,1,0.865,4.62,0.601,5,9,3.81,1,3,0,12.6,0,8.12,0
STU2151,Sneha Kumar,Computer Science,5,0.877,3.27,0.864,7,5,3.52,1,3,2,33.9,0,7.03,0
STU2152,Suresh Pandey,Civil Eng.,2,0.524,2.15,0.509,0,3,1.19,1,5,2,15.0,0,7.08,2
STU2153,Vihaan Reddy,Civil Eng.,6,0.653,4.68,0.551,6,6,4.22,1,3,0,19.1,1,7.01,1
STU2154,Ananya Gupta,Computer Science,6,0.7,3.44,0.663,5,8,2.85,0,4,2,28.2,0,5.71,1
STU2155,Rahul Reddy,Computer Science,4,1.0,3.75,0.974,4,7,8.78,1,1,1,13.5,1,7.48,0
STU2156,Kavya Pandey,Electrical Eng.,8,0.787,5.45,0.766,8,10,7.52,0,2,0,4.1,1,6.62,0
STU2157,Suresh Mehta,Information Tech.,3,0.705,2.99,0.85,3,7,4.12,1,2,2,24.5,1,6.96,1
STU2158,Riya Yadav,Electronics,4,0.858,4.6,0.785,1,8,10.0,0,3,0,16.5,0,7.68,1
STU2159,Karan Verma,Information Tech.,7,0.93,5.31,0.839,6,9,7.46,0,4,0,6.6,1,7.7,0
STU2160,Aarav Yadav,Information Tech.,4,0.754,3.35,0.661,2,7,4.85,0,1,0,14.9,0,5.03,1
STU2161,Vihaan Pandey,Electrical Eng.,3,0.85,2.77,0.821,5,4,1.0,1,1,3,24.3,1,3.77,1
STU2162,Karan Mehta,Civil Eng.,2,0.688,5.79,0.616,7,7,10.0,0,4,1,44.6,1,9.05,1
STU2163,Aditya Singh,Biotechnology,5,0.583,1.88,0.526,5,4,2.72,0,2,1,36.5,1,6.52,2
STU2164,Kavya Yadav,Electronics,1,0.864,3.12,0.78,4,7,2.21,0,3,2,4.7,0,4.89,1
STU2165,Priya Gupta,Mechanical Eng.,3,0.837,5.88,0.74,4,8,7.55,0,3,0,6.6,1,9.74,0
STU2166,Suresh Singh,Mechanical Eng.,7,0.603,3.85,0.481,7,10,10.0,0,4,3,1.4,0,6.52,1
STU2167,Pooja Yadav,Mechanical Eng.,6,0.642,5.02,0.62,2,9,8.27,1,1,1,3.4,1,8.27,0
STU2168,Vivaan Patel,Electrical Eng.,4,0.622,2.99,0.532,6,6,6.63,0,1,1,25.7,1,7.81,1
STU2169,Ishita Patel,Mechanical Eng.,3,0.81,5.23,0.79,9,7,6.69,0,3,2,5.4,1,7.1,0
STU2170,Rahul Reddy,Computer Science,2,0.871,5.38,0.795,6,10,7.21,0,5,1,11.6,1,9.44,0
STU2171,Karan Singh,Civil Eng.,8,0.708,3.68,0.598,4,5,7.02,0,3,2,13.2,1,10.0,1
STU2172,Aarav Patel,Information Tech.,3,0.905,6.47,0.971,4,10,6.06,0,2,1,18.3,0,4.75,0
STU2173,Arjun Kumar,Electrical Eng.,1,0.749,5.04,0.664,4,7,5.71,0,3,0,2.4,1,2.62,1
STU2174,Aditya Yadav,Computer Science,4,0.925,4.46,0.895,4,8,5.37,1,5,0,4.4,0,5.73,0
STU2175,Vivaan Mehta,Information Tech.,1,1.0,3.98,0.83,5,8,3.99,1,4,0,7.1,1,4.43,0
STU2176,Ananya Nair,Electronics,6,0.739,4.66,0.463,6,6,4.94,0,5,0,5.4,1,5.69,1
STU2177,Rohan Yadav,Electronics,1,0.715,1.44,0.587,8,1,2.11,1,1,1,48.8,1,8.91,1
STU2178,Ananya Mishra,Civil Eng.,1,0.801,3.82,0.507,1,5,5.3,0,1,0,21.6,0,10.0,1
STU2179,Rohan Nair,Electronics,8,0.757,3.52,0.658,0,8,3.52,0,3,1,7.8,1,4.35,1
STU2180,Amit Nair,Information Tech.,1,0.779,2.51,0.848,8,6,3.29,1,4,2,25.4,0,6.39,1
STU2181,Sneha Yadav,Information Tech.,6,0.83,4.32,0.657,5,7,5.86,0,2,2,5.1,1,7.12,0
STU2182,Nikhil Mehta,Civil Eng.,3,0.782,5.96,0.493,5,12,8.28,0,2,0,18.5,0,8.11,0
STU2183,Karan Sharma,Mechanical Eng.,3,0.906,3.69,0.965,6,8,7.34,1,4,0,3.0,0,4.73,0
STU2184,Rohan Joshi,Computer Science,8,0.73,2.64,0.609,4,7,2.36,1,1,0,17.8,0,7.93,1
STU2185,Sneha Gupta,Electronics,4,0.637,2.07,0.571,8,3,3.52,1,2,3,7.3,0,7.68,1
STU2186,Vivaan Singh,Computer Science,6,0.976,2.07,0.957,6,6,7.38,0,3,1,1.4,0,6.35,0
STU2187,Riya Verma,Information Tech.,7,0.746,4.0,0.724,4,7,3.54,1,3,3,3.8,0,8.28,1
STU2188,Arjun Pandey,Electrical Eng.,5,0.77,3.48,0.768,4,5,5.05,0,4,3,6.2,0,3.92,1
STU2189,Karan Pandey,Information Tech.,5,0.783,4.04,0.794,4,7,6.6,0,2,2,16.6,1,3.93,1
STU2190,Rohan Sharma,Electrical Eng.,1,0.66,1.88,0.419,3,3,3.56,1,3,0,0.9,0,6.55,1
STU2191,Kavya Gupta,Electrical Eng.,6,0.793,3.49,0.573,8,5,5.71,0,3,1,12.9,0,7.49,1
STU2192,Rohan Rao,Mechanical Eng.,2,0.665,4.17,0.716,5,5,2.83,1,3,4,15.1,1,5.55,1
STU2193,Vihaan Yadav,Computer Science,1,0.803,3.29,0.645,2,7,4.3,1,3,0,12.7,0,8.28,0
STU2194,Kavya Rao,Computer Science,2,0.544,3.88,0.422,5,7,6.14,0,2,1,17.2,1,5.66,1
STU2195,Rohan Kumar,Electrical Eng.,2,0.562,2.94,0.379,7,4,2.31,1,1,1,2.4,0,7.86,1
STU2196,Sneha Patel,Information Tech.,6,0.916,2.43,0.784,7,6,6.38,0,1,1,10.6,1,8.33,0
STU2197,Ananya Singh,Civil Eng.,1,0.625,4.39,0.527,3,7,5.46,0,2,2,34.0,0,9.99,1
STU2198,Amit Joshi,Information Tech.,6,0.464,2.48,0.324,2,7,6.6,1,3,2,11.3,1,3.79,1
STU2199,Karan Pandey,Biotechnology,4,0.559,2.66,0.397,7,5,5.95,1,4,2,11.3,0,5.91,1
STU2200,Pooja Yadav,Computer Science,8,0.937,3.21,0.875,2,4,8.23,1,4,2,16.0,0,5.84,0
STU2201,Aditya Verma,Civil Eng.,2,0.526,3.51,0.392,5,5,5.75,0,4,1,4.9,1,8.12,1
STU2202,Sneha Singh,Electrical Eng.,1,0.604,2.97,0.483,3,4,4.64,1,2,2,14.5,1,9.22,1
STU2203,Karan Nair,Computer Science,7,0.574,3.72,0.298,7,7,5.74,1,3,3,29.8,1,6.05,1
STU2204,Reyan Gupta,Mechanical Eng.,1,0.683,2.89,0.808,2,7,6.59,0,2,3,0.5,0,8.05,1
STU2205,Ananya Joshi,Mechanical Eng.,1,0.743,4.89,0.763,3,6,5.6,0,2,2,24.5,1,9.28,0
STU2206,Riya Nair,Electronics,2,0.729,4.68,0.607,6,7,5.58,0,1,1,3.0,1,7.26,1
STU2207,Aarav Gupta,Mechanical Eng.,3,0.944,3.02,0.759,6,7,4.1,0,3,0,7.3,1,7.49,0
STU2208,Vihaan Gupta,Mechanical Eng.,6,0.563,2.68,0.508,7,3,4.17,1,5,0,23.0,1,2.68,1
STU2209,Ishita Gupta,Information Tech.,8,0.672,2.11,0.603,5,4,2.69,1,2,1,20.8,0,8.63,1
STU2210,Rahul Patel,Computer Science,2,0.814,4.33,0.605,5,7,9.0,0,1,1,26.7,1,7.16,1
STU2211,Amit Patel,Electronics,3,0.531,1.22,0.223,6,5,3.01,1,4,0,33.8,0,10.0,2
STU2212,Priya Patel,Biotechnology,3,0.742,2.08,0.615,2,5,4.11,0,2,1,7.1,1,4.7,1
STU2213,Amit Yadav,Civil Eng.,4,0.722,4.25,0.494,3,8,4.06,1,4,0,12.8,1,7.07,1
STU2214,Kavya Rao,Electrical Eng.,5,0.827,4.55,0.761,2,8,7.29,0,4,1,5.9,1,8.67,0
STU2215,Rahul Pandey,Computer Science,1,0.804,5.43,0.742,0,8,4.91,0,5,0,5.2,1,1.97,1
STU2216,Riya Sharma,Electrical Eng.,1,0.516,4.04,0.367,6,9,8.0,0,3,2,6.8,0,10.0,1
STU2217,Aditya Mehta,Mechanical Eng.,6,0.869,2.81,0.729,8,4,4.15,0,3,1,16.3,0,7.58,1
STU2218,Ishita Mishra,Electronics,2,0.982,3.33,1.0,6,2,6.06,0,3,2,8.4,1,4.13,0
STU2219,Aarav Sharma,Information Tech.,7,0.689,2.77,0.698,5,3,3.83,1,3,3,20.2,0,6.81,1
STU2220,Reyan Singh,Computer Science,7,0.658,4.15,0.547,4,7,9.79,0,3,0,16.4,0,8.59,1
STU2221,Kavya Sharma,Electrical Eng.,5,0.911,3.26,1.0,5,5,3.12,1,2,4,0.5,0,5.7,1
STU2222,Vihaan Pandey,Information Tech.,6,0.982,3.87,0.764,8,6,6.12,0,3,2,11.9,1,5.76,0
STU2223,Aditya Yadav,Civil Eng.,7,0.716,3.42,0.564,8,6,6.77,0,3,0,6.9,1,6.91,1
STU2224,Rohan Joshi,Electrical Eng.,4,0.79,5.4,0.7,3,10,6.33,1,4,0,7.3,1,8.45,0
STU2225,Reyan Joshi,Information Tech.,1,0.823,5.81,0.588,7,10,5.13,0,4,2,20.5,1,8.02,1
STU2226,Rahul Joshi,Biotechnology,2,0.598,4.97,0.717,7,9,5.24,0,3,1,9.5,1,6.59,0
STU2227,Aarav Yadav,Mechanical Eng.,8,0.739,4.35,0.683,6,6,5.59,0,1,1,26.0,0,7.09,1
STU2228,Rahul Mehta,Computer Science,4,0.985,4.48,0.807,6,7,5.21,0,4,3,15.0,1,6.33,1
STU2229,Reyan Nair,Information Tech.,5,0.838,6.46,0.799,5,11,7.43,0,3,1,9.7,0,5.48,0
STU2230,Ananya Verma,Mechanical Eng.,7,0.711,5.89,0.654,1,9,9.92,0,4,1,16.9,1,7.87,0
STU2231,Riya Mishra,Information Tech.,2,0.764,2.61,0.657,1,6,4.39,0,5,3,0.5,1,4.99,1
STU2232,Pooja Singh,Mechanical Eng.,4,0.652,3.3,0.466,6,7,2.76,1,1,2,0.5,0,4.04,1
STU2233,Aarav Pandey,Computer Science,5,0.766,4.35,0.546,2,7,5.32,0,4,1,1.0,1,2.24,1
STU2234,Aarav Yadav,Electrical Eng.,1,0.6,3.81,0.759,1,9,10.0,0,1,1,6.9,1,7.26,1
STU2235,Rohan Gupta,Computer Science,5,0.589,2.83,0.395,0,5,3.89,0,2,2,3.2,1,7.58,2
STU2236,Aditya Mehta,Computer Science,2,0.927,5.95,1.0,4,8,8.78,1,3,0,49.8,0,9.84,0
STU2237,Ananya Sharma,Electrical Eng.,1,0.713,2.47,0.557,5,2,8.86,0,1,0,9.4,1,8.46,1
STU2238,Rohan Yadav,Computer Science,3,0.58,1.82,0.601,5,5,4.39,0,4,1,13.0,1,3.99,2
STU2239,Riya Singh,Computer Science,2,0.766,3.78,0.736,6,6,6.64,0,1,0,3.9,1,6.71,1
STU2240,Nikhil Sharma,Computer Science,3,0.729,5.05,0.723,4,10,8.76,0,2,0,4.7,1,5.55,0
STU2241,Karan Joshi,Electrical Eng.,8,0.578,1.79,0.593,4,5,4.74,0,3,3,4.9,1,9.86,1
STU2242,Rahul Rao,Biotechnology,5,0.875,3.38,0.626,6,6,5.09,0,4,2,14.4,1,5.83,1
STU2243,Riya Sharma,Computer Science,6,0.881,4.69,0.726,6,6,4.34,0,5,0,7.7,1,5.41,0
STU2244,Rahul Pandey,Civil Eng.,6,0.722,3.12,0.513,3,7,3.47,1,4,2,8.7,0,7.7,1
STU2245,Sneha Singh,Electrical Eng.,4,0.793,4.39,0.732,5,7,4.2,0,3,1,10.8,0,6.19,1
STU2246,Aditya Mehta,Computer Science,7,0.687,2.21,0.486,0,5,3.05,0,2,1,17.6,0,7.84,1
STU2247,Suresh Nair,Computer Science,1,0.766,2.7,0.492,5,6,5.57,0,1,1,1.1,0,4.65,1
STU2248,Reyan Singh,Mechanical Eng.,2,0.672,4.21,0.581,3,7,3.96,0,1,0,18.0,0,6.35,1
STU2249,Aditya Kumar,Electronics,1,0.873,4.23,0.565,8,6,5.97,0,3,2,9.9,1,7.7,0
STU2250,Sneha Patel,Biotechnology,5,0.694,1.29,0.651,2,4,2.39,1,3,1,13.3,0,1.0,1
STU2251,Riya Patel,Electrical Eng.,6,0.684,2.89,0.49,5,7,6.16,0,3,1,4.8,1,5.62,1
STU2252,Ishita Rao,Computer Science,5,0.783,6.03,0.62,4,10,7.17,0,4,0,6.3,0,6.05,1
STU2253,Rohan Nair,Mechanical Eng.,8,0.755,1.34,0.451,3,5,1.51,0,3,3,3.2,0,5.55,1
STU2254,Nikhil Gupta,Biotechnology,6,0.782,5.0,0.869,5,9,6.25,0,1,2,46.5,0,6.32,1
STU2255,Vivaan Mishra,Computer Science,7,0.669,3.81,0.455,4,6,7.96,0,2,1,8.2,0,7.92,1
STU2256,Karan Joshi,Civil Eng.,4,0.671,2.92,0.567,8,5,3.08,1,4,3,66.5,0,5.5,1
STU2257,Suresh Joshi,Computer Science,4,0.893,5.01,0.624,1,11,8.85,0,4,0,8.1,0,9.72,0
STU2258,Arjun Gupta,Computer Science,7,0.462,1.38,0.332,5,6,6.34,0,4,2,3.0,1,10.0,1
STU2259,Rohan Singh,Mechanical Eng.,8,0.616,1.47,0.73,4,4,4.09,0,1,1,8.5,1,3.53,1
STU2260,Amit Gupta,Biotechnology,2,0.877,3.72,0.819,5,7,5.39,0,5,1,0.5,1,6.66,0
STU2261,Reyan Mishra,Electronics,6,0.704,3.12,0.562,5,4,6.62,0,2,2,28.2,1,8.94,1
STU2262,Rahul Reddy,Computer Science,1,0.828,4.89,0.742,7,7,5.65,0,1,2,20.5,0,5.43,0
STU2263,Rahul Kumar,Computer Science,2,0.812,2.05,0.675,5,3,6.58,0,5,1,15.5,0,7.48,1
STU2264,Sai Singh,Electrical Eng.,3,0.858,3.78,0.763,7,7,3.66,1,2,0,11.3,0,5.41,0
STU2265,Aditya Joshi,Computer Science,5,0.631,2.1,0.642,4,5,5.84,0,3,1,10.4,1,4.95,1
STU2266,Aarav Rao,Electrical Eng.,8,0.68,2.38,0.578,2,6,2.67,1,2,2,68.7,0,3.97,1
STU2267,Pooja Singh,Information Tech.,7,0.801,2.31,0.743,4,4,5.28,0,3,0,3.9,0,2.14,1
STU2268,Priya Kumar,Electrical Eng.,3,0.928,5.39,0.859,7,10,3.69,1,5,1,18.2,0,6.41,0
STU2269,Arjun Kumar,Information Tech.,3,0.653,1.6,0.556,3,5,4.03,0,2,3,10.5,0,6.63,2
STU2270,Vivaan Nair,Electronics,1,0.763,4.25,0.613,2,11,7.97,0,3,0,44.7,1,5.68,1
STU2271,Vivaan Nair,Electrical Eng.,3,0.721,2.23,0.597,6,7,7.68,0,2,3,21.1,1,6.8,1
STU2272,Reyan Rao,Electronics,7,1.0,5.93,0.97,6,11,6.72,0,3,0,78.2,0,4.42,0
STU2273,Ananya Patel,Computer Science,3,0.867,3.48,0.859,3,7,3.32,0,2,2,10.7,0,6.95,1
STU2274,Priya Gupta,Computer Science,4,0.828,3.62,0.632,4,5,4.87,0,2,2,2.7,1,5.74,1
STU2275,Sai Joshi,Electronics,2,0.716,6.15,0.619,4,10,7.93,0,2,1,8.4,1,8.76,0
STU2276,Amit Rao,Computer Science,7,0.723,3.91,0.576,4,10,5.78,0,2,0,14.9,0,6.16,0
STU2277,Priya Joshi,Computer Science,4,0.784,5.26,0.785,6,9,10.0,0,5,2,17.9,0,6.22,0
STU2278,Vihaan Pandey,Mechanical Eng.,1,0.932,4.04,0.792,4,6,6.29,0,2,0,0.5,1,5.92,0
STU2279,Pooja Nair,Information Tech.,2,0.749,4.44,0.894,6,8,5.88,0,2,1,8.4,0,9.48,0
STU2280,Aarav Mehta,Biotechnology,7,0.865,2.87,0.801,4,4,4.88,0,3,1,3.2,0,10.0,1
STU2281,Aarav Mishra,Civil Eng.,2,0.67,3.47,0.722,8,5,5.77,0,2,1,24.9,1,4.02,1
STU2282,Vivaan Kumar,Biotechnology,5,0.722,4.53,0.549,8,8,5.2,0,4,1,2.0,0,8.19,1
STU2283,Sneha Rao,Information Tech.,6,0.834,4.41,0.752,3,8,6.92,1,5,1,13.2,1,5.08,0
STU2284,Rohan Joshi,Computer Science,8,0.952,4.09,0.918,2,6,7.41,0,3,0,3.7,0,5.86,0
STU2285,Rahul Nair,Electrical Eng.,8,0.634,1.5,0.468,6,3,3.93,0,4,2,5.3,0,6.55,1
STU2286,Rahul Kumar,Civil Eng.,5,0.478,4.65,0.433,4,5,2.84,0,3,0,33.9,0,6.73,2
STU2287,Rohan Joshi,Computer Science,3,0.482,1.75,0.539,5,4,1.83,0,2,0,3.3,1,4.24,2
STU2288,Kavya Verma,Mechanical Eng.,2,0.841,5.14,0.724,3,5,6.52,1,3,1,1.2,1,8.05,0
STU2289,Aarav Verma,Electronics,2,0.551,3.2,0.411,4,5,3.29,1,3,1,0.9,0,8.12,1
STU2290,Aditya Sharma,Mechanical Eng.,5,0.528,0.81,0.656,3,3,1.19,1,3,1,8.4,0,6.67,1
STU2291,Aarav Patel,Biotechnology,3,0.817,5.39,0.618,5,6,6.28,0,4,1,12.3,0,5.14,1
STU2292,Riya Mishra,Electrical Eng.,5,0.518,5.31,0.482,2,7,10.0,0,3,1,4.8,1,7.2,1
STU2293,Vivaan Gupta,Computer Science,2,0.764,5.25,0.617,4,8,5.49,0,5,1,14.1,0,8.22,0
STU2294,Priya Sharma,Computer Science,1,0.618,3.93,0.462,2,6,7.18,1,4,2,0.8,1,9.95,1
STU2295,Vihaan Mishra,Electronics,5,0.602,4.54,0.616,3,7,5.66,0,3,3,23.4,0,4.41,1
STU2296,Aarav Verma,Mechanical Eng.,7,0.563,1.48,0.486,4,4,5.3,0,3,2,20.4,1,7.14,2
STU2297,Priya Verma,Mechanical Eng.,4,0.616,3.6,0.595,5,4,7.34,0,2,2,50.8,1,8.52,1
STU2298,Aditya Patel,Electronics,6,0.734,1.95,0.435,6,5,4.92,0,5,1,33.1,1,3.96,1
STU2299,Priya Yadav,Electrical Eng.,5,0.878,3.36,0.841,6,6,6.03,0,3,2,5.3,0,8.64,0
STU2300,Vivaan Yadav,Information Tech.,7,0.733,4.41,0.587,1,6,6.14,0,1,1,6.1,0,10.0,1
STU2301,Amit Joshi,Electrical Eng.,8,0.629,2.52,0.379,7,2,4.16,0,2,2,16.4,1,7.44,2
STU2302,Sai Patel,Biotechnology,2,0.762,5.28,0.874,3,8,7.48,0,3,2,1.7,0,8.26,0
STU2303,Riya Gupta,Mechanical Eng.,7,0.568,2.52,0.571,3,6,5.15,0,1,1,4.5,0,5.19,2
STU2304,Ishita Nair,Mechanical Eng.,3,0.616,4.26,0.577,5,7,3.99,0,1,1,1.5,0,5.31,1
STU2305,Ishita Gupta,Civil Eng.,7,0.624,5.54,0.687,4,9,6.57,0,3,0,7.3,1,5.81,0
STU2306,Kavya Mehta,Electronics,6,0.614,4.33,0.577,5,7,3.7,1,2,2,9.6,0,4.52,1
STU2307,Kavya Kumar,Computer Science,2,0.926,3.25,0.754,6,6,5.56,0,3,2,2.8,1,6.23,0
STU2308,Rohan Gupta,Civil Eng.,3,0.561,1.09,0.487,3,2,5.48,0,2,1,0.5,1,7.2,1
STU2309,Kavya Sharma,Computer Science,2,0.447,5.0,0.334,4,8,7.67,1,2,1,15.2,0,5.76,1
STU2310,Aarav Gupta,Biotechnology,4,0.681,3.78,0.563,4,6,6.45,1,3,2,0.5,1,6.31,1
STU2311,Vivaan Sharma,Civil Eng.,4,0.508,2.46,0.331,6,3,5.45,0,3,0,43.5,0,7.21,2
STU2312,Suresh Kumar,Computer Science,3,0.746,3.47,0.574,4,7,7.14,0,2,1,3.0,0,3.33,1
STU2313,Karan Mishra,Computer Science,4,0.842,6.21,0.848,4,7,8.28,0,2,0,13.1,0,9.19,0
STU2314,Priya Kumar,Information Tech.,7,0.712,2.62,0.674,2,6,6.62,1,3,1,6.8,1,7.37,1
STU2315,Vihaan Singh,Information Tech.,1,0.764,4.22,0.637,3,8,5.52,0,1,1,0.7,0,7.06,1
STU2316,Aditya Rao,Electrical Eng.,6,0.68,3.12,0.509,2,5,2.88,1,1,1,7.7,1,7.94,1
STU2317,Riya Nair,Computer Science,7,0.529,2.58,0.435,3,7,3.37,1,1,2,8.7,0,7.7,2
STU2318,Vivaan Kumar,Mechanical Eng.,7,0.761,4.24,0.516,8,6,4.89,0,4,3,23.1,0,7.56,1
STU2319,Aditya Sharma,Electronics,1,0.932,5.24,0.851,6,7,4.28,0,4,0,15.8,1,6.79,0
STU2320,Rahul Reddy,Civil Eng.,8,0.945,3.18,0.945,7,4,5.13,0,4,2,1.0,1,6.52,0
STU2321,Suresh Pandey,Information Tech.,4,0.707,3.39,0.873,3,6,5.61,0,4,2,2.8,0,5.64,1
STU2322,Kavya Singh,Electronics,5,0.773,4.71,0.585,1,6,6.56,1,3,2,4.5,1,5.24,0
STU2323,Kavya Joshi,Mechanical Eng.,4,0.848,4.71,0.854,5,6,5.36,0,3,1,1.5,0,7.3,0
STU2324,Arjun Pandey,Mechanical Eng.,3,0.931,3.79,0.767,9,6,6.47,1,3,1,7.3,0,7.65,0
STU2325,Aditya Mishra,Civil Eng.,8,0.675,3.32,0.494,3,6,5.63,0,1,2,49.9,0,6.94,2
STU2326,Suresh Rao,Mechanical Eng.,4,0.683,0.0,0.502,5,4,1.55,1,3,1,8.7,0,3.05,1
STU2327,Sneha Singh,Information Tech.,4,0.587,2.15,0.543,1,6,3.62,1,4,2,16.3,0,1.31,1
STU2328,Riya Patel,Mechanical Eng.,3,0.727,2.2,0.562,5,5,5.21,1,3,2,13.8,0,6.66,1
STU2329,Suresh Nair,Electrical Eng.,1,0.866,3.75,0.719,4,6,3.08,1,2,1,22.8,0,2.62,1
STU2330,Suresh Patel,Computer Science,5,0.594,3.72,0.49,0,6,6.7,0,2,0,2.9,1,7.58,1
STU2331,Vihaan Joshi,Computer Science,2,0.706,4.23,0.562,2,7,8.56,0,3,1,16.8,1,10.0,1
STU2332,Kavya Sharma,Computer Science,5,0.889,4.37,0.719,3,6,7.94,0,3,1,25.6,0,7.98,0
STU2333,Reyan Joshi,Mechanical Eng.,2,0.773,2.48,0.453,1,4,5.07,0,4,2,2.3,0,5.74,1
STU2334,Aditya Rao,Computer Science,4,0.981,6.41,0.891,4,10,8.48,0,2,2,5.1,0,5.66,0
STU2335,Ananya Mishra,Electrical Eng.,1,0.914,5.3,0.829,6,7,5.8,0,4,0,42.1,1,5.7,0
STU2336,Sneha Pandey,Mechanical Eng.,8,0.775,5.39,0.617,3,7,4.83,0,3,0,18.2,0,6.38,1
STU2337,Ananya Gupta,Mechanical Eng.,4,1.0,4.1,0.936,7,8,4.27,0,4,5,4.0,0,8.21,0
STU2338,Pooja Joshi,Electrical Eng.,8,0.754,3.43,0.818,4,4,4.9,0,3,2,10.0,1,6.72,1
STU2339,Aditya Rao,Information Tech.,7,0.448,5.35,0.405,5,7,4.72,0,3,2,6.2,1,5.89,1
STU2340,Reyan Verma,Electronics,6,0.684,2.94,0.748,5,7,5.84,0,3,0,8.1,1,7.96,1
STU2341,Vivaan Joshi,Information Tech.,2,0.652,2.7,0.81,7,5,5.82,0,4,2,5.3,1,9.4,1
STU2342,Vihaan Reddy,Biotechnology,7,0.813,2.93,0.984,3,8,5.51,0,5,2,3.9,0,7.22,1
STU2343,Nikhil Gupta,Computer Science,8,0.727,4.54,0.536,5,6,6.37,0,1,0,13.5,1,7.26,1
STU2344,Pooja Sharma,Electronics,7,0.87,3.45,0.665,3,6,7.88,0,1,0,18.1,1,4.38,0
STU2345,Ananya Kumar,Computer Science,1,0.828,4.03,0.701,8,8,7.4,0,5,1,24.9,0,4.77,0
STU2346,Nikhil Mehta,Biotechnology,2,0.513,0.84,0.475,2,2,2.53,0,3,1,2.0,0,3.08,2
STU2347,Rohan Mishra,Mechanical Eng.,8,0.698,2.88,0.787,5,8,1.0,1,3,4,20.8,0,4.96,1
STU2348,Ishita Patel,Mechanical Eng.,4,0.603,2.39,0.605,7,4,7.37,0,3,1,3.5,0,5.71,1
STU2349,Aarav Reddy,Biotechnology,8,0.691,1.71,0.501,2,5,2.77,1,1,2,6.7,0,4.94,1
STU2350,Ananya Nair,Information Tech.,8,0.705,4.98,0.574,6,7,5.05,1,4,2,27.8,0,4.99,1
STU2351,Ishita Joshi,Computer Science,7,0.784,4.36,0.701,3,9,3.16,1,4,1,7.3,0,4.58,1
STU2352,Amit Mehta,Computer Science,2,0.688,3.02,0.47,9,6,1.9,1,2,2,2.6,0,2.23,1
STU2353,Rohan Gupta,Information Tech.,6,0.754,4.31,0.68,1,10,6.58,0,2,0,2.1,0,7.37,1
STU2354,Rahul Joshi,Computer Science,1,0.985,3.47,0.768,2,8,7.02,0,4,1,7.7,0,8.37,0
STU2355,Rahul Sharma,Information Tech.,6,0.652,2.38,0.422,2,6,4.35,0,1,3,17.3,0,6.43,2
STU2356,Ananya Verma,Biotechnology,5,0.442,1.87,0.304,2,3,1.0,0,4,1,70.6,0,5.96,2
STU2357,Rahul Pandey,Computer Science,4,0.782,1.51,0.745,6,4,4.41,1,2,1,18.6,0,7.16,1
STU2358,Riya Reddy,Mechanical Eng.,2,0.888,4.19,0.84,8,7,6.28,0,3,2,25.1,1,7.65,0
STU2359,Nikhil Sharma,Computer Science,2,0.475,2.82,0.438,6,5,2.54,0,5,2,16.5,0,7.29,1
STU2360,Riya Mehta,Computer Science,6,0.621,2.64,0.659,5,5,5.87,0,3,2,27.1,0,8.9,1
STU2361,Vihaan Verma,Electrical Eng.,5,0.873,5.52,0.874,5,7,5.47,0,3,2,1.0,0,9.48,0
STU2362,Vihaan Mehta,Electronics,1,0.852,4.73,0.787,3,7,6.66,0,3,0,31.9,0,3.53,1
STU2363,Aditya Verma,Electrical Eng.,6,0.782,4.55,0.71,5,7,5.74,0,2,2,6.1,0,7.56,1
STU2364,Karan Gupta,Mechanical Eng.,3,0.701,2.48,0.644,4,3,3.55,1,2,3,30.6,1,3.89,1
STU2365,Sai Rao,Computer Science,3,0.662,4.37,0.581,5,8,7.89,0,5,0,0.9,0,9.9,1
STU2366,Sai Rao,Mechanical Eng.,3,0.484,4.31,0.218,2,8,5.18,0,4,1,15.1,1,6.67,2
STU2367,Aditya Pandey,Civil Eng.,8,0.999,3.82,1.0,3,8,5.45,0,3,1,16.0,0,7.13,0
STU2368,Arjun Singh,Information Tech.,7,0.684,5.01,0.656,4,9,3.63,0,2,0,69.4,0,6.3,1
STU2369,Arjun Singh,Electrical Eng.,4,0.747,3.14,0.55,5,3,4.61,0,1,1,17.6,1,6.76,1
STU2370,Amit Rao,Biotechnology,7,0.681,2.51,0.756,3,4,3.73,0,1,2,5.8,0,9.08,1
STU2371,Rahul Reddy,Computer Science,8,0.88,4.31,0.733,3,10,5.15,0,3,3,9.8,1,8.78,0
STU2372,Suresh Reddy,Information Tech.,6,0.74,3.16,0.655,6,7,8.92,0,4,2,5.5,1,10.0,1
STU2373,Riya Reddy,Mechanical Eng.,8,0.776,3.94,0.801,5,4,2.76,1,3,2,2.6,0,5.48,0
STU2374,Sneha Verma,Information Tech.,3,0.329,1.12,0.318,7,4,2.27,1,4,0,3.4,0,1.86,2
STU2375,Suresh Verma,Information Tech.,7,0.712,5.3,0.774,7,7,8.44,0,1,0,3.0,0,8.88,0
STU2376,Sneha Verma,Electronics,6,0.799,2.75,0.684,2,2,5.08,0,2,3,9.6,1,4.51,1
STU2377,Ishita Gupta,Mechanical Eng.,3,0.831,3.82,0.917,4,9,4.16,1,2,2,28.4,0,5.6,0
STU2378,Sai Mehta,Electrical Eng.,5,0.7,5.36,0.553,2,9,7.58,0,3,0,29.3,1,7.16,1
STU2379,Riya Gupta,Electrical Eng.,3,0.549,3.47,0.626,0,6,4.29,0,1,2,0.7,0,6.29,2
STU2380,Priya Kumar,Electrical Eng.,7,0.747,3.31,0.446,9,4,9.15,0,5,1,1.0,0,8.9,1
STU2381,Rahul Reddy,Electronics,2,0.37,2.98,0.223,7,4,6.86,0,2,1,3.4,1,5.39,2
STU2382,Sneha Singh,Electronics,8,0.561,2.48,0.535,3,3,4.52,0,5,3,3.5,1,7.49,1
STU2383,Reyan Pandey,Computer Science,5,0.918,2.67,0.786,7,7,9.81,0,3,2,1.2,1,7.6,0
STU2384,Rahul Yadav,Computer Science,2,0.959,4.64,0.856,8,5,4.29,0,5,0,5.9,0,10.0,0
STU2385,Reyan Sharma,Mechanical Eng.,4,0.828,4.23,0.749,1,9,6.98,1,3,1,10.6,0,4.23,1
STU2386,Pooja Pandey,Civil Eng.,5,0.736,2.47,0.543,6,3,6.1,0,5,1,10.4,1,7.06,1
STU2387,Ishita Mishra,Mechanical Eng.,2,0.613,6.18,0.44,3,8,8.1,0,1,1,9.4,1,8.54,1
STU2388,Riya Kumar,Mechanical Eng.,2,0.661,3.75,0.618,5,6,8.62,0,4,1,5.0,0,6.85,0
STU2389,Ishita Verma,Electrical Eng.,1,0.723,3.97,0.584,10,6,5.56,0,5,3,14.7,0,5.64,1
STU2390,Rahul Joshi,Civil Eng.,1,0.602,2.21,0.676,7,5,3.99,0,1,2,21.0,0,8.58,1
STU2391,Riya Kumar,Information Tech.,1,0.618,1.5,0.537,4,2,6.42,0,1,1,5.1,0,8.44,2
STU2392,Rahul Pandey,Information Tech.,1,0.82,1.61,0.81,7,3,4.14,0,3,2,1.1,0,4.81,1
STU2393,Reyan Patel,Mechanical Eng.,3,0.708,4.32,0.681,1,6,9.53,0,5,1,4.2,1,5.19,1
STU2394,Aditya Pandey,Electronics,7,0.751,4.81,0.616,6,9,5.77,0,3,0,1.8,1,7.79,1
STU2395,Rohan Reddy,Information Tech.,4,0.843,3.85,0.56,6,7,4.77,0,3,1,7.6,0,7.01,1
STU2396,Nikhil Yadav,Electrical Eng.,3,0.587,3.93,0.647,6,7,5.87,0,1,3,2.0,0,7.79,1
STU2397,Ananya Kumar,Mechanical Eng.,4,0.516,0.43,0.367,3,4,2.81,1,1,1,7.5,0,5.61,2
STU2398,Nikhil Rao,Biotechnology,5,0.695,4.59,0.585,5,8,3.56,1,4,2,3.0,0,7.61,1
STU2399,Vivaan Mishra,Biotechnology,4,0.792,4.64,0.698,6,8,7.9,0,1,1,16.1,1,10.0,0
STU2400,Vivaan Sharma,Mechanical Eng.,3,0.683,3.11,0.61,0,6,4.19,0,3,1,0.5,0,9.01,1
STU2401,Vihaan Nair,Electronics,7,0.738,4.38,0.76,4,6,3.41,1,5,2,9.7,0,4.55,0
STU2402,Suresh Patel,Computer Science,7,0.739,5.47,0.666,3,7,6.57,0,2,2,2.2,1,10.0,0
STU2403,Sneha Yadav,Computer Science,7,0.701,5.75,0.619,6,9,7.87,0,3,0,0.5,1,8.55,0
STU2404,Sai Yadav,Mechanical Eng.,5,0.824,3.78,0.844,7,8,6.94,0,1,1,24.4,0,4.51,1
STU2405,Kavya Reddy,Electrical Eng.,6,0.681,3.04,0.673,3,7,7.49,0,3,1,13.4,1,8.03,1
STU2406,Vivaan Pandey,Electrical Eng.,5,0.85,4.38,0.691,3,8,3.99,1,2,1,1.3,0,6.61,0
STU2407,Amit Verma,Mechanical Eng.,6,0.513,1.16,0.347,4,2,2.66,1,4,2,13.1,1,5.59,2
STU2408,Nikhil Singh,Computer Science,5,0.796,6.89,0.634,2,11,8.5,0,2,0,11.4,0,7.18,0
STU2409,Priya Rao,Mechanical Eng.,1,0.713,3.49,0.637,4,6,4.85,0,3,2,7.7,1,7.72,0
STU2410,Nikhil Pandey,Information Tech.,7,0.674,2.23,0.482,4,5,5.0,0,3,2,6.5,0,7.77,1
STU2411,Sai Sharma,Mechanical Eng.,3,0.809,2.97,0.737,6,6,8.16,1,2,1,26.2,1,6.39,1
STU2412,Nikhil Yadav,Civil Eng.,1,0.646,2.45,0.569,5,3,6.61,0,4,1,3.4,0,6.02,1
STU2413,Arjun Mehta,Electronics,7,0.853,4.09,0.514,5,7,6.41,0,2,0,6.1,1,5.89,0
STU2414,Pooja Mishra,Electronics,6,0.843,4.94,0.618,8,8,9.83,0,3,0,4.8,0,7.63,0
STU2415,Vihaan Reddy,Electrical Eng.,8,0.658,1.78,0.304,5,6,4.21,0,2,2,17.7,1,7.86,2
STU2416,Aarav Rao,Computer Science,2,0.637,3.78,0.539,3,6,7.36,0,3,1,29.8,0,9.37,1
STU2417,Ishita Yadav,Information Tech.,7,0.773,2.04,0.803,4,4,5.61,0,1,2,22.7,0,6.3,1
STU2418,Rohan Sharma,Mechanical Eng.,7,0.67,4.52,0.414,3,8,6.04,0,3,1,19.2,0,8.79,1
STU2419,Aditya Gupta,Mechanical Eng.,5,0.778,4.5,0.568,3,7,8.56,0,2,0,51.9,0,8.36,0
STU2420,Nikhil Yadav,Electronics,5,0.734,3.5,0.644,2,5,6.52,0,4,1,14.3,1,7.19,1
STU2421,Aarav Sharma,Electronics,5,0.672,2.43,0.499,7,4,6.58,0,2,2,16.7,0,10.0,1
STU2422,Reyan Gupta,Information Tech.,7,0.711,3.93,0.533,3,7,7.65,0,4,1,48.8,0,7.89,1
STU2423,Vivaan Joshi,Computer Science,3,0.619,2.93,0.611,5,8,4.77,0,4,2,0.5,0,6.19,1
STU2424,Ananya Joshi,Information Tech.,5,0.547,3.53,0.443,3,6,3.82,1,2,0,12.1,0,7.65,1
STU2425,Suresh Kumar,Electronics,3,0.897,3.22,0.659,5,7,3.41,1,3,0,16.1,0,3.81,0
STU2426,Kavya Joshi,Electrical Eng.,8,0.678,3.42,0.401,7,6,1.57,1,1,1,30.0,0,5.08,1
STU2427,Riya Sharma,Computer Science,2,0.757,4.3,0.902,5,7,9.61,0,2,1,25.8,0,8.35,0
STU2428,Karan Nair,Electrical Eng.,2,0.614,0.76,0.666,2,3,3.29,1,4,2,22.1,0,7.28,1
STU2429,Pooja Verma,Computer Science,8,0.92,4.71,0.783,4,9,5.06,0,3,1,35.0,0,6.95,0
STU2430,Kavya Reddy,Biotechnology,2,0.926,2.36,0.843,7,5,4.95,0,3,0,9.3,1,4.16,1
STU2431,Sai Rao,Electronics,8,0.719,2.51,0.599,5,5,6.11,0,2,2,0.5,0,5.24,1
STU2432,Ananya Singh,Civil Eng.,1,0.745,4.09,0.721,6,7,7.13,0,2,1,0.5,0,6.36,1
STU2433,Vihaan Nair,Information Tech.,8,0.646,4.53,0.496,4,6,7.22,0,1,1,9.4,1,7.6,1
STU2434,Vivaan Verma,Electrical Eng.,5,0.533,2.66,0.426,1,7,4.33,0,4,2,6.9,0,3.97,2
STU2435,Priya Singh,Computer Science,2,0.503,2.9,0.498,5,5,5.17,0,3,0,7.2,1,9.09,1
STU2436,Rohan Sharma,Mechanical Eng.,4,0.639,3.35,0.72,5,8,6.07,0,4,3,6.1,1,7.38,1
STU2437,Suresh Singh,Biotechnology,6,0.557,5.2,0.576,5,9,5.0,0,2,0,30.0,1,7.02,1
STU2438,Sai Gupta,Information Tech.,8,0.914,4.61,0.946,2,10,8.71,0,2,1,5.3,0,7.3,0
STU2439,Aditya Patel,Biotechnology,6,0.762,2.78,0.655,3,5,6.48,1,2,3,23.3,1,4.35,1
STU2440,Nikhil Rao,Computer Science,3,0.687,2.94,0.556,2,4,6.97,0,1,2,28.0,0,7.25,2
STU2441,Rohan Mehta,Mechanical Eng.,6,0.883,3.75,0.601,6,8,6.83,0,2,0,8.3,1,8.39,0
STU2442,Vihaan Joshi,Computer Science,4,0.657,4.64,0.599,5,7,7.85,0,4,1,7.1,1,7.08,0
STU2443,Sai Verma,Information Tech.,2,0.675,4.34,0.646,4,9,5.86,0,4,1,17.2,1,8.68,0
STU2444,Aarav Mehta,Computer Science,1,0.489,3.02,0.41,6,6,2.91,1,3,1,14.8,0,5.76,1
STU2445,Suresh Yadav,Electrical Eng.,1,0.808,2.88,0.65,8,8,6.3,0,3,2,4.8,1,8.14,1
STU2446,Nikhil Kumar,Mechanical Eng.,4,0.613,2.75,0.676,5,4,4.2,0,1,1,1.3,1,6.06,1
STU2447,Vivaan Mehta,Biotechnology,7,0.77,4.21,0.757,6,8,4.44,0,4,0,3.7,1,7.02,1
STU2448,Sai Sharma,Civil Eng.,2,0.825,2.63,0.874,4,4,6.67,0,1,1,1.7,0,8.56,1
STU2449,Vihaan Yadav,Electronics,5,0.918,3.83,0.731,3,3,7.98,0,5,0,4.2,0,5.45,0
STU2450,Arjun Patel,Civil Eng.,3,0.772,4.38,0.624,7,9,5.54,0,3,1,3.6,1,7.83,1
STU2451,Reyan Kumar,Civil Eng.,7,0.842,4.89,0.878,3,8,6.12,0,2,1,12.2,1,8.73,0
STU2452,Priya Nair,Mechanical Eng.,3,0.669,4.44,0.597,6,9,8.9,0,5,1,37.1,1,10.0,1
STU2453,Riya Singh,Mechanical Eng.,1,0.934,3.3,0.784,8,6,5.98,0,1,1,13.9,0,6.92,0
STU2454,Arjun Reddy,Mechanical Eng.,6,0.717,3.41,0.595,6,6,10.0,0,3,0,31.4,0,4.22,1
STU2455,Ishita Kumar,Mechanical Eng.,4,0.794,4.62,0.714,4,10,6.63,1,3,3,18.4,0,3.78,1
STU2456,Reyan Mishra,Electronics,2,0.718,4.18,0.747,2,7,1.98,1,2,1,15.6,0,4.0,1
STU2457,Ananya Yadav,Electrical Eng.,2,1.0,7.18,0.884,5,10,7.01,0,3,0,6.4,1,9.41,0
STU2458,Amit Gupta,Electrical Eng.,7,0.798,4.34,0.797,7,7,6.26,0,3,3,4.7,0,10.0,1
STU2459,Aarav Verma,Electronics,5,0.866,4.36,0.826,4,7,8.08,1,4,2,22.5,1,6.69,0
STU2460,Rahul Pandey,Mechanical Eng.,5,0.76,2.95,0.597,7,1,6.85,0,1,0,28.3,0,7.15,1
STU2461,Suresh Rao,Electrical Eng.,6,0.626,1.31,0.476,5,4,5.22,0,5,2,7.2,1,1.92,2
STU2462,Nikhil Nair,Electrical Eng.,7,0.837,3.13,0.708,5,8,3.05,1,2,1,0.5,1,7.09,1
STU2463,Aditya Verma,Computer Science,2,0.895,6.34,0.672,4,10,5.08,0,2,0,18.9,1,6.77,0
STU2464,Rohan Pandey,Computer Science,2,0.671,4.66,0.553,1,7,3.8,1,2,0,4.0,0,5.69,1
STU2465,Reyan Pandey,Computer Science,3,0.667,4.64,0.752,3,8,4.34,1,1,1,0.5,1,4.57,0
STU2466,Kavya Patel,Electronics,8,0.79,4.3,0.708,4,10,6.68,1,1,1,19.6,1,6.37,1
STU2467,Sneha Verma,Mechanical Eng.,8,0.912,5.08,0.744,6,9,8.84,0,5,2,8.7,1,5.23,0
STU2468,Nikhil Verma,Electrical Eng.,6,0.836,0.98,0.944,5,3,6.29,0,2,0,13.9,1,5.34,1
STU2469,Ananya Verma,Civil Eng.,8,0.541,3.85,0.394,6,6,3.11,0,1,3,29.5,0,3.65,2
STU2470,Vihaan Joshi,Biotechnology,4,0.732,3.22,0.563,5,4,6.39,0,1,2,9.3,1,5.09,1
STU2471,Sai Verma,Information Tech.,3,0.8,3.53,0.843,4,6,7.89,0,4,2,8.4,1,5.29,0
STU2472,Rahul Rao,Computer Science,5,0.751,2.9,0.742,3,6,4.28,0,4,1,4.1,0,7.32,1
STU2473,Pooja Rao,Mechanical Eng.,7,0.847,3.14,0.749,3,3,5.23,0,2,2,4.4,1,4.5,1
STU2474,Pooja Reddy,Computer Science,8,0.791,2.8,0.795,5,4,5.53,0,1,1,19.1,0,6.56,1
STU2475,Amit Patel,Computer Science,1,0.61,3.2,0.579,3,8,3.93,1,2,2,7.2,0,4.21,1
STU2476,Pooja Joshi,Computer Science,6,0.613,3.37,0.433,2,6,6.8,0,1,1,2.1,1,5.14,1
STU2477,Karan Sharma,Mechanical Eng.,2,0.785,3.7,0.467,7,3,5.26,0,1,2,1.2,0,4.61,1
STU2478,Vivaan Kumar,Mechanical Eng.,2,0.804,2.12,0.666,5,7,6.34,0,3,0,7.7,1,8.66,0
STU2479,Reyan Mishra,Mechanical Eng.,8,0.732,2.86,0.767,5,4,3.73,1,2,2,7.5,1,5.79,1
STU2480,Rohan Singh,Information Tech.,7,0.494,2.07,0.401,2,4,4.63,0,3,3,12.7,1,5.04,2
STU2481,Nikhil Rao,Electronics,7,0.607,3.31,0.592,2,8,6.94,0,2,2,7.6,0,5.28,2
STU2482,Aditya Nair,Mechanical Eng.,4,0.827,3.6,0.763,4,5,4.75,0,5,0,1.9,0,4.01,1
STU2483,Reyan Kumar,Civil Eng.,5,0.669,2.76,0.432,0,2,8.95,0,5,1,8.5,0,6.39,1
STU2484,Sneha Mehta,Mechanical Eng.,2,0.711,2.42,0.599,6,5,4.7,0,3,1,28.5,1,3.82,1
STU2485,Arjun Yadav,Mechanical Eng.,3,0.907,4.47,0.852,3,9,5.95,0,2,1,2.1,1,6.0,0
STU2486,Karan Mehta,Civil Eng.,6,0.556,2.51,0.422,4,4,7.37,0,2,0,14.0,1,5.94,1
STU2487,Nikhil Mishra,Mechanical Eng.,6,0.748,4.93,0.637,5,8,2.66,1,3,0,10.8,1,4.4,0
STU2488,Pooja Pandey,Electrical Eng.,8,0.699,4.04,0.668,4,5,1.98,1,4,2,16.6,0,7.82,1
STU2489,Arjun Rao,Computer Science,6,0.728,2.14,0.663,2,3,2.45,0,3,0,2.0,1,5.3,1
STU2490,Karan Rao,Electrical Eng.,4,0.831,3.46,0.853,8,6,8.03,0,4,3,34.1,0,7.08,1
STU2491,Sai Gupta,Electronics,2,0.565,3.56,0.547,1,7,4.4,0,5,1,11.6,0,8.63,1
STU2492,Ananya Pandey,Information Tech.,1,0.73,3.26,0.561,0,6,10.0,0,2,2,22.5,0,5.55,1
STU2493,Vihaan Verma,Computer Science,5,0.741,0.91,0.619,6,5,4.37,0,3,0,3.4,0,5.43,2
STU2494,Rahul Nair,Electrical Eng.,7,0.506,3.21,0.457,1,8,5.87,0,1,3,16.1,1,3.97,2
STU2495,Sneha Patel,Electrical Eng.,4,0.769,4.41,0.826,7,9,8.58,0,2,0,18.2,0,7.7,0
STU2496,Sai Gupta,Information Tech.,7,0.653,4.97,0.54,5,6,9.51,0,3,0,6.1,1,8.95,1
STU2497,Priya Mishra,Mechanical Eng.,3,0.689,4.15,0.447,5,7,9.62,0,2,0,5.8,0,3.52,1
STU2498,Rohan Rao,Computer Science,5,0.536,5.9,0.526,3,10,7.92,0,4,0,12.9,1,8.92,1
STU2499,Vihaan Sharma,Computer Science,2,0.866,2.47,0.704,3,5,7.55,0,2,1,1.2,0,7.82,0
STU2500,Aditya Singh,Computer Science,1,0.663,2.64,0.468,4,3,6.69,0,3,2,16.0,0,7.07,1
STU2501,Ananya Verma,Information Tech.,3,0.691,4.7,0.624,3,7,7.06,0,3,0,0.5,0,4.88,1
STU2502,Reyan Pandey,Civil Eng.,5,0.716,1.93,0.742,7,1,4.4,0,3,2,2.5,1,7.71,1
STU2503,Amit Patel,Electrical Eng.,2,0.544,1.72,0.432,3,4,3.86,1,2,2,13.1,0,9.19,1
STU2504,Riya Gupta,Information Tech.,4,0.615,3.8,0.603,5,6,5.49,0,4,3,1.2,0,5.91,1
STU2505,Pooja Mishra,Mechanical Eng.,6,0.873,2.28,0.854,7,4,5.16,1,3,0,42.8,0,5.98,0
STU2506,Sneha Pandey,Biotechnology,2,0.946,3.22,0.93,3,8,4.59,0,3,0,24.3,0,6.42,0
STU2507,Sneha Patel,Electronics,4,0.658,3.23,0.519,5,4,6.89,1,1,0,11.8,1,6.35,1
STU2508,Suresh Sharma,Computer Science,4,0.856,3.19,0.658,3,5,7.41,0,3,1,20.5,0,6.9,0
STU2509,Kavya Reddy,Electrical Eng.,2,0.69,1.18,0.522,4,2,5.68,1,4,2,26.2,1,8.55,1
STU2510,Amit Joshi,Information Tech.,1,0.618,4.7,0.636,3,9,8.46,0,3,1,3.6,1,7.42,1
STU2511,Ananya Kumar,Mechanical Eng.,6,0.547,1.47,0.559,3,5,3.22,0,4,1,22.7,0,6.49,2
STU2512,Kavya Kumar,Biotechnology,4,0.919,3.33,0.732,5,7,5.11,0,3,2,2.6,0,10.0,1
STU2513,Vivaan Mishra,Information Tech.,6,0.533,2.61,0.693,2,6,4.07,0,1,1,6.4,1,8.86,1
STU2514,Rohan Rao,Electronics,4,0.965,2.28,0.761,7,3,1.77,1,1,1,9.8,0,3.65,1
STU2515,Riya Patel,Computer Science,8,0.668,3.42,0.701,2,6,5.33,0,2,0,15.0,1,9.74,1
STU2516,Kavya Kumar,Computer Science,2,0.942,3.81,1.0,2,5,5.26,1,3,1,0.5,0,9.06,0
STU2517,Reyan Patel,Civil Eng.,8,0.711,3.68,0.651,4,6,8.53,0,4,2,4.1,0,10.0,1
STU2518,Priya Joshi,Civil Eng.,4,0.917,5.52,0.748,4,8,6.76,0,2,1,11.3,1,5.9,0
STU2519,Vihaan Verma,Computer Science,7,0.8,0.82,0.645,5,2,3.45,1,3,3,5.3,0,6.42,1
STU2520,Aditya Rao,Information Tech.,3,0.946,4.49,0.826,5,7,9.21,1,3,2,17.9,1,7.06,0
STU2521,Vihaan Mehta,Information Tech.,5,0.745,5.39,0.779,1,9,7.94,0,3,0,12.7,0,7.6,0
STU2522,Reyan Gupta,Electrical Eng.,2,0.68,4.57,0.492,6,10,6.66,0,2,0,3.2,1,10.0,0
STU2523,Riya Reddy,Civil Eng.,7,0.684,2.34,0.432,4,6,5.05,0,1,3,1.9,1,6.77,1
STU2524,Priya Mishra,Electrical Eng.,3,0.528,2.1,0.512,5,8,3.58,1,2,2,11.9,0,2.98,2
STU2525,Suresh Kumar,Computer Science,7,0.717,2.22,0.704,9,5,4.76,1,1,2,7.2,0,5.76,1
STU2526,Kavya Singh,Computer Science,6,0.702,5.02,0.829,7,11,7.68,0,2,1,2.2,1,6.13,1
STU2527,Vivaan Sharma,Electronics,4,0.886,3.89,0.659,5,7,9.27,0,1,1,4.7,1,10.0,1
STU2528,Suresh Gupta,Electrical Eng.,4,0.727,4.88,0.641,2,8,8.59,0,3,2,4.3,1,6.11,1
STU2529,Vihaan Kumar,Civil Eng.,4,0.538,3.67,0.6,1,6,4.52,0,2,0,1.4,1,5.62,1
STU2530,Rohan Yadav,Civil Eng.,5,1.0,5.82,0.912,7,9,3.26,0,5,0,9.5,0,5.31,0
STU2531,Vivaan Reddy,Mechanical Eng.,7,0.786,4.11,0.688,4,8,5.78,0,2,1,17.3,1,9.61,1
STU2532,Vivaan Yadav,Computer Science,1,0.668,1.62,0.68,4,2,1.96,1,2,2,10.3,0,7.32,1
STU2533,Arjun Sharma,Electronics,2,0.815,2.09,0.674,2,6,6.15,0,2,1,21.0,1,7.87,1
STU2534,Ishita Joshi,Electrical Eng.,3,0.834,3.23,0.836,6,4,5.2,0,1,1,1.6,1,6.98,0
STU2535,Rohan Yadav,Computer Science,8,0.638,3.23,0.449,7,7,4.57,0,4,1,6.9,1,6.76,1
STU2536,Aarav Pandey,Computer Science,1,0.548,0.04,0.341,7,3,2.31,0,1,1,11.3,0,5.83,2
STU2537,Nikhil Joshi,Computer Science,2,0.591,3.1,0.504,3,8,6.53,1,5,1,13.5,0,10.0,1
STU2538,Amit Patel,Computer Science,4,0.572,3.69,0.258,5,5,4.43,0,4,2,14.3,0,4.05,2
STU2539,Reyan Pandey,Computer Science,4,0.762,2.31,0.694,4,3,3.16,0,3,2,15.7,1,1.0,1
STU2540,Vihaan Gupta,Mechanical Eng.,3,0.786,3.46,0.534,6,8,1.0,1,3,1,12.6,0,6.1,1
STU2541,Ananya Pandey,Mechanical Eng.,1,0.762,1.76,0.714,5,3,5.44,0,3,2,1.2,0,9.16,1
STU2542,Sai Pandey,Civil Eng.,4,0.975,5.53,0.896,3,7,9.04,0,2,1,14.3,0,8.05,0
STU2543,Amit Yadav,Mechanical Eng.,5,0.923,5.74,0.824,7,9,8.82,0,3,0,15.5,0,4.08,0
STU2544,Pooja Mehta,Civil Eng.,2,0.885,4.52,0.84,5,7,4.59,0,1,1,60.4,1,7.72,1
STU2545,Pooja Gupta,Information Tech.,3,0.407,1.41,0.387,3,4,4.3,0,1,0,14.2,0,4.37,2
STU2546,Sneha Yadav,Mechanical Eng.,5,0.736,4.31,0.633,5,8,6.44,0,3,1,13.9,1,4.62,1
STU2547,Rohan Patel,Electronics,3,0.806,2.25,0.908,3,6,3.5,1,3,2,8.7,1,4.29,1
STU2548,Rohan Nair,Computer Science,2,0.546,2.14,0.53,5,4,6.1,0,4,0,24.3,0,3.94,1
STU2549,Karan Sharma,Mechanical Eng.,8,0.756,3.61,0.757,4,6,7.03,0,1,1,69.1,0,7.48,1
STU2550,Aarav Gupta,Electronics,1,0.794,3.3,0.822,3,6,7.95,0,4,3,18.1,1,6.22,1
STU2551,Aarav Joshi,Biotechnology,8,0.841,4.69,0.824,9,8,5.3,0,2,1,11.4,1,4.2,0
STU2552,Kavya Joshi,Civil Eng.,7,0.81,4.14,0.935,3,5,5.09,0,2,3,1.0,0,10.0,1
STU2553,Priya Gupta,Mechanical Eng.,5,0.741,1.74,0.684,5,5,3.74,0,2,3,15.6,0,5.17,1
STU2554,Amit Mishra,Mechanical Eng.,8,0.713,2.28,0.641,5,6,3.85,0,3,2,14.8,1,6.25,1
STU2555,Riya Singh,Mechanical Eng.,4,0.547,3.06,0.427,2,7,5.05,0,2,2,17.9,0,9.31,2
STU2556,Pooja Pandey,Civil Eng.,3,0.812,3.78,0.705,4,7,6.23,0,3,1,1.6,0,8.09,1
STU2557,Nikhil Kumar,Mechanical Eng.,8,0.85,5.41,0.692,2,7,7.33,1,4,1,12.7,0,10.0,0
STU2558,Vivaan Mishra,Electrical Eng.,1,0.586,4.0,0.595,8,5,3.89,0,3,3,4.2,0,4.92,1
STU2559,Riya Mehta,Electronics,2,0.95,4.61,0.764,4,9,8.49,0,3,1,17.1,1,9.43,0
STU2560,Vihaan Sharma,Mechanical Eng.,4,0.791,3.17,0.719,4,6,4.96,0,4,0,3.3,0,7.37,1
STU2561,Reyan Gupta,Electronics,3,0.495,1.51,0.501,8,4,5.46,0,4,1,13.8,0,8.43,2
STU2562,Vihaan Patel,Electronics,7,0.692,4.75,0.638,3,8,4.01,1,3,1,4.2,0,7.72,1
STU2563,Sneha Pandey,Information Tech.,1,0.603,1.76,0.453,7,5,1.0,0,2,1,0.5,0,3.91,2
STU2564,Priya Mishra,Computer Science,2,0.774,6.05,0.767,6,10,7.27,0,4,0,12.0,0,10.0,0
STU2565,Rahul Mishra,Computer Science,6,0.808,4.33,0.719,1,7,6.97,0,3,2,1.4,0,3.02,0
STU2566,Rohan Singh,Biotechnology,7,0.719,5.91,0.36,4,6,4.94,0,2,1,12.9,1,4.93,1
STU2567,Arjun Singh,Computer Science,6,0.912,4.42,0.723,6,8,5.63,1,2,1,31.2,1,7.92,0
STU2568,Ishita Nair,Electrical Eng.,6,0.815,2.24,0.874,5,6,6.53,0,4,0,41.8,0,7.48,1
STU2569,Vihaan Mishra,Computer Science,1,0.753,1.98,0.826,5,2,2.37,0,1,1,3.2,0,5.95,1
STU2570,Aarav Pandey,Information Tech.,2,0.73,3.13,0.71,3,4,4.44,1,5,0,19.9,0,7.62,1
STU2571,Arjun Gupta,Computer Science,4,0.836,3.08,0.83,3,7,7.09,0,1,1,5.2,1,5.61,1
STU2572,Rahul Yadav,Computer Science,6,0.665,2.44,0.52,4,7,2.99,0,4,2,27.7,0,7.41,2
STU2573,Reyan Sharma,Electrical Eng.,5,0.6,2.19,0.514,8,1,6.09,0,2,2,18.6,0,6.59,2
STU2574,Priya Rao,Mechanical Eng.,3,0.857,2.84,0.894,3,6,2.79,0,3,1,0.9,1,8.36,0
STU2575,Rohan Mishra,Civil Eng.,8,0.807,4.21,0.769,4,7,6.43,0,4,2,6.3,1,6.38,1
STU2576,Aarav Yadav,Electronics,5,0.615,2.42,0.56,4,5,5.43,0,3,0,4.9,0,7.47,1
STU2577,Nikhil Verma,Civil Eng.,4,0.75,5.01,0.657,2,8,2.27,0,3,0,18.5,0,6.83,1
STU2578,Nikhil Joshi,Information Tech.,7,0.689,4.43,0.737,5,6,7.83,1,1,2,6.3,1,8.98,0
STU2579,Arjun Nair,Electronics,5,0.932,2.23,0.951,2,6,4.03,0,1,1,13.8,0,6.28,0
STU2580,Pooja Nair,Computer Science,3,0.649,1.21,0.649,2,2,3.88,1,2,2,11.1,1,5.65,1
STU2581,Suresh Pandey,Computer Science,4,0.773,3.84,0.702,2,8,5.9,0,3,0,44.6,0,5.38,1
STU2582,Sneha Joshi,Electronics,7,0.848,4.03,0.727,1,8,7.8,0,1,0,33.3,1,8.21,0
STU2583,Suresh Mishra,Electronics,3,0.613,3.98,0.621,7,5,3.47,1,1,1,6.7,0,2.63,1
STU2584,Rahul Pandey,Information Tech.,5,0.872,3.51,0.675,6,5,5.62,1,3,0,15.4,1,7.24,0
STU2585,Reyan Patel,Computer Science,8,0.626,2.47,0.474,6,5,6.36,0,3,0,21.2,0,7.6,1
STU2586,Suresh Gupta,Mechanical Eng.,7,1.0,6.07,0.755,7,12,6.89,1,4,1,27.5,1,10.0,0
STU2587,Karan Rao,Civil Eng.,8,0.734,4.28,0.784,4,6,5.85,0,2,1,0.8,1,5.57,0
STU2588,Vihaan Nair,Computer Science,1,0.85,3.12,0.692,5,5,4.77,0,1,2,4.3,0,6.77,1
STU2589,Vihaan Patel,Mechanical Eng.,7,0.434,3.35,0.431,6,7,3.84,1,5,2,4.6,0,6.44,1
STU2590,Arjun Nair,Information Tech.,6,0.63,4.27,0.554,8,8,5.67,0,2,1,6.8,0,4.71,1
STU2591,Vihaan Verma,Mechanical Eng.,7,0.616,1.29,0.845,2,4,3.36,1,4,1,2.2,0,6.0,1
STU2592,Kavya Kumar,Computer Science,7,0.456,2.49,0.454,9,5,1.0,1,4,1,8.2,1,2.89,1
STU2593,Nikhil Mehta,Civil Eng.,1,0.807,3.37,0.54,2,6,6.37,0,4,2,13.1,0,8.65,1
STU2594,Kavya Sharma,Computer Science,3,0.83,4.8,0.864,4,8,7.31,1,2,0,8.3,1,8.26,0
STU2595,Kavya Yadav,Computer Science,1,0.538,1.41,0.445,4,0,1.0,1,4,1,13.2,0,6.08,1
STU2596,Sai Pandey,Computer Science,3,0.691,2.32,0.602,5,8,3.48,0,4,2,0.8,0,4.9,1
STU2597,Nikhil Sharma,Civil Eng.,5,0.937,6.02,0.776,9,9,6.74,0,3,0,25.0,1,9.58,0
STU2598,Suresh Rao,Civil Eng.,2,0.602,6.36,0.561,6,10,9.61,0,2,1,33.6,1,5.93,1
STU2599,Kavya Mishra,Computer Science,4,0.447,0.0,0.421,5,5,5.54,0,2,0,11.5,1,6.75,2
STU2600,Suresh Mishra,Computer Science,5,0.744,4.6,0.605,7,6,4.04,0,1,2,25.6,0,4.11,1
STU2601,Priya Verma,Electrical Eng.,2,0.741,3.45,0.616,5,10,5.13,0,3,0,1.7,1,6.21,1
STU2602,Nikhil Gupta,Electronics,8,0.738,3.63,0.674,3,7,8.25,0,3,2,19.2,1,9.76,0
STU2603,Kavya Verma,Biotechnology,6,0.789,2.05,0.476,6,5,4.21,1,2,0,1.5,0,7.11,1
STU2604,Kavya Gupta,Computer Science,5,0.739,2.03,0.521,5,5,3.9,1,3,3,6.3,0,4.51,1
STU2605,Vivaan Verma,Electronics,2,0.785,2.54,0.874,3,4,4.53,0,2,1,4.7,0,5.42,1
STU2606,Pooja Rao,Computer Science,8,0.502,1.73,0.485,7,2,3.59,1,3,2,10.6,0,5.39,1
STU2607,Sneha Reddy,Computer Science,3,0.701,2.1,0.579,4,3,5.75,0,5,3,4.3,0,5.22,2
STU2608,Kavya Rao,Mechanical Eng.,4,0.698,3.38,0.459,2,8,8.75,0,2,0,12.2,1,8.12,1
STU2609,Aditya Pandey,Civil Eng.,6,0.945,4.23,0.845,3,6,6.15,0,2,0,5.5,0,10.0,0
STU2610,Rohan Rao,Civil Eng.,7,0.763,3.56,0.785,6,4,5.0,0,1,3,23.7,1,5.49,1
STU2611,Priya Sharma,Computer Science,3,0.685,4.14,0.881,6,7,4.92,0,3,1,12.1,1,9.95,0
STU2612,Reyan Reddy,Biotechnology,7,0.808,2.63,0.916,6,6,2.37,1,4,2,2.9,0,5.71,0
STU2613,Arjun Kumar,Computer Science,4,0.772,2.61,0.606,6,5,7.27,0,5,0,4.9,1,7.76,1
STU2614,Arjun Sharma,Computer Science,2,0.669,4.2,0.553,3,8,5.34,0,2,2,22.6,0,7.07,1
STU2615,Sai Mishra,Electrical Eng.,6,0.652,2.34,0.439,4,7,5.14,0,5,0,5.9,1,3.49,1
STU2616,Rahul Yadav,Biotechnology,1,0.791,5.78,0.628,4,10,10.0,0,1,1,9.2,1,8.82,0
STU2617,Sneha Gupta,Biotechnology,8,0.845,2.43,0.739,4,5,6.1,0,3,1,12.6,0,2.45,1
STU2618,Ananya Mishra,Computer Science,1,0.719,2.37,0.611,4,4,4.0,1,1,1,5.1,1,6.58,1
STU2619,Ananya Reddy,Mechanical Eng.,7,0.806,2.96,0.931,3,7,4.65,1,4,0,4.2,1,6.69,0
STU2620,Ishita Rao,Electrical Eng.,1,0.747,5.15,0.541,6,9,7.8,0,3,1,7.7,1,4.58,1
STU2621,Vivaan Patel,Electronics,6,0.797,3.93,0.713,3,5,5.73,0,3,1,2.9,1,6.83,0
STU2622,Ishita Reddy,Civil Eng.,7,0.869,2.81,0.576,2,7,2.62,0,4,1,4.0,0,5.26,1
STU2623,Rohan Singh,Mechanical Eng.,7,0.815,6.46,0.767,3,10,7.34,0,2,1,0.8,1,6.92,0
STU2624,Karan Patel,Computer Science,6,0.656,1.04,0.456,6,4,4.16,1,1,1,4.3,1,5.99,1
STU2625,Riya Verma,Computer Science,7,0.578,3.53,0.63,5,6,9.25,0,4,2,4.6,0,6.71,1
STU2626,Ishita Mishra,Information Tech.,1,0.628,3.0,0.536,1,7,7.66,0,2,2,39.2,1,7.43,1
STU2627,Sai Sharma,Mechanical Eng.,6,0.61,1.26,0.409,5,1,4.61,0,1,2,10.7,1,7.94,2
STU2628,Riya Rao,Information Tech.,8,0.615,3.56,0.343,4,9,8.06,0,3,0,18.6,1,6.99,1
STU2629,Aarav Verma,Mechanical Eng.,5,0.939,4.52,0.747,4,5,5.64,0,3,1,0.6,0,6.6,0
STU2630,Rohan Sharma,Electronics,7,0.638,3.45,0.598,4,4,7.21,0,1,0,1.4,1,8.33,1
STU2631,Priya Gupta,Computer Science,8,0.836,3.54,0.795,2,7,6.47,0,2,2,20.2,1,10.0,1
STU2632,Aditya Verma,Information Tech.,5,0.665,1.08,0.549,5,2,3.81,0,1,1,11.7,0,5.8,2
STU2633,Karan Verma,Information Tech.,1,0.696,2.31,0.719,2,4,4.21,0,3,0,2.5,1,3.2,1
STU2634,Rahul Pandey,Mechanical Eng.,6,0.927,3.71,0.721,4,6,7.56,0,4,0,6.2,0,5.65,0
STU2635,Karan Mishra,Computer Science,3,0.498,4.22,0.155,3,6,4.83,0,5,3,9.3,1,7.53,2
STU2636,Rahul Gupta,Computer Science,2,0.632,1.4,0.597,6,4,4.69,0,3,2,22.3,1,9.13,1
STU2637,Sai Mehta,Information Tech.,1,0.572,2.53,0.643,4,5,3.59,0,2,1,0.7,0,4.37,2
STU2638,Priya Rao,Mechanical Eng.,3,0.573,5.21,0.646,6,10,6.35,0,5,3,10.9,0,6.83,1
STU2639,Reyan Reddy,Mechanical Eng.,3,0.631,4.35,0.438,2,7,9.63,0,3,0,15.1,1,7.92,1
STU2640,Rahul Nair,Biotechnology,3,0.621,0.47,0.504,4,2,3.36,0,2,2,45.7,1,4.63,2
STU2641,Arjun Joshi,Civil Eng.,7,0.721,5.2,0.721,6,9,5.55,0,5,1,19.8,0,9.43,0
STU2642,Suresh Kumar,Information Tech.,5,0.923,5.38,0.768,7,6,8.32,0,4,2,3.9,1,9.59,0
STU2643,Ishita Joshi,Electronics,8,0.76,4.65,0.695,2,4,5.34,0,4,1,14.8,0,7.22,0
STU2644,Karan Yadav,Mechanical Eng.,4,0.634,1.83,0.499,3,2,6.4,0,4,1,17.3,0,6.17,1
STU2645,Nikhil Yadav,Information Tech.,6,0.755,4.83,0.57,6,7,3.38,1,2,1,15.7,1,7.73,0
STU2646,Pooja Mishra,Civil Eng.,5,0.707,2.98,0.547,8,6,6.36,0,2,1,20.6,1,7.83,1
STU2647,Sai Pandey,Civil Eng.,1,0.667,2.93,0.696,5,2,5.13,0,3,0,28.1,1,5.75,1
STU2648,Rohan Sharma,Mechanical Eng.,7,0.634,3.4,0.572,2,6,7.47,0,2,2,1.2,0,8.99,1
STU2649,Pooja Joshi,Biotechnology,6,0.939,5.5,0.972,3,8,7.87,0,3,1,1.3,0,8.03,0
STU2650,Rahul Mehta,Information Tech.,7,0.716,4.78,0.697,5,8,10.0,0,4,1,19.1,0,5.01,0
STU2651,Reyan Mehta,Computer Science,1,0.737,4.58,0.824,5,5,6.66,0,4,1,3.5,1,5.21,0
STU2652,Sai Rao,Computer Science,1,0.809,3.94,0.81,4,11,6.15,1,3,1,0.7,0,4.45,0
STU2653,Suresh Sharma,Electronics,2,0.784,3.65,0.782,2,6,5.89,0,4,2,6.2,0,8.62,1
STU2654,Ananya Gupta,Computer Science,2,0.585,2.3,0.514,6,3,4.79,0,4,2,20.6,0,5.17,1
STU2655,Rohan Joshi,Mechanical Eng.,4,0.932,6.03,1.0,4,9,6.18,0,3,2,1.6,1,7.98,0
STU2656,Reyan Kumar,Electrical Eng.,5,0.733,1.72,0.671,6,6,4.91,1,2,2,13.4,1,10.0,1
STU2657,Kavya Patel,Computer Science,3,0.791,4.25,0.515,1,5,5.84,0,2,2,0.5,0,8.18,1
STU2658,Priya Rao,Information Tech.,6,0.744,4.89,0.696,7,6,8.14,0,2,0,1.4,1,6.69,0
STU2659,Karan Nair,Information Tech.,7,0.728,4.43,0.557,3,7,3.49,1,1,0,5.2,0,4.71,1
STU2660,Riya Kumar,Biotechnology,5,0.816,6.0,0.836,7,9,7.78,0,2,1,1.0,0,6.78,0
STU2661,Sneha Sharma,Computer Science,1,0.623,4.28,0.633,5,8,8.13,0,2,0,22.4,0,5.59,1
STU2662,Vivaan Mehta,Computer Science,4,0.764,4.22,0.668,2,9,5.26,0,3,3,23.9,0,4.52,1
STU2663,Ishita Nair,Electrical Eng.,2,0.887,4.49,0.709,5,9,1.26,1,5,2,16.9,0,3.93,1
STU2664,Sai Pandey,Electronics,6,0.833,3.21,0.765,8,4,4.28,0,1,1,3.3,0,7.24,1
STU2665,Karan Verma,Mechanical Eng.,4,0.68,3.15,0.548,3,4,8.09,0,4,1,8.9,0,6.49,1
STU2666,Reyan Nair,Mechanical Eng.,3,0.855,3.17,0.848,8,5,5.45,0,3,1,2.4,0,6.23,1
STU2667,Priya Rao,Electrical Eng.,4,0.888,1.48,0.855,6,5,3.5,0,1,2,4.0,0,6.89,1
STU2668,Vivaan Nair,Electrical Eng.,4,0.714,3.79,0.936,7,7,4.49,0,5,2,8.7,1,7.66,1
STU2669,Karan Sharma,Electrical Eng.,4,0.9,5.43,0.766,5,10,7.18,1,3,0,15.9,1,3.68,0
STU2670,Pooja Verma,Electrical Eng.,1,0.482,3.83,0.403,4,7,6.59,0,2,2,1.2,0,3.88,2
STU2671,Aarav Reddy,Electronics,3,0.511,1.56,0.445,8,3,5.02,0,4,2,4.2,1,5.81,1
STU2672,Ananya Reddy,Civil Eng.,2,0.797,4.66,0.706,6,7,4.77,1,2,0,31.3,1,4.42,0
STU2673,Karan Yadav,Electrical Eng.,5,0.531,1.28,0.58,4,1,4.72,0,3,1,6.7,1,7.95,1
STU2674,Sneha Reddy,Electronics,2,0.894,1.24,0.777,6,4,3.66,1,1,2,33.5,0,5.26,1
STU2675,Sai Singh,Mechanical Eng.,4,0.848,4.41,0.96,4,6,8.73,0,4,0,57.1,1,10.0,0
STU2676,Riya Rao,Information Tech.,4,0.866,3.76,0.838,5,8,4.86,1,3,0,9.0,1,5.58,0
STU2677,Rahul Mishra,Mechanical Eng.,5,0.792,4.89,0.664,7,9,7.93,0,3,0,4.1,1,7.94,0
STU2678,Ananya Rao,Mechanical Eng.,3,0.659,4.48,0.519,4,10,8.54,0,2,2,18.8,1,6.36,1
STU2679,Aditya Mishra,Electrical Eng.,4,0.792,6.36,0.817,3,10,7.5,0,3,0,2.1,1,8.13,0
STU2680,Kavya Singh,Mechanical Eng.,1,0.769,3.47,0.695,3,7,4.64,1,4,1,3.5,0,7.31,1
STU2681,Priya Sharma,Mechanical Eng.,7,0.729,5.13,0.657,5,8,6.31,0,3,0,18.4,0,8.49,1
STU2682,Karan Yadav,Computer Science,6,0.864,4.58,0.718,3,7,5.45,1,3,2,6.8,0,6.39,0
STU2683,Amit Mehta,Civil Eng.,1,0.748,1.56,0.667,2,3,3.69,1,3,2,2.7,1,8.39,1
STU2684,Riya Sharma,Information Tech.,2,0.746,3.64,0.608,2,8,6.15,0,4,2,12.6,1,7.38,1
STU2685,Ishita Rao,Electronics,7,0.601,5.49,0.677,7,7,3.14,1,3,1,15.8,0,4.78,1
STU2686,Ananya Reddy,Civil Eng.,1,0.956,3.76,0.932,5,7,7.88,0,4,1,1.6,1,6.22,0
STU2687,Nikhil Sharma,Electronics,8,0.677,2.56,0.592,4,3,4.57,0,4,1,3.9,0,7.68,1
STU2688,Rahul Verma,Biotechnology,2,1.0,3.98,0.881,3,7,5.9,1,3,1,3.0,0,9.05,0
STU2689,Reyan Patel,Mechanical Eng.,7,0.809,3.26,0.737,3,5,6.07,0,2,0,5.7,1,4.8,1
STU2690,Rohan Yadav,Electrical Eng.,4,0.676,2.54,0.608,3,6,4.98,1,3,2,17.3,1,7.85,1
STU2691,Ananya Kumar,Mechanical Eng.,1,0.791,3.42,0.616,4,5,6.67,0,4,0,15.0,1,4.33,1
STU2692,Ishita Pandey,Computer Science,8,0.561,5.08,0.315,1,8,4.55,0,2,2,13.0,1,5.25,2
STU2693,Reyan Patel,Mechanical Eng.,1,0.883,4.01,0.715,7,8,7.24,0,3,1,0.5,0,8.05,0
STU2694,Amit Pandey,Computer Science,5,0.958,1.25,0.849,5,4,2.81,1,4,2,1.8,1,4.32,1
STU2695,Sai Patel,Information Tech.,2,0.426,1.91,0.309,4,7,5.75,0,2,2,3.0,1,9.36,2
STU2696,Rahul Yadav,Electronics,5,0.864,7.46,0.86,7,10,9.38,0,3,1,3.8,0,8.91,0
STU2697,Aditya Joshi,Mechanical Eng.,3,0.699,2.78,0.606,6,4,3.5,1,2,1,1.9,0,3.92,1
STU2698,Sneha Yadav,Mechanical Eng.,7,0.856,3.76,0.957,4,8,4.14,0,1,1,6.3,0,7.42,0
STU2699,Sneha Yadav,Civil Eng.,6,0.974,3.03,0.82,6,5,6.53,0,4,1,0.9,1,4.58,0
STU2700,Ishita Gupta,Electronics,5,0.812,4.14,0.745,6,6,5.86,1,1,0,16.6,0,6.76,0
STU2701,Vihaan Nair,Electronics,7,1.0,5.61,0.871,6,9,6.2,0,2,0,18.6,1,8.44,0
STU2702,Reyan Pandey,Computer Science,8,0.747,3.16,0.716,7,6,6.48,0,4,0,10.2,1,8.22,0
STU2703,Sneha Rao,Electronics,7,0.837,4.58,0.86,6,7,6.77,0,2,2,1.1,1,6.88,0
STU2704,Ananya Nair,Information Tech.,1,0.745,2.63,0.731,6,4,7.72,0,5,2,26.5,1,6.7,1
STU2705,Ishita Rao,Computer Science,8,0.999,6.32,0.696,8,12,6.32,0,5,0,40.4,1,4.81,0
STU2706,Vivaan Singh,Electronics,7,0.702,3.83,0.682,4,6,5.02,1,2,0,2.7,1,6.83,0
STU2707,Ananya Mishra,Mechanical Eng.,8,0.841,3.56,0.655,5,5,6.85,0,1,1,14.6,0,8.5,1
STU2708,Suresh Mehta,Computer Science,1,0.63,4.43,0.536,6,7,9.3,0,4,1,22.1,0,10.0,0
STU2709,Vihaan Rao,Electrical Eng.,3,0.684,2.96,0.685,4,6,5.23,0,3,2,9.3,0,5.75,1
STU2710,Ananya Verma,Electrical Eng.,2,0.624,2.51,0.45,5,7,3.55,1,1,1,4.7,0,7.59,1
STU2711,Ananya Joshi,Electrical Eng.,8,0.666,1.38,0.715,3,3,7.71,0,4,3,7.8,1,8.69,1
STU2712,Rohan Singh,Information Tech.,2,0.7,3.46,0.595,0,5,5.26,0,1,0,8.6,1,5.72,1
STU2713,Pooja Verma,Mechanical Eng.,6,0.823,2.18,0.958,6,7,1.15,0,4,1,6.1,1,6.64,1
STU2714,Suresh Yadav,Civil Eng.,2,0.684,4.74,0.623,1,8,7.19,1,1,2,31.9,1,5.69,1
STU2715,Sneha Mishra,Electrical Eng.,8,0.5,2.7,0.621,3,5,4.43,0,1,0,16.3,0,6.79,1
STU2716,Karan Singh,Information Tech.,3,0.544,2.67,0.609,6,5,5.32,0,2,1,3.3,0,6.22,1
STU2717,Reyan Yadav,Computer Science,4,0.873,3.84,0.724,6,5,6.16,0,5,1,10.6,0,7.65,0
STU2718,Reyan Nair,Computer Science,4,0.557,1.83,0.371,6,4,5.88,0,3,2,14.0,0,7.71,2
STU2719,Rohan Sharma,Biotechnology,3,0.818,4.25,0.747,1,8,6.92,0,4,1,1.8,0,6.12,0
STU2720,Amit Rao,Civil Eng.,5,0.611,1.15,0.491,5,5,4.63,0,2,3,5.3,0,6.37,2
STU2721,Aditya Yadav,Information Tech.,3,0.911,5.3,0.978,4,8,6.53,1,2,2,28.3,1,6.73,0
STU2722,Vivaan Patel,Electrical Eng.,8,0.745,4.32,0.646,6,7,4.98,0,2,2,10.0,0,4.53,1
STU2723,Rohan Singh,Civil Eng.,4,1.0,2.98,0.87,8,7,6.98,0,3,1,2.9,1,6.43,0
STU2724,Pooja Rao,Electronics,6,1.0,4.81,0.76,2,8,6.73,0,3,3,1.6,1,5.98,0
STU2725,Arjun Joshi,Biotechnology,6,0.691,3.22,0.664,4,7,3.63,0,3,2,8.8,0,4.06,1
STU2726,Vivaan Gupta,Computer Science,4,0.669,3.09,0.485,6,6,7.67,1,2,1,9.5,1,5.85,1
STU2727,Karan Singh,Computer Science,5,1.0,0.9,0.944,4,2,4.43,1,5,0,4.9,1,5.86,0
STU2728,Kavya Gupta,Electrical Eng.,1,0.651,4.51,0.644,8,6,7.12,1,2,1,11.9,1,7.23,0
STU2729,Ananya Singh,Computer Science,1,0.71,2.92,0.564,4,7,6.23,0,5,2,0.9,0,4.63,1
STU2730,Kavya Rao,Electronics,1,0.845,6.07,0.856,4,5,9.18,0,1,0,1.9,0,9.91,0
STU2731,Kavya Verma,Biotechnology,2,0.741,3.53,0.639,2,5,5.05,0,3,1,9.5,1,7.62,1
STU2732,Ishita Mehta,Information Tech.,4,0.495,2.6,0.299,4,3,4.8,0,2,4,0.8,0,6.29,2
STU2733,Aditya Nair,Mechanical Eng.,7,0.891,5.8,0.957,0,11,5.46,0,3,0,25.5,0,4.44,0
STU2734,Aarav Pandey,Electronics,7,0.65,4.16,0.493,4,9,4.89,1,3,1,1.8,1,6.09,1
STU2735,Nikhil Singh,Civil Eng.,3,0.772,0.0,0.746,7,1,7.1,0,3,3,13.4,0,6.64,1
STU2736,Rahul Sharma,Computer Science,7,0.509,2.1,0.501,1,9,2.27,0,3,0,6.0,0,3.74,1
STU2737,Aarav Pandey,Civil Eng.,5,0.661,1.36,0.634,1,6,3.39,1,4,3,6.1,0,3.93,1
STU2738,Priya Joshi,Information Tech.,7,0.416,2.05,0.412,6,5,3.36,1,3,2,17.4,0,7.39,1
STU2739,Sai Mishra,Mechanical Eng.,4,0.503,4.05,0.356,7,9,7.4,0,4,1,8.3,1,6.64,1
STU2740,Priya Pandey,Civil Eng.,1,0.703,5.1,0.802,2,7,8.92,0,2,0,15.5,0,9.27,0
STU2741,Suresh Pandey,Computer Science,8,0.672,3.9,0.701,8,6,5.29,0,3,0,8.4,1,6.56,0
STU2742,Sneha Pandey,Information Tech.,5,0.97,4.84,0.92,6,9,5.16,0,3,1,10.8,1,7.9,0
STU2743,Priya Patel,Computer Science,3,0.773,4.46,0.563,7,6,5.64,0,2,2,17.2,1,7.99,1
STU2744,Suresh Sharma,Civil Eng.,7,0.957,5.04,0.763,3,6,7.82,0,3,1,11.2,0,8.19,0
STU2745,Priya Mishra,Electrical Eng.,8,0.688,3.34,0.685,7,5,3.65,1,2,2,11.5,0,8.22,1
STU2746,Vivaan Patel,Electrical Eng.,4,0.886,5.34,0.597,4,8,5.98,0,1,1,18.7,0,6.97,1
STU2747,Kavya Yadav,Mechanical Eng.,3,0.667,3.86,0.634,4,7,7.45,0,2,1,35.7,0,4.54,1
STU2748,Arjun Yadav,Electrical Eng.,4,0.649,3.6,0.451,5,6,6.5,1,1,3,5.7,1,4.55,1
STU2749,Karan Mishra,Civil Eng.,4,0.441,1.48,0.31,3,1,5.88,0,3,2,10.3,1,5.59,2
STU2750,Riya Reddy,Electrical Eng.,8,0.861,5.52,0.634,2,9,7.5,0,3,2,1.1,0,8.59,1
STU2751,Ishita Verma,Civil Eng.,1,0.72,2.21,0.672,5,7,1.0,1,5,1,5.3,0,4.58,1
STU2752,Aarav Yadav,Computer Science,8,0.996,7.58,1.0,4,10,6.86,0,4,1,6.4,0,7.43,0
STU2753,Kavya Joshi,Electrical Eng.,5,0.737,2.77,0.698,3,8,4.19,0,1,2,21.6,1,7.22,1
STU2754,Aditya Rao,Electronics,8,0.949,2.66,0.9,7,6,1.84,1,4,3,8.6,0,5.85,0
STU2755,Sneha Kumar,Mechanical Eng.,8,0.806,4.61,0.742,9,6,6.52,1,4,1,15.8,0,2.83,0
STU2756,Aditya Kumar,Electrical Eng.,6,0.845,3.15,0.829,3,5,8.25,0,3,1,0.5,0,5.34,0
STU2757,Karan Singh,Computer Science,6,0.721,4.0,0.696,5,6,5.23,0,3,1,7.5,1,9.75,1
STU2758,Rahul Gupta,Civil Eng.,6,0.662,4.26,0.324,4,7,7.41,0,5,0,27.8,1,7.81,1
STU2759,Ananya Gupta,Computer Science,1,0.856,4.25,0.861,9,3,8.72,0,3,0,3.0,1,2.76,0
STU2760,Karan Rao,Electrical Eng.,4,0.823,5.85,0.821,6,8,8.13,0,5,1,0.5,1,7.56,0
STU2761,Arjun Yadav,Computer Science,1,0.842,3.55,0.721,7,5,8.78,0,1,3,6.8,0,10.0,0
STU2762,Reyan Mishra,Computer Science,4,0.819,4.43,0.54,7,10,6.98,1,2,0,14.6,1,7.59,0
STU2763,Vihaan Nair,Computer Science,7,0.722,5.44,0.674,5,9,5.65,0,3,0,7.3,1,6.78,1
STU2764,Rohan Mishra,Mechanical Eng.,6,0.803,1.84,0.755,4,3,2.3,1,3,3,7.4,0,2.4,1
STU2765,Vivaan Patel,Information Tech.,6,0.621,3.15,0.515,7,5,5.01,0,4,1,13.3,0,6.01,1
STU2766,Kavya Nair,Civil Eng.,1,0.913,5.96,0.841,6,10,3.81,1,5,2,3.5,0,3.19,0
STU2767,Nikhil Nair,Electronics,7,0.975,5.52,0.984,3,8,9.84,0,2,0,16.7,0,5.75,0
STU2768,Nikhil Verma,Computer Science,4,0.671,2.94,0.844,3,5,5.15,0,1,1,2.0,1,3.93,1
STU2769,Sneha Nair,Mechanical Eng.,6,0.926,4.69,0.848,4,7,5.75,0,4,0,6.0,0,9.85,0
STU2770,Reyan Pandey,Mechanical Eng.,2,0.78,3.3,0.735,7,7,6.6,0,3,4,12.8,1,8.29,0
STU2771,Suresh Sharma,Information Tech.,2,0.774,1.8,0.614,7,2,5.59,0,2,3,21.1,1,9.2,1
STU2772,Kavya Rao,Civil Eng.,6,0.752,6.31,0.627,9,8,8.89,0,3,1,18.8,1,5.28,0
STU2773,Vivaan Joshi,Electrical Eng.,3,0.704,1.95,0.62,3,3,4.25,0,4,1,15.3,0,6.62,1
STU2774,Rahul Pandey,Mechanical Eng.,4,0.699,6.71,0.747,5,8,5.89,0,4,2,5.3,1,4.95,1
STU2775,Sneha Gupta,Electronics,1,0.91,2.62,0.901,4,4,4.02,0,3,3,1.6,1,4.58,0
STU2776,Karan Kumar,Information Tech.,4,0.575,5.42,0.71,4,10,2.86,1,2,1,2.9,0,6.7,1
STU2777,Sai Verma,Electrical Eng.,1,0.623,1.64,0.412,6,6,4.28,0,5,2,24.0,1,6.6,2
STU2778,Sai Nair,Computer Science,3,0.683,4.86,0.482,4,8,5.43,0,3,3,23.4,1,7.14,1
STU2779,Aditya Kumar,Mechanical Eng.,6,0.841,3.99,0.867,7,7,4.64,0,3,1,36.3,1,4.13,1
STU2780,Aarav Mishra,Electronics,6,1.0,4.24,1.0,4,6,4.12,0,2,0,0.9,1,6.46,0
STU2781,Rohan Sharma,Mechanical Eng.,6,0.837,3.97,0.757,6,4,2.69,1,4,2,9.2,0,6.43,1
STU2782,Suresh Verma,Civil Eng.,4,1.0,3.0,0.453,4,6,5.33,1,2,1,12.6,1,5.38,0
STU2783,Riya Mishra,Electrical Eng.,3,0.482,1.18,0.359,0,4,2.49,0,2,4,14.9,0,5.26,2
STU2784,Nikhil Gupta,Information Tech.,1,0.606,4.04,0.579,2,6,7.02,0,3,1,12.4,1,4.14,1
STU2785,Rohan Joshi,Mechanical Eng.,5,0.652,3.97,0.496,5,5,5.66,1,2,0,17.6,1,2.82,1
STU2786,Karan Sharma,Electrical Eng.,6,0.703,2.21,0.651,8,3,2.58,1,3,1,5.3,1,9.39,1
STU2787,Amit Verma,Computer Science,1,0.629,3.8,0.756,3,7,4.88,0,1,2,2.4,0,6.83,1
STU2788,Ananya Reddy,Information Tech.,3,0.654,3.59,0.731,4,6,4.0,1,3,0,2.7,0,5.55,1
STU2789,Kavya Gupta,Mechanical Eng.,4,0.784,2.75,0.787,6,7,6.14,0,2,1,0.5,1,8.28,1
STU2790,Priya Gupta,Electronics,8,0.648,4.93,0.577,3,7,8.18,0,1,0,5.2,0,5.89,1
STU2791,Rahul Mehta,Computer Science,8,0.552,2.2,0.448,3,4,1.75,1,1,2,1.2,0,5.72,2
STU2792,Ishita Singh,Information Tech.,4,0.667,2.88,0.676,4,5,5.73,1,5,3,4.7,1,8.71,0
STU2793,Reyan Pandey,Biotechnology,3,0.743,4.5,0.672,4,7,5.18,0,4,1,11.9,1,4.57,1
STU2794,Sai Nair,Electrical Eng.,7,0.846,3.12,0.767,1,7,6.84,0,2,2,27.0,0,6.17,1
STU2795,Arjun Reddy,Electrical Eng.,8,0.621,3.23,0.404,3,8,5.93,0,4,1,22.0,0,4.29,1
STU2796,Priya Yadav,Civil Eng.,4,0.645,3.29,0.509,6,4,4.0,1,3,1,3.5,0,7.7,1
STU2797,Arjun Mehta,Biotechnology,7,0.874,5.11,0.862,6,7,4.86,0,5,1,1.7,0,6.83,0
STU2798,Rohan Yadav,Electrical Eng.,2,0.832,3.4,0.639,7,8,3.91,1,2,2,2.6,0,8.28,0
STU2799,Riya Nair,Computer Science,6,0.969,4.93,0.898,7,8,7.65,0,3,2,42.5,1,8.81,0
STU2800,Vihaan Nair,Civil Eng.,5,0.789,3.31,0.751,3,6,5.54,0,1,2,9.6,0,6.19,1
STU2801,Sai Mishra,Electrical Eng.,3,0.804,4.7,0.77,3,8,9.3,1,2,3,2.4,0,8.53,0
STU2802,Sneha Patel,Electronics,5,0.811,3.55,0.786,3,7,5.38,1,5,2,22.0,1,7.37,0
STU2803,Amit Pandey,Mechanical Eng.,3,0.711,3.58,0.703,4,7,4.08,0,3,0,6.0,1,7.55,1
STU2804,Ishita Nair,Biotechnology,5,0.662,2.39,0.534,3,5,2.47,1,2,1,27.5,1,8.38,1
STU2805,Reyan Singh,Information Tech.,1,0.554,4.18,0.352,4,7,1.89,0,1,2,3.6,0,3.61,2
STU2806,Nikhil Pandey,Mechanical Eng.,3,0.797,2.25,0.63,3,7,2.33,1,4,3,6.0,0,2.32,1
STU2807,Amit Pandey,Mechanical Eng.,8,0.696,1.76,0.699,6,4,6.03,0,3,1,8.4,0,4.92,1
STU2808,Ishita Mehta,Electrical Eng.,4,0.983,7.25,0.765,3,11,6.52,0,2,1,26.8,1,7.81,0
STU2809,Kavya Verma,Computer Science,5,0.354,2.31,0.215,2,7,2.34,1,5,1,24.4,1,6.45,2
STU2810,Ananya Verma,Electronics,1,0.825,5.76,0.638,6,9,7.29,0,1,0,10.2,1,6.16,0
STU2811,Priya Gupta,Civil Eng.,1,0.699,5.05,0.445,6,8,4.53,0,2,2,3.0,0,5.87,1
STU2812,Riya Reddy,Mechanical Eng.,7,0.975,4.87,0.763,4,9,5.79,0,5,2,6.2,0,5.24,0
STU2813,Amit Joshi,Civil Eng.,6,0.849,4.38,0.864,6,8,8.72,0,2,1,44.6,0,7.42,0
STU2814,Kavya Gupta,Computer Science,1,0.809,4.53,0.657,6,6,7.29,0,2,0,11.2,0,5.94,1
STU2815,Amit Mehta,Biotechnology,4,0.627,1.96,0.389,8,5,4.96,0,3,3,18.2,0,9.44,1
STU2816,Aarav Singh,Computer Science,1,0.868,5.5,0.73,6,7,3.72,1,4,1,7.2,0,8.5,0
STU2817,Riya Mehta,Mechanical Eng.,5,0.542,1.34,0.539,7,6,1.2,1,1,0,9.1,0,6.66,1
STU2818,Reyan Yadav,Biotechnology,7,0.705,2.91,0.451,5,6,4.06,0,5,1,6.7,0,6.27,1
STU2819,Rahul Joshi,Mechanical Eng.,4,0.676,3.64,0.704,7,5,5.08,0,4,0,14.6,0,8.57,1
STU2820,Pooja Pandey,Information Tech.,6,0.989,2.93,0.746,8,5,3.53,1,2,2,22.9,1,6.24,0
STU2821,Karan Kumar,Computer Science,8,0.888,2.78,0.759,4,6,5.24,0,4,1,8.5,0,6.86,1
STU2822,Rohan Gupta,Computer Science,3,0.942,5.37,0.807,4,7,5.65,0,2,0,7.9,0,3.59,0
STU2823,Ananya Gupta,Computer Science,4,0.607,4.66,0.49,3,12,5.05,0,3,2,5.0,1,6.98,1
STU2824,Rahul Mishra,Biotechnology,3,0.85,3.65,0.758,6,4,4.2,0,4,3,2.3,1,3.94,1
STU2825,Ananya Mishra,Computer Science,8,0.753,3.27,0.756,2,7,5.84,0,5,0,33.6,1,6.03,1
STU2826,Riya Verma,Civil Eng.,3,0.955,5.19,0.855,4,8,6.38,0,1,0,4.6,0,7.22,0
STU2827,Karan Kumar,Electrical Eng.,3,0.736,2.44,0.602,7,4,3.32,1,3,2,19.4,0,4.38,1
STU2828,Ishita Mehta,Information Tech.,3,0.854,6.38,0.815,6,10,8.32,0,3,0,15.1,0,8.36,0
STU2829,Rohan Mishra,Mechanical Eng.,8,0.777,3.72,0.72,0,6,5.3,0,2,0,18.8,1,8.48,1
STU2830,Pooja Singh,Computer Science,8,0.589,5.14,0.463,2,11,5.54,0,2,0,33.1,0,5.07,1
STU2831,Aarav Nair,Electronics,8,0.665,3.94,0.603,9,5,6.92,1,1,3,11.7,1,7.29,1
STU2832,Kavya Sharma,Civil Eng.,7,0.8,3.88,0.645,7,7,5.97,0,3,3,27.4,0,4.55,1
STU2833,Rahul Mishra,Electrical Eng.,6,0.964,5.69,0.781,4,8,7.41,0,3,2,2.2,0,5.12,0
STU2834,Amit Nair,Mechanical Eng.,8,0.792,6.45,0.794,2,10,6.07,0,2,1,11.8,1,7.38,0
STU2835,Vivaan Singh,Information Tech.,7,0.801,5.15,0.766,2,9,4.28,0,4,1,17.8,0,7.57,1
STU2836,Riya Mishra,Computer Science,4,0.605,4.92,0.621,5,5,6.22,1,4,1,3.8,1,4.15,1
STU2837,Ishita Gupta,Computer Science,8,0.922,3.67,0.893,9,7,3.21,1,3,1,16.2,1,9.65,0
STU2838,Arjun Verma,Computer Science,7,0.858,3.11,0.683,9,7,5.72,0,2,2,18.1,1,5.82,1
STU2839,Aarav Verma,Computer Science,6,0.838,3.98,0.854,2,7,5.43,1,3,2,21.3,0,7.0,0
STU2840,Rohan Sharma,Information Tech.,8,0.746,2.43,0.642,4,4,5.08,1,2,0,4.5,1,5.56,1
STU2841,Ananya Kumar,Electronics,6,0.947,4.02,0.945,3,5,5.24,0,2,0,13.7,1,6.06,0
STU2842,Vivaan Kumar,Computer Science,2,0.625,3.05,0.55,5,6,1.74,1,4,3,4.4,1,8.25,1
STU2843,Nikhil Mehta,Electronics,7,0.529,0.97,0.508,1,6,4.4,0,1,1,16.1,0,9.03,2
STU2844,Vivaan Patel,Civil Eng.,8,0.877,3.75,0.824,4,7,5.69,0,1,1,7.5,0,3.73,1
STU2845,Aarav Mehta,Mechanical Eng.,2,0.889,4.24,0.881,3,9,5.82,1,1,1,10.9,1,5.73,0
STU2846,Rahul Patel,Computer Science,8,0.574,2.93,0.353,5,7,3.44,1,2,1,6.5,0,10.0,2
STU2847,Reyan Yadav,Civil Eng.,7,0.73,4.84,0.499,3,7,8.03,0,1,0,2.1,1,6.63,0
STU2848,Arjun Kumar,Information Tech.,7,0.864,1.52,0.844,4,4,3.77,1,5,1,2.4,0,6.89,1
STU2849,Reyan Mishra,Electrical Eng.,1,0.781,3.3,0.739,6,7,7.44,0,2,2,1.0,1,9.28,1
STU2850,Riya Rao,Electrical Eng.,7,0.9,5.15,0.733,8,6,6.35,0,1,0,11.6,1,8.44,0
STU2851,Ananya Rao,Information Tech.,5,0.591,3.26,0.569,8,7,4.21,0,2,2,22.7,1,1.19,2
STU2852,Priya Yadav,Computer Science,5,0.884,5.12,0.655,6,10,9.05,0,5,0,0.5,1,8.32,0
STU2853,Rohan Patel,Computer Science,6,0.521,2.28,0.795,4,5,3.11,0,3,0,0.8,0,9.08,1
STU2854,Karan Pandey,Electronics,8,0.531,4.22,0.609,7,8,7.34,1,2,2,7.3,0,7.25,0
STU2855,Aditya Joshi,Civil Eng.,5,0.747,1.49,0.734,7,3,7.5,0,4,2,16.1,1,5.38,1
STU2856,Sai Singh,Information Tech.,1,0.943,4.26,0.856,7,7,4.16,0,2,1,2.1,1,4.41,0
STU2857,Aditya Yadav,Mechanical Eng.,8,0.836,6.65,0.69,2,10,8.28,0,2,0,3.8,1,7.13,0
STU2858,Pooja Sharma,Computer Science,5,0.623,2.22,0.43,7,5,5.0,0,2,1,3.2,1,7.72,1
STU2859,Ishita Gupta,Electrical Eng.,4,0.913,2.69,0.81,6,5,6.08,0,2,2,6.1,1,10.0,1
STU2860,Karan Nair,Mechanical Eng.,7,0.75,4.34,0.589,3,5,6.02,0,2,0,3.1,0,6.28,1
STU2861,Priya Patel,Biotechnology,6,0.806,5.34,0.645,3,7,5.23,0,3,2,5.2,0,7.58,1
STU2862,Ishita Sharma,Information Tech.,6,0.969,4.13,0.73,6,10,7.12,0,2,1,15.6,1,4.36,0
STU2863,Ishita Sharma,Electrical Eng.,2,0.664,2.65,0.622,0,6,7.09,0,3,2,11.3,1,4.09,1
STU2864,Rahul Pandey,Electrical Eng.,7,0.616,2.35,0.516,4,2,2.0,1,1,2,1.0,0,4.71,2
STU2865,Riya Pandey,Electrical Eng.,8,0.826,3.2,0.797,3,8,8.11,1,2,1,12.2,0,8.23,0
STU2866,Kavya Mehta,Electronics,6,0.589,1.85,0.575,3,2,2.18,1,3,1,7.8,1,5.5,1
STU2867,Riya Rao,Electrical Eng.,8,0.739,3.9,0.688,4,8,7.57,1,5,2,32.7,1,7.37,0
STU2868,Priya Joshi,Mechanical Eng.,3,0.57,3.21,0.779,1,8,7.75,0,2,2,4.1,0,6.83,1
STU2869,Reyan Reddy,Electronics,6,0.705,2.06,0.717,7,5,3.32,1,3,0,15.5,0,5.95,1
STU2870,Arjun Mehta,Information Tech.,6,0.748,3.49,0.547,0,5,4.68,0,2,1,15.8,0,5.87,1
STU2871,Sneha Nair,Electronics,6,0.846,3.24,0.807,5,5,3.29,1,1,1,3.0,0,3.56,1
STU2872,Nikhil Nair,Computer Science,5,0.775,1.81,0.692,3,5,5.07,0,1,2,28.0,0,3.84,1
STU2873,Karan Joshi,Electronics,1,0.824,3.94,0.607,9,5,4.88,0,2,0,8.1,1,8.91,0
STU2874,Sai Singh,Biotechnology,7,0.794,3.66,0.572,5,6,7.06,0,2,3,13.6,0,5.64,1
STU2875,Vivaan Mishra,Electronics,1,0.803,5.3,0.768,0,9,8.12,0,2,1,1.9,1,7.0,1
STU2876,Pooja Gupta,Mechanical Eng.,8,0.89,5.42,0.871,6,8,8.29,0,4,2,3.6,1,9.63,0
STU2877,Nikhil Patel,Computer Science,4,0.573,2.66,0.411,2,7,4.38,0,1,2,10.6,0,5.83,2
STU2878,Vivaan Yadav,Mechanical Eng.,3,0.489,4.26,0.537,6,6,5.08,0,3,0,4.6,1,8.1,1
STU2879,Vivaan Mishra,Electrical Eng.,3,0.805,1.64,0.753,6,0,2.13,1,2,0,8.3,0,4.04,1
STU2880,Arjun Singh,Information Tech.,8,0.871,4.75,0.904,8,7,3.89,1,3,2,5.6,0,8.97,0
STU2881,Rohan Verma,Civil Eng.,8,0.716,3.27,0.753,5,6,7.43,0,3,1,12.3,1,7.64,1
STU2882,Ishita Singh,Mechanical Eng.,1,0.931,5.04,0.822,6,9,8.73,0,2,0,8.0,0,7.57,0
STU2883,Pooja Rao,Electronics,5,0.62,2.68,0.721,4,5,3.03,0,2,3,0.5,0,5.61,1
STU2884,Riya Mishra,Computer Science,8,0.598,2.07,0.426,3,4,4.32,0,4,1,12.6,0,7.67,2
STU2885,Arjun Reddy,Computer Science,6,0.687,4.72,0.858,7,8,5.45,0,4,0,6.6,0,7.06,0
STU2886,Pooja Reddy,Electronics,4,0.791,3.08,0.624,2,8,6.06,0,2,1,5.0,1,1.06,1
STU2887,Pooja Kumar,Mechanical Eng.,6,0.455,1.12,0.405,4,4,3.88,0,1,3,1.2,0,5.36,2
STU2888,Sneha Nair,Computer Science,4,0.526,0.45,0.417,3,2,6.35,1,4,0,3.0,1,7.48,1
STU2889,Aarav Pandey,Electrical Eng.,8,0.727,2.32,0.617,6,8,4.55,0,2,1,3.0,1,4.62,1
STU2890,Vivaan Sharma,Civil Eng.,3,0.667,5.29,0.893,2,8,5.47,0,3,0,32.9,1,5.73,1
STU2891,Vihaan Verma,Electronics,4,0.74,5.49,0.62,4,5,6.59,0,2,2,6.8,0,6.28,1
STU2892,Amit Patel,Mechanical Eng.,6,0.446,2.79,0.487,4,3,5.51,0,1,2,0.5,0,9.52,1
STU2893,Amit Reddy,Electrical Eng.,2,0.79,2.94,0.688,8,6,4.63,0,3,1,1.8,1,7.46,0
STU2894,Vihaan Verma,Electrical Eng.,3,0.639,3.03,0.668,3,3,5.28,0,3,2,1.0,1,7.18,1
STU2895,Amit Joshi,Computer Science,7,0.548,2.0,0.439,3,5,5.32,0,2,1,10.7,0,4.5,2
STU2896,Priya Mehta,Computer Science,1,0.536,2.29,0.508,1,4,4.76,0,3,2,2.5,0,5.2,2
STU2897,Suresh Mishra,Mechanical Eng.,7,0.737,4.67,0.726,3,9,4.98,0,4,3,8.3,1,8.03,1
STU2898,Sneha Singh,Mechanical Eng.,4,0.619,5.21,0.485,5,9,8.7,0,3,1,5.5,1,8.8,1
STU2899,Karan Gupta,Electrical Eng.,3,1.0,4.31,1.0,5,5,6.62,0,1,3,19.5,0,4.43,0
STU2900,Kavya Mishra,Civil Eng.,7,0.389,1.87,0.418,4,6,4.91,0,3,2,4.6,1,8.99,2
STU2901,Rohan Singh,Electrical Eng.,5,0.713,4.19,0.62,8,9,6.89,0,4,0,7.4,1,5.52,1
STU2902,Suresh Patel,Electronics,5,0.64,0.69,0.506,1,1,4.83,0,4,2,15.3,1,7.09,1
STU2903,Riya Kumar,Civil Eng.,6,0.722,5.37,0.659,9,7,7.85,0,3,0,6.8,1,10.0,0
STU2904,Rahul Yadav,Mechanical Eng.,8,0.793,4.18,0.592,7,8,6.24,0,2,1,18.9,1,6.12,0
STU2905,Vihaan Mehta,Computer Science,2,0.583,1.97,0.703,4,5,5.29,0,4,2,13.0,1,6.89,1
STU2906,Sneha Gupta,Civil Eng.,6,1.0,5.86,0.943,6,13,6.4,0,3,2,6.3,0,5.91,0
STU2907,Priya Reddy,Computer Science,1,0.488,0.55,0.43,3,4,2.36,1,1,1,8.4,0,6.02,2
STU2908,Pooja Kumar,Mechanical Eng.,5,0.462,3.61,0.521,5,10,3.25,0,3,2,41.0,0,8.54,2
STU2909,Ishita Singh,Electronics,7,0.588,3.6,0.457,8,6,3.11,0,2,3,13.0,0,5.58,1
STU2910,Aarav Singh,Computer Science,3,0.736,2.25,0.547,3,5,5.79,0,3,0,28.2,0,6.21,1
STU2911,Sai Mishra,Electrical Eng.,4,0.772,4.64,0.681,4,7,8.97,0,2,2,2.4,1,9.68,0
STU2912,Aarav Mishra,Computer Science,5,0.811,3.02,0.743,3,5,9.96,0,3,1,7.9,1,5.71,0
STU2913,Amit Singh,Electrical Eng.,7,0.685,0.62,0.669,3,3,6.78,0,5,0,28.7,0,7.18,1
STU2914,Ishita Mehta,Biotechnology,5,0.63,2.67,0.42,3,4,6.5,0,4,3,4.7,1,5.64,1
STU2915,Arjun Joshi,Biotechnology,2,0.614,1.83,0.507,2,0,1.9,0,5,1,41.2,0,5.14,2
STU2916,Priya Yadav,Biotechnology,6,0.718,4.1,0.338,4,6,4.41,0,5,1,1.2,0,4.73,1
STU2917,Aarav Mishra,Civil Eng.,6,0.956,3.26,0.743,5,8,3.92,1,1,1,28.0,0,3.61,1
STU2918,Rohan Rao,Mechanical Eng.,4,0.818,3.39,0.808,4,6,4.26,0,3,0,7.1,0,2.3,1
STU2919,Suresh Gupta,Mechanical Eng.,6,0.92,2.33,0.924,0,5,5.16,0,3,2,0.9,1,5.73,0
STU2920,Pooja Singh,Computer Science,4,0.81,2.73,0.615,4,4,4.56,0,4,0,25.4,0,6.78,1
STU2921,Priya Singh,Computer Science,5,0.646,1.35,0.549,4,4,1.54,1,2,1,3.5,0,6.93,1
STU2922,Karan Rao,Computer Science,8,0.583,2.63,0.527,8,8,7.0,0,5,3,0.5,0,4.69,1
STU2923,Arjun Reddy,Electrical Eng.,4,0.716,2.29,0.752,4,7,3.35,1,3,3,1.8,0,6.28,1
STU2924,Aarav Singh,Computer Science,1,0.748,3.88,0.826,6,7,5.98,0,4,1,12.9,1,7.8,0
STU2925,Rohan Singh,Biotechnology,7,0.757,4.21,0.697,4,6,9.65,0,1,0,45.7,0,8.54,0
STU2926,Ananya Rao,Civil Eng.,1,0.683,2.71,0.589,7,8,3.66,1,2,1,1.4,0,6.56,1
STU2927,Amit Joshi,Computer Science,5,0.479,3.13,0.287,2,7,1.0,1,4,3,7.4,0,1.41,2
STU2928,Priya Singh,Electrical Eng.,5,0.866,2.88,0.791,6,3,4.93,1,1,0,2.4,1,6.26,0
STU2929,Rohan Yadav,Mechanical Eng.,1,0.702,2.71,0.84,6,3,7.7,0,4,0,16.4,1,7.16,1
STU2930,Arjun Pandey,Information Tech.,6,0.65,5.5,0.714,6,6,9.42,0,1,2,1.5,1,8.81,0
STU2931,Pooja Joshi,Computer Science,4,0.787,3.23,0.726,9,5,3.04,1,3,1,3.3,0,8.41,0
STU2932,Amit Sharma,Electrical Eng.,2,0.671,4.34,0.634,3,9,6.49,0,2,0,2.6,0,6.48,1
STU2933,Amit Patel,Electronics,2,0.832,4.12,0.68,7,8,4.57,0,3,0,9.6,1,5.75,0
STU2934,Ananya Yadav,Mechanical Eng.,7,0.871,4.13,0.748,7,7,5.29,0,3,2,24.8,1,6.82,1
STU2935,Kavya Verma,Mechanical Eng.,2,0.924,5.03,0.846,5,8,10.0,0,2,1,8.6,0,8.04,0
STU2936,Nikhil Pandey,Mechanical Eng.,4,0.805,5.62,0.74,8,12,2.49,1,1,0,0.7,0,6.53,0
STU2937,Vihaan Gupta,Electronics,2,0.641,2.26,0.678,4,5,6.01,0,1,3,9.9,1,7.75,1
STU2938,Rahul Patel,Computer Science,1,0.654,3.23,0.685,4,6,6.44,0,3,2,19.2,1,6.61,1
STU2939,Rahul Mehta,Information Tech.,4,0.732,5.46,0.711,4,8,7.67,0,3,0,1.7,0,8.2,0
STU2940,Ananya Sharma,Computer Science,1,0.753,3.88,0.578,2,10,5.7,0,4,1,0.9,1,6.31,1
STU2941,Karan Gupta,Mechanical Eng.,6,0.765,4.74,0.592,6,9,6.12,0,3,0,2.5,0,4.22,1
STU2942,Kavya Kumar,Mechanical Eng.,7,0.646,3.62,0.492,6,5,4.72,0,3,1,16.4,0,4.33,1
STU2943,Ishita Verma,Mechanical Eng.,6,0.681,5.46,0.637,4,7,6.04,0,2,0,10.7,0,2.61,1
STU2944,Ananya Pandey,Computer Science,4,0.676,2.24,0.406,8,2,4.81,0,1,1,9.3,0,9.44,1
STU2945,Karan Pandey,Civil Eng.,2,0.773,5.63,0.695,4,9,6.74,1,2,1,3.4,1,9.34,0
STU2946,Kavya Sharma,Electrical Eng.,2,0.656,4.83,0.732,1,6,4.76,0,5,1,4.8,0,8.29,1
STU2947,Reyan Singh,Civil Eng.,5,0.797,2.42,0.784,8,3,6.25,0,4,1,40.5,1,6.49,1
STU2948,Ishita Singh,Civil Eng.,3,0.988,4.39,0.854,7,9,5.44,0,2,0,3.3,1,8.39,0
STU2949,Sneha Gupta,Computer Science,7,0.886,4.27,0.728,6,8,7.75,1,3,3,27.8,0,8.94,0
STU2950,Reyan Verma,Biotechnology,1,0.629,2.89,0.647,4,8,5.4,0,4,0,10.4,0,4.0,1
STU2951,Karan Kumar,Information Tech.,2,0.607,0.32,0.577,5,0,1.95,0,3,2,1.6,0,4.17,2
STU2952,Rahul Reddy,Information Tech.,4,0.913,3.19,0.797,2,4,8.02,1,1,0,7.6,0,8.37,0
STU2953,Reyan Rao,Electrical Eng.,8,0.617,3.96,0.497,4,6,3.69,1,1,2,35.6,1,5.23,1
STU2954,Arjun Joshi,Information Tech.,7,0.863,4.23,0.785,3,10,4.19,0,3,0,6.5,0,4.98,1
STU2955,Ananya Verma,Civil Eng.,7,0.548,3.04,0.463,5,6,4.31,1,5,1,23.9,0,7.78,1
STU2956,Ananya Mishra,Electrical Eng.,7,1.0,5.46,0.978,7,11,8.25,0,3,1,3.6,0,5.98,0
STU2957,Kavya Verma,Electronics,5,0.688,3.5,0.744,2,7,1.23,1,1,1,10.2,1,9.84,1
STU2958,Vivaan Singh,Civil Eng.,1,1.0,5.19,0.763,6,8,10.0,0,2,1,22.3,1,10.0,0
STU2959,Ananya Sharma,Computer Science,2,0.944,3.42,0.727,5,7,7.61,0,4,0,30.4,1,6.9,0
STU2960,Rahul Nair,Biotechnology,5,0.76,4.31,0.819,6,5,5.95,0,4,0,8.0,1,9.03,0
STU2961,Karan Mehta,Electrical Eng.,2,0.682,4.2,0.63,4,4,5.39,0,3,2,12.2,1,6.95,1
STU2962,Reyan Reddy,Civil Eng.,2,0.809,4.63,0.615,6,8,6.07,1,3,0,0.5,1,6.07,0
STU2963,Aditya Patel,Electrical Eng.,2,0.778,5.0,0.799,3,8,6.54,0,1,0,3.5,1,10.0,0
STU2964,Nikhil Rao,Computer Science,8,0.648,2.4,0.617,1,8,6.79,0,4,1,3.9,1,7.74,1
STU2965,Ishita Nair,Information Tech.,5,0.536,3.37,0.703,1,4,6.61,0,4,0,1.2,1,5.37,1
STU2966,Ishita Mishra,Electronics,6,0.595,1.43,0.512,3,4,5.68,0,2,0,3.9,1,7.53,1
STU2967,Amit Nair,Information Tech.,6,0.644,4.43,0.69,1,8,5.11,0,4,0,4.6,1,9.55,0
STU2968,Rohan Patel,Electrical Eng.,3,0.798,3.3,0.574,8,6,5.2,1,2,0,41.6,1,6.56,0
STU2969,Vihaan Mehta,Electronics,2,0.881,4.05,0.932,5,9,5.11,0,1,2,13.3,1,6.91,0
STU2970,Aditya Joshi,Electronics,8,0.791,2.56,0.807,6,4,7.77,0,2,0,6.7,1,6.79,0
STU2971,Kavya Sharma,Mechanical Eng.,1,0.869,5.69,0.942,6,10,6.69,0,2,2,53.1,1,7.64,0
STU2972,Suresh Mehta,Computer Science,6,0.532,0.87,0.59,4,4,1.0,0,2,3,2.0,0,3.54,2
STU2973,Rahul Rao,Information Tech.,6,0.824,4.97,0.731,12,10,6.81,0,3,0,7.8,0,5.61,0
STU2974,Rahul Kumar,Computer Science,5,0.851,3.91,0.649,11,6,5.89,0,3,0,12.5,0,6.15,0
STU2975,Vihaan Rao,Information Tech.,2,0.666,3.41,0.539,7,4,5.46,0,3,0,0.7,0,6.94,1
STU2976,Arjun Kumar,Civil Eng.,7,0.738,3.09,0.488,3,5,4.72,1,2,2,15.1,1,8.42,1
STU2977,Karan Reddy,Civil Eng.,6,0.725,3.56,0.56,7,5,7.75,0,1,2,1.3,1,7.06,1
STU2978,Vivaan Mehta,Mechanical Eng.,5,1.0,5.77,0.943,2,8,7.4,0,3,1,1.8,0,8.71,0
STU2979,Arjun Rao,Electrical Eng.,1,0.83,3.2,0.742,7,5,3.95,1,2,1,2.1,0,5.39,1
STU2980,Amit Mishra,Mechanical Eng.,6,0.768,2.37,0.669,0,3,6.31,0,2,1,31.7,1,7.95,1
STU2981,Vihaan Mehta,Computer Science,8,0.498,2.61,0.369,3,5,3.56,1,4,2,13.8,1,8.23,1
STU2982,Aditya Mishra,Electronics,8,0.74,2.98,0.489,7,4,2.74,1,4,1,12.8,0,5.61,1
STU2983,Riya Verma,Computer Science,1,0.755,4.35,0.698,5,7,4.25,0,4,3,9.7,0,6.91,1
STU2984,Amit Singh,Electrical Eng.,8,0.718,3.44,0.684,1,5,7.22,0,3,1,4.2,1,6.11,1
STU2985,Amit Gupta,Electrical Eng.,8,0.555,3.58,0.401,4,6,7.41,0,1,1,11.6,1,8.28,1
STU2986,Arjun Pandey,Biotechnology,4,0.629,3.99,0.513,5,7,6.53,0,3,2,6.3,1,1.92,1
STU2987,Kavya Reddy,Information Tech.,7,0.797,5.13,0.872,5,8,6.95,0,2,1,1.9,1,4.16,0
STU2988,Sai Nair,Electrical Eng.,4,0.826,2.32,0.86,4,4,6.53,0,3,2,14.0,0,7.99,1
STU2989,Sneha Mishra,Information Tech.,3,0.684,3.87,0.467,6,6,4.22,0,1,1,1.7,0,3.32,1
STU2990,Rohan Mishra,Electronics,7,0.686,3.35,0.609,7,8,6.36,0,4,3,2.5,1,6.03,1
STU2991,Suresh Verma,Computer Science,4,0.963,3.74,1.0,5,8,7.1,0,1,3,20.4,0,9.66,0
STU2992,Sneha Nair,Biotechnology,5,0.825,6.5,0.72,8,9,7.01,0,5,0,12.9,0,8.66,0
STU2993,Aditya Rao,Electronics,6,0.75,4.13,0.648,4,7,7.88,0,4,0,12.0,0,10.0,0
STU2994,Riya Reddy,Civil Eng.,4,0.785,4.98,0.816,4,5,6.92,0,3,1,6.5,1,7.21,0
STU2995,Vihaan Kumar,Electronics,8,0.627,4.72,0.663,7,7,6.2,0,4,3,6.1,0,6.71,1
STU2996,Amit Joshi,Mechanical Eng.,5,0.784,2.88,0.799,7,3,7.64,0,3,2,14.1,0,7.31,1
STU2997,Ananya Mehta,Computer Science,7,0.578,1.42,0.494,3,3,5.45,0,4,3,16.2,1,4.97,1
STU2998,Ishita Gupta,Mechanical Eng.,8,0.761,4.11,0.751,3,9,3.74,0,3,1,8.6,0,5.74,1
STU2999,Priya Yadav,Electronics,5,0.743,2.25,0.819,8,2,5.17,0,4,3,41.8,0,4.28,1
STU3000,Karan Singh,Civil Eng.,3,0.881,1.21,0.788,5,2,4.01,1,3,0,37.4,0,8.31,0
STU3001,Riya Mishra,Mechanical Eng.,5,0.621,4.48,0.518,4,6,4.15,0,5,1,6.4,1,7.57,1
STU3002,Vivaan Gupta,Mechanical Eng.,4,0.797,2.34,0.841,4,2,5.21,0,3,1,20.6,0,4.47,1
STU3003,Aditya Nair,Electronics,6,0.794,2.25,0.919,7,6,3.92,1,3,2,9.4,0,4.98,1
STU3004,Rahul Patel,Electrical Eng.,6,0.757,5.83,0.893,9,9,4.88,0,4,0,8.6,0,7.17,0
STU3005,Pooja Singh,Civil Eng.,4,0.693,0.52,0.586,5,5,1.71,0,4,3,0.7,0,6.0,2
STU3006,Rohan Yadav,Computer Science,2,0.888,2.27,0.772,10,3,5.93,0,3,3,10.2,1,4.89,0
STU3007,Reyan Pandey,Electrical Eng.,8,0.632,3.1,0.466,3,3,5.5,0,2,2,27.7,0,6.77,2
STU3008,Aditya Singh,Computer Science,6,0.744,2.87,0.681,4,7,3.87,1,3,0,18.2,0,7.19,1
STU3009,Arjun Sharma,Electronics,7,0.767,2.97,0.583,6,5,6.82,0,5,0,18.5,0,8.13,0
STU3010,Nikhil Pandey,Mechanical Eng.,7,0.777,2.82,0.647,3,5,7.38,1,4,1,2.1,0,10.0,0
STU3011,Vivaan Patel,Computer Science,3,0.872,4.5,0.855,6,10,2.28,1,4,2,5.3,1,6.14,0
STU3012,Riya Rao,Biotechnology,1,0.76,3.51,0.723,3,6,3.97,1,1,0,3.2,0,3.96,1
STU3013,Sneha Singh,Computer Science,1,0.817,3.89,0.554,2,8,3.96,1,3,1,4.6,0,4.27,1
STU3014,Vivaan Rao,Computer Science,2,0.607,2.92,0.704,1,5,3.62,1,3,1,10.4,0,8.35,1
STU3015,Aditya Gupta,Mechanical Eng.,4,0.799,4.5,0.611,4,6,7.16,0,4,2,5.4,1,10.0,0
STU3016,Riya Mehta,Information Tech.,8,0.729,4.65,0.56,5,7,5.11,1,1,1,9.9,1,6.47,1
STU3017,Reyan Kumar,Electronics,3,0.544,2.3,0.366,1,6,4.97,0,4,2,6.9,0,7.18,1
STU3018,Reyan Gupta,Biotechnology,4,0.65,2.77,0.518,5,5,1.49,1,3,0,4.1,0,5.62,1
STU3019,Rahul Joshi,Electronics,6,0.827,4.87,0.655,5,9,6.77,0,2,0,1.2,1,6.49,0
STU3020,Sneha Kumar,Mechanical Eng.,2,0.843,4.76,0.671,4,4,3.02,0,2,2,26.7,0,3.22,1
STU3021,Nikhil Patel,Computer Science,1,0.689,6.02,0.373,3,6,5.62,0,2,0,0.5,1,7.55,1
STU3022,Vihaan Patel,Electronics,7,0.643,3.9,0.592,5,3,6.05,0,3,3,0.5,0,10.0,1
STU3023,Suresh Singh,Information Tech.,3,0.92,5.83,0.851,5,8,8.22,0,1,0,21.0,1,7.77,0
STU3024,Arjun Singh,Information Tech.,8,0.661,0.0,0.819,6,0,2.88,1,2,2,69.0,0,5.32,1
STU3025,Kavya Rao,Electronics,8,0.873,4.16,0.834,2,10,1.0,1,4,1,15.6,0,4.52,0
STU3026,Vivaan Mehta,Electronics,6,0.88,2.89,0.742,5,5,5.87,0,1,4,0.5,1,7.65,1
STU3027,Karan Reddy,Civil Eng.,4,0.842,4.44,0.638,2,8,9.1,0,2,4,3.1,1,9.8,1
STU3028,Riya Verma,Electronics,5,0.747,4.92,0.663,4,6,7.98,0,3,0,42.8,0,8.35,1
STU3029,Priya Kumar,Computer Science,8,0.757,3.59,0.727,2,5,5.92,0,3,1,19.8,0,3.41,1
STU3030,Aditya Yadav,Mechanical Eng.,5,0.943,3.59,0.798,3,9,4.52,0,4,2,10.0,1,9.49,0
STU3031,Pooja Mehta,Electrical Eng.,5,1.0,6.04,0.906,5,12,7.11,1,3,2,3.2,0,8.63,0
STU3032,Suresh Nair,Civil Eng.,1,0.76,2.6,0.874,3,6,3.55,0,4,2,0.5,1,5.74,1
STU3033,Ananya Nair,Electrical Eng.,7,0.77,2.63,0.654,7,2,6.45,0,3,3,0.5,1,5.98,1
STU3034,Nikhil Rao,Mechanical Eng.,5,0.932,6.13,0.65,7,9,6.51,0,1,0,11.4,1,6.15,0
STU3035,Ishita Gupta,Civil Eng.,5,0.8,4.92,0.807,6,8,7.62,0,2,1,0.5,1,8.84,0
STU3036,Priya Pandey,Mechanical Eng.,2,1.0,7.31,0.931,7,10,10.0,0,3,1,60.7,1,4.44,0
STU3037,Aditya Mishra,Computer Science,8,0.918,4.92,0.655,5,5,6.28,0,2,0,2.4,1,7.81,0
STU3038,Suresh Joshi,Biotechnology,6,0.713,1.76,0.684,7,7,4.48,1,4,2,14.9,1,6.85,1
STU3039,Rohan Singh,Biotechnology,8,0.738,4.41,0.565,4,6,5.45,0,3,3,2.0,0,7.11,1
STU3040,Priya Gupta,Computer Science,2,0.474,1.41,0.471,8,2,1.96,1,2,3,9.3,0,3.5,2
STU3041,Reyan Mishra,Electrical Eng.,2,0.818,3.24,0.927,3,6,4.11,0,2,1,1.0,0,3.17,1
STU3042,Rohan Mehta,Electronics,8,0.758,3.31,0.665,2,8,4.68,0,2,1,17.5,1,10.0,1
STU3043,Aditya Patel,Civil Eng.,4,0.567,1.39,0.619,1,4,4.45,0,3,2,10.6,1,6.57,2
STU3044,Amit Yadav,Mechanical Eng.,5,0.575,2.77,0.395,2,3,5.8,0,3,0,1.1,1,10.0,1
STU3045,Aarav Pandey,Information Tech.,6,0.911,5.8,0.668,2,7,3.86,1,3,2,22.7,0,7.78,0
STU3046,Aarav Patel,Civil Eng.,7,0.592,4.61,0.735,5,4,7.74,0,2,0,9.5,0,7.52,1
STU3047,Sai Yadav,Mechanical Eng.,1,0.774,3.44,0.727,6,6,5.5,1,3,2,30.5,1,7.07,1
STU3048,Sai Verma,Civil Eng.,5,0.934,5.82,0.904,5,8,5.48,0,4,0,29.8,0,8.59,0
STU3049,Pooja Gupta,Mechanical Eng.,5,0.785,2.98,0.822,2,6,4.84,0,2,2,30.4,1,8.6,1
STU3050,Pooja Kumar,Civil Eng.,4,0.698,3.63,0.576,3,5,5.81,0,3,0,1.0,1,7.6,1
STU3051,Karan Pandey,Electronics,2,0.663,5.33,0.68,6,10,7.15,0,5,0,1.5,1,9.11,0
STU3052,Kavya Patel,Mechanical Eng.,7,0.776,2.65,0.766,4,6,3.77,1,2,1,52.8,0,8.18,1
STU3053,Kavya Kumar,Mechanical Eng.,8,0.838,2.36,0.625,3,4,4.18,0,3,2,8.0,0,6.85,1
STU3054,Ananya Rao,Electronics,5,0.562,0.76,0.657,1,4,4.89,0,1,2,3.3,1,5.38,2
STU3055,Suresh Reddy,Electrical Eng.,7,0.73,1.72,0.787,4,6,2.81,1,3,0,17.6,0,6.74,1
STU3056,Amit Sharma,Computer Science,3,0.871,2.02,0.655,3,3,3.86,1,1,1,3.7,1,4.81,1
STU3057,Riya Verma,Electrical Eng.,3,0.783,3.55,0.725,4,6,4.55,0,5,2,15.6,0,5.68,1
STU3058,Arjun Singh,Civil Eng.,2,0.69,3.44,0.598,5,6,7.25,0,4,2,21.8,1,7.89,1
STU3059,Rahul Joshi,Electrical Eng.,7,0.981,6.4,1.0,4,9,6.03,0,4,0,18.4,1,6.66,0
STU3060,Amit Mehta,Civil Eng.,7,0.611,2.5,0.409,5,6,5.89,0,4,1,3.8,1,9.13,1
STU3061,Vihaan Rao,Mechanical Eng.,6,0.678,5.84,0.97,5,10,7.2,0,3,0,6.2,1,5.97,0
STU3062,Pooja Pandey,Information Tech.,2,0.851,3.83,0.748,2,7,5.23,0,3,0,6.4,0,2.74,1
STU3063,Priya Pandey,Mechanical Eng.,5,0.745,4.85,0.745,8,8,6.28,0,4,0,8.1,0,9.24,0
STU3064,Aarav Mehta,Mechanical Eng.,3,0.741,4.48,0.806,3,7,5.29,0,5,1,2.2,0,6.67,1
STU3065,Karan Joshi,Electronics,1,0.571,1.15,0.494,5,4,6.03,0,3,3,7.2,1,6.98,2
STU3066,Ananya Yadav,Computer Science,1,0.675,3.29,0.596,2,4,4.33,0,5,0,8.6,0,4.88,1
STU3067,Karan Gupta,Biotechnology,3,0.848,1.99,0.713,5,8,1.0,1,3,2,9.1,0,1.91,1
STU3068,Kavya Rao,Civil Eng.,2,0.888,2.21,0.711,5,7,5.23,0,3,2,20.6,1,5.1,1
STU3069,Rohan Kumar,Information Tech.,4,1.0,5.06,0.927,8,10,8.35,0,3,2,8.7,0,8.53,0
STU3070,Pooja Mehta,Civil Eng.,4,0.981,6.27,0.87,4,10,7.35,0,2,1,3.1,0,6.84,0
STU3071,Sneha Yadav,Electronics,1,0.697,1.02,0.576,7,4,7.43,1,1,3,13.1,0,6.63,1
STU3072,Kavya Rao,Electrical Eng.,2,0.578,3.75,0.475,5,4,7.97,0,2,2,19.2,1,4.33,1
STU3073,Vihaan Yadav,Civil Eng.,5,0.666,2.21,0.657,8,3,5.68,0,3,2,4.6,1,9.96,1
STU3074,Vivaan Gupta,Civil Eng.,3,1.0,3.85,0.82,1,5,5.89,0,2,1,12.4,1,6.66,0
STU3075,Rohan Mishra,Information Tech.,1,0.663,2.89,0.572,5,6,4.26,0,3,1,1.9,0,10.0,1
STU3076,Vivaan Singh,Computer Science,8,0.891,2.73,0.892,0,5,4.87,1,5,3,5.0,1,7.12,0
STU3077,Priya Joshi,Computer Science,4,0.8,4.85,0.745,4,9,6.73,1,2,2,28.8,0,9.81,0
STU3078,Vihaan Joshi,Electronics,4,0.532,6.34,0.374,6,8,7.91,1,3,0,29.1,1,6.08,0
STU3079,Karan Patel,Mechanical Eng.,8,0.947,6.76,0.85,8,12,5.22,1,1,1,10.3,0,3.84,0
STU3080,Pooja Gupta,Civil Eng.,5,0.852,2.49,0.81,6,4,4.6,1,1,1,14.5,1,6.04,0
STU3081,Arjun Reddy,Mechanical Eng.,5,0.653,1.47,0.686,4,3,5.5,0,4,1,23.1,0,7.66,1
STU3082,Ishita Patel,Civil Eng.,4,0.935,4.68,0.766,6,9,6.7,0,3,1,38.2,0,8.21,0
STU3083,Ananya Gupta,Electrical Eng.,2,0.589,4.72,0.474,9,8,2.61,0,4,1,8.1,0,6.49,1
STU3084,Reyan Joshi,Computer Science,8,0.565,3.28,0.439,4,4,1.0,0,1,1,9.9,0,9.43,2
STU3085,Vihaan Joshi,Biotechnology,4,0.834,5.25,0.686,7,10,4.4,0,3,0,6.4,1,7.02,0
STU3086,Priya Pandey,Electronics,3,0.763,2.65,0.727,4,5,3.06,1,2,3,0.9,0,5.36,1
STU3087,Aditya Kumar,Electronics,2,0.867,2.61,0.84,7,2,4.48,0,2,3,6.6,0,5.92,1
STU3088,Karan Yadav,Electronics,7,0.825,3.7,0.847,6,5,5.2,0,1,0,18.8,1,5.11,1
STU3089,Rohan Nair,Computer Science,8,0.576,2.98,0.509,3,5,4.59,0,1,1,19.6,0,6.91,2
STU3090,Rahul Mehta,Electrical Eng.,7,0.838,5.32,0.614,6,7,8.4,0,2,0,26.7,1,9.47,0
STU3091,Rahul Singh,Electronics,5,0.872,5.01,0.852,6,10,6.15,0,1,2,0.6,1,9.38,0
STU3092,Ishita Yadav,Computer Science,6,0.579,5.09,0.537,6,8,6.1,0,5,2,9.0,1,6.3,1
STU3093,Sneha Mishra,Civil Eng.,8,0.78,4.64,0.708,4,8,6.74,0,2,1,1.4,0,6.93,1
STU3094,Aarav Kumar,Biotechnology,8,0.69,3.26,0.493,7,6,3.22,1,1,2,2.7,0,4.81,1
STU3095,Nikhil Verma,Electronics,6,0.731,5.23,0.638,3,9,7.58,1,2,1,27.7,1,9.02,0
STU3096,Vihaan Gupta,Electrical Eng.,7,0.71,1.25,0.519,4,6,5.35,0,3,2,8.2,1,4.38,1
STU3097,Sneha Gupta,Mechanical Eng.,5,0.634,4.3,0.619,4,8,6.84,0,1,1,17.1,1,5.75,1
STU3098,Nikhil Nair,Civil Eng.,5,0.773,3.07,0.653,7,8,3.36,1,4,1,0.8,0,1.0,1
STU3099,Aditya Gupta,Electronics,3,0.786,2.97,0.656,3,7,2.39,1,5,1,6.5,1,3.6,1
STU3100,Kavya Mishra,Civil Eng.,5,0.891,4.04,0.649,5,7,7.14,0,2,1,13.5,0,6.08,1
STU3101,Ishita Joshi,Electronics,2,0.641,4.39,0.68,3,8,6.25,0,3,0,1.7,1,5.96,1
STU3102,Rohan Gupta,Mechanical Eng.,5,0.516,2.42,0.439,4,1,3.7,0,1,1,4.7,0,3.78,2
STU3103,Reyan Yadav,Electrical Eng.,7,0.813,4.48,0.74,5,7,3.76,0,3,0,0.8,1,4.09,0
STU3104,Aarav Rao,Electrical Eng.,7,0.761,4.89,0.612,2,8,7.75,0,3,1,12.6,0,9.6,1
STU3105,Rahul Nair,Computer Science,8,1.0,3.12,0.735,8,6,3.12,1,2,4,42.4,0,4.53,1
STU3106,Vihaan Yadav,Computer Science,6,0.807,3.8,0.673,5,7,8.79,0,2,2,21.1,0,4.38,1
STU3107,Arjun Reddy,Mechanical Eng.,5,0.77,4.09,0.656,3,7,3.7,0,3,2,44.1,0,4.23,1
STU3108,Arjun Patel,Computer Science,8,0.751,4.28,0.705,4,5,6.78,0,3,2,22.4,1,5.18,1
STU3109,Sai Verma,Mechanical Eng.,4,0.556,2.55,0.465,7,3,4.84,0,2,1,23.2,0,6.33,1
STU3110,Karan Gupta,Electrical Eng.,4,0.825,3.94,0.671,5,5,6.71,0,3,1,10.3,1,7.66,0
STU3111,Pooja Kumar,Electrical Eng.,3,0.754,4.08,0.528,3,9,4.41,0,3,1,8.8,0,3.89,1
STU3112,Rahul Rao,Mechanical Eng.,2,0.759,4.21,0.688,3,5,5.17,0,4,0,6.3,1,7.09,0
STU3113,Riya Sharma,Biotechnology,6,0.782,4.26,0.624,6,6,5.58,0,1,1,20.5,1,9.19,0
STU3114,Priya Reddy,Electrical Eng.,7,0.753,3.16,0.81,6,6,3.5,1,4,0,2.4,1,7.88,1
STU3115,Amit Mehta,Civil Eng.,2,0.604,5.33,0.559,5,6,6.98,0,3,1,0.7,1,8.14,1
STU3116,Kavya Rao,Computer Science,4,0.894,4.83,0.86,4,6,4.47,0,1,0,35.5,1,7.08,1
STU3117,Nikhil Pandey,Mechanical Eng.,2,0.674,4.4,0.582,6,8,5.04,0,3,0,0.5,1,5.94,1
STU3118,Nikhil Kumar,Electrical Eng.,5,0.677,2.35,0.63,4,4,3.51,1,3,3,45.2,0,8.61,1
STU3119,Reyan Patel,Mechanical Eng.,3,0.796,1.03,0.627,3,6,1.0,1,5,0,15.7,0,6.07,1
STU3120,Rahul Mehta,Computer Science,4,0.929,2.88,0.718,8,3,5.12,0,1,1,4.8,1,5.09,1
STU3121,Rohan Patel,Computer Science,8,0.69,7.34,0.622,5,10,10.0,0,3,0,14.4,1,7.73,0
STU3122,Ananya Kumar,Electrical Eng.,7,0.782,4.46,0.761,3,7,7.07,0,2,0,20.4,0,5.9,1
STU3123,Reyan Pandey,Computer Science,5,0.88,6.19,0.598,5,9,5.46,0,5,1,3.4,1,6.39,0
STU3124,Karan Mishra,Mechanical Eng.,4,0.553,3.35,0.448,4,4,4.97,0,2,2,17.7,1,8.68,1
STU3125,Priya Gupta,Electronics,4,0.83,3.35,0.932,4,5,5.54,0,5,0,19.6,0,6.35,1
STU3126,Ananya Reddy,Computer Science,6,0.77,3.89,0.74,5,8,6.59,0,5,2,3.4,1,5.55,1
STU3127,Vihaan Patel,Computer Science,3,0.737,2.83,0.817,3,5,3.14,1,2,2,0.5,1,7.81,0
STU3128,Sneha Joshi,Computer Science,7,0.626,3.39,0.5,6,4,7.73,0,4,1,2.7,0,9.62,1
STU3129,Reyan Reddy,Biotechnology,7,0.758,2.7,0.636,5,8,6.93,0,5,1,2.7,0,5.67,1
STU3130,Vihaan Yadav,Computer Science,3,0.888,4.68,0.896,2,8,6.94,0,2,2,0.8,1,9.74,0
STU3131,Vihaan Yadav,Electrical Eng.,4,0.822,5.18,0.803,4,9,6.38,0,3,1,15.5,0,8.65,0
STU3132,Karan Pandey,Electrical Eng.,6,0.802,6.6,0.713,3,11,5.54,0,3,0,5.7,1,5.67,0
STU3133,Ananya Rao,Biotechnology,5,0.689,3.53,0.494,0,6,6.85,0,2,1,25.9,1,9.25,1
STU3134,Ishita Joshi,Information Tech.,1,0.77,3.58,0.808,4,5,6.68,0,1,0,3.5,1,4.79,1
STU3135,Pooja Yadav,Mechanical Eng.,5,0.706,2.51,0.887,6,5,4.79,0,2,1,7.2,1,5.57,1
STU3136,Aditya Yadav,Computer Science,6,0.895,4.66,0.648,5,7,4.35,0,2,0,12.2,1,4.33,1
STU3137,Priya Joshi,Electrical Eng.,2,0.73,4.69,0.797,6,8,5.7,0,3,3,25.2,1,4.95,1
STU3138,Riya Reddy,Computer Science,4,0.595,3.53,0.489,4,6,8.6,0,2,2,8.9,0,9.11,1
STU3139,Arjun Mishra,Information Tech.,4,0.716,1.82,0.611,4,6,3.02,1,4,2,5.6,0,5.88,1
STU3140,Sai Singh,Electronics,8,0.699,3.91,0.656,3,5,2.56,1,4,1,24.2,1,3.77,1
STU3141,Aditya Rao,Biotechnology,8,0.862,4.21,0.656,2,8,5.83,0,1,0,4.5,1,5.69,0
STU3142,Pooja Pandey,Civil Eng.,3,0.785,4.59,0.702,6,8,5.6,0,3,0,1.0,0,5.48,0
STU3143,Reyan Joshi,Mechanical Eng.,2,0.786,2.69,0.547,6,5,5.85,0,3,2,7.1,0,7.21,1
STU3144,Rahul Joshi,Electrical Eng.,1,0.54,1.54,0.534,4,5,5.99,0,5,1,18.5,0,10.0,1
STU3145,Amit Yadav,Computer Science,1,0.716,2.47,0.868,0,6,5.05,0,1,1,0.5,1,6.89,1
STU3146,Priya Rao,Electrical Eng.,6,0.731,5.37,0.594,5,9,8.48,1,2,0,10.6,1,8.03,0
STU3147,Aarav Mehta,Biotechnology,3,0.662,5.22,0.579,3,9,2.3,1,5,2,10.8,1,8.46,0
STU3148,Suresh Joshi,Electronics,1,0.602,2.64,0.53,4,5,3.84,1,5,2,31.7,0,5.18,1
STU3149,Ananya Gupta,Computer Science,6,0.787,6.32,0.807,1,9,5.29,0,4,0,4.1,1,8.99,0
STU3150,Sneha Kumar,Electronics,4,0.896,3.66,0.847,5,5,2.21,0,4,2,3.9,0,4.9,1
STU3151,Aditya Pandey,Computer Science,1,0.606,1.87,0.638,4,4,5.15,0,1,2,7.0,0,5.9,1
STU3152,Karan Pandey,Mechanical Eng.,8,0.644,4.9,0.529,0,9,8.82,0,3,0,5.3,1,7.05,1
STU3153,Amit Nair,Electronics,7,0.804,4.7,0.767,8,9,5.54,0,2,0,16.0,0,6.47,0
STU3154,Ishita Kumar,Computer Science,1,0.639,0.88,0.238,4,5,5.96,0,2,3,12.3,1,6.47,2
STU3155,Priya Nair,Mechanical Eng.,5,0.688,3.67,0.686,4,8,2.98,0,4,1,17.1,0,6.54,1
STU3156,Arjun Sharma,Computer Science,6,0.768,4.69,0.57,6,7,4.27,0,1,2,20.6,1,5.52,1
STU3157,Reyan Kumar,Information Tech.,1,0.873,3.9,0.753,5,10,4.75,0,3,0,30.8,1,6.61,0
STU3158,Nikhil Verma,Computer Science,5,0.816,3.39,0.809,5,6,4.86,0,5,1,6.8,0,3.56,1
STU3159,Nikhil Mehta,Electrical Eng.,2,0.839,4.21,0.601,2,6,8.06,0,2,0,50.2,0,8.83,1
STU3160,Priya Gupta,Mechanical Eng.,5,0.606,3.71,0.655,4,7,6.62,1,5,2,2.9,1,9.02,0
STU3161,Nikhil Sharma,Electrical Eng.,2,1.0,1.57,0.888,1,5,3.28,0,5,5,15.0,0,6.38,1
STU3162,Karan Gupta,Computer Science,3,0.845,2.97,0.906,4,4,5.99,0,3,1,9.2,1,8.14,0
STU3163,Arjun Sharma,Electronics,4,0.8,3.45,0.63,7,6,6.5,0,2,0,20.4,0,5.44,1
STU3164,Sai Rao,Civil Eng.,3,0.639,4.47,0.394,1,7,7.78,0,2,1,7.8,1,10.0,1
STU3165,Ananya Kumar,Computer Science,3,0.871,3.93,0.781,4,7,8.66,0,3,2,18.4,1,7.94,0
STU3166,Priya Nair,Biotechnology,3,0.62,2.0,0.617,0,6,3.47,1,2,2,31.9,0,3.15,2
STU3167,Vivaan Rao,Information Tech.,7,0.74,4.08,0.733,4,6,3.88,1,2,0,15.8,0,8.35,1
STU3168,Sai Mishra,Mechanical Eng.,2,0.532,3.34,0.365,5,7,2.98,1,5,3,18.0,1,7.19,1
STU3169,Rahul Rao,Mechanical Eng.,6,0.566,2.86,0.347,5,3,5.03,0,2,2,0.8,1,9.88,1
STU3170,Aarav Rao,Electrical Eng.,1,0.834,4.54,0.719,3,9,6.43,0,4,0,2.8,1,9.92,0
STU3171,Arjun Verma,Civil Eng.,5,0.869,3.7,0.833,0,6,7.47,0,1,1,43.9,1,9.66,1
STU3172,Rahul Mehta,Mechanical Eng.,3,0.829,3.68,0.793,2,6,5.35,0,3,1,14.2,1,7.46,1
STU3173,Vihaan Mishra,Electronics,3,0.863,4.63,0.934,7,8,4.86,0,5,2,9.9,1,7.74,0
STU3174,Nikhil Reddy,Computer Science,1,0.713,3.02,0.604,6,6,5.8,0,2,1,5.5,1,4.8,1
STU3175,Amit Verma,Mechanical Eng.,3,0.621,1.74,0.374,4,4,3.83,1,2,3,0.5,0,5.65,1
STU3176,Rohan Sharma,Electrical Eng.,2,0.824,4.73,0.861,5,6,9.68,0,3,2,5.5,0,10.0,0
STU3177,Kavya Kumar,Electronics,2,0.741,1.05,0.686,2,3,2.28,0,4,2,8.3,0,2.58,2
STU3178,Rohan Joshi,Information Tech.,7,0.738,3.43,0.692,7,6,5.87,1,3,1,2.9,0,7.32,0
STU3179,Ishita Mehta,Mechanical Eng.,6,0.926,4.53,0.91,3,8,9.55,0,2,3,2.3,1,7.79,0
STU3180,Sneha Kumar,Mechanical Eng.,1,0.602,0.7,0.668,5,2,5.51,0,2,2,8.5,1,8.19,1
STU3181,Pooja Nair,Mechanical Eng.,2,0.649,4.17,0.582,2,6,5.12,0,5,2,10.6,0,6.89,1
STU3182,Aditya Kumar,Electrical Eng.,7,0.727,3.22,0.772,4,6,4.79,0,5,1,3.3,0,8.62,1
STU3183,Karan Rao,Information Tech.,6,0.811,4.96,0.785,7,8,5.14,0,3,3,10.6,0,6.57,1
STU3184,Rahul Mishra,Computer Science,7,0.779,4.73,0.636,3,8,8.25,0,4,2,27.7,0,8.87,1
STU3185,Aarav Kumar,Electronics,3,0.882,3.21,0.77,6,2,1.08,1,3,3,7.7,1,5.98,1
STU3186,Aarav Patel,Mechanical Eng.,6,0.937,6.0,0.905,3,9,8.57,0,3,0,23.4,0,7.05,0
STU3187,Sneha Nair,Information Tech.,3,0.534,2.64,0.41,2,6,2.65,1,2,1,31.5,0,5.01,1
STU3188,Amit Nair,Mechanical Eng.,4,0.924,3.49,0.92,5,5,4.97,1,3,0,1.2,1,8.79,0
STU3189,Sai Singh,Electrical Eng.,6,0.331,1.5,0.314,6,5,4.64,0,3,0,1.2,1,7.52,2
STU3190,Ishita Pandey,Mechanical Eng.,4,1.0,5.49,0.938,4,7,6.68,1,1,0,7.8,0,8.8,0
STU3191,Vivaan Mehta,Electrical Eng.,1,0.666,2.52,0.744,6,3,2.3,0,3,3,10.6,1,7.95,1
STU3192,Arjun Rao,Electrical Eng.,3,0.686,2.72,0.653,7,6,6.42,0,4,2,6.7,1,6.0,1
STU3193,Arjun Verma,Electronics,8,0.823,5.75,0.748,3,9,9.55,0,3,0,4.7,0,7.38,0
STU3194,Nikhil Patel,Computer Science,3,0.655,0.22,0.581,1,2,2.77,1,3,3,12.3,0,5.22,1
STU3195,Nikhil Kumar,Mechanical Eng.,7,0.73,3.25,0.643,4,7,5.88,0,5,2,0.5,1,8.62,1
STU3196,Priya Yadav,Civil Eng.,5,0.758,4.34,0.713,7,7,4.18,0,1,2,41.3,1,6.42,1
STU3197,Riya Sharma,Civil Eng.,6,0.892,3.38,0.939,3,5,6.35,0,3,3,3.2,0,7.24,0
STU3198,Reyan Pandey,Electronics,2,0.78,2.8,0.641,7,4,5.54,0,4,2,29.9,0,4.76,1
STU3199,Aditya Kumar,Information Tech.,1,0.596,2.77,0.467,4,4,4.22,0,3,1,1.4,0,7.75,1
STU3200,Sneha Yadav,Computer Science,7,0.75,1.53,0.804,8,5,6.48,0,2,4,3.3,1,8.49,1
STU3201,Reyan Patel,Electronics,1,0.887,5.59,0.741,9,8,9.11,0,1,0,3.2,0,8.74,0
STU3202,Vihaan Joshi,Mechanical Eng.,6,0.67,3.39,0.625,6,8,5.12,1,4,2,66.7,1,6.83,1
STU3203,Ananya Patel,Electrical Eng.,7,0.845,3.76,0.702,1,2,6.94,0,3,2,0.5,1,8.96,0
STU3204,Aarav Sharma,Civil Eng.,2,0.683,2.55,0.447,0,6,2.91,1,4,1,12.2,0,5.79,1
STU3205,Sai Pandey,Computer Science,5,0.697,3.09,0.647,5,6,3.59,1,3,2,24.5,0,8.63,1
STU3206,Karan Verma,Mechanical Eng.,8,0.759,4.72,0.794,6,8,6.44,1,3,1,13.4,1,8.22,0
STU3207,Kavya Joshi,Biotechnology,4,0.488,4.48,0.433,5,5,8.47,0,4,0,5.4,0,5.27,1
STU3208,Reyan Patel,Computer Science,5,0.626,2.23,0.415,3,2,6.21,0,3,0,38.1,1,6.62,1
STU3209,Aarav Singh,Computer Science,7,0.852,4.15,0.777,2,8,4.87,0,2,2,26.9,0,7.05,1
STU3210,Rohan Patel,Information Tech.,4,0.767,4.25,0.615,6,7,5.5,0,3,0,6.8,0,5.4,1
STU3211,Priya Mehta,Electrical Eng.,4,0.572,3.15,0.253,8,6,3.0,1,4,3,10.2,1,7.84,1
STU3212,Kavya Mehta,Civil Eng.,5,0.928,5.3,0.827,4,8,6.71,0,2,1,41.1,0,3.46,1
STU3213,Vihaan Singh,Mechanical Eng.,1,0.733,4.22,0.711,6,8,7.26,1,2,1,48.6,0,8.63,1
STU3214,Vivaan Sharma,Computer Science,8,0.642,4.71,0.695,9,7,4.6,0,1,2,7.2,0,7.62,1
STU3215,Vivaan Sharma,Computer Science,8,1.0,5.06,1.0,5,8,4.56,1,5,1,22.6,1,2.79,0
STU3216,Suresh Pandey,Computer Science,3,0.654,4.51,0.654,4,7,6.03,1,1,1,4.3,0,7.0,1
STU3217,Aditya Pandey,Mechanical Eng.,1,0.805,2.49,0.818,6,5,4.63,0,3,0,5.6,1,5.61,0
STU3218,Amit Verma,Mechanical Eng.,3,0.646,3.45,0.453,4,8,5.37,0,3,1,2.2,1,9.16,1
STU3219,Pooja Kumar,Information Tech.,1,0.872,6.4,0.947,7,8,9.7,0,3,1,2.8,1,6.4,0
STU3220,Riya Pandey,Electrical Eng.,5,0.56,1.7,0.631,3,1,5.01,1,3,1,12.8,1,7.94,1
STU3221,Sai Kumar,Mechanical Eng.,5,0.57,2.96,0.476,4,3,4.78,0,1,2,8.6,0,8.23,1
STU3222,Ananya Verma,Mechanical Eng.,5,0.777,2.85,0.767,2,6,4.2,0,3,1,3.2,0,5.55,1
STU3223,Sai Joshi,Biotechnology,6,0.771,3.06,0.752,4,6,6.99,0,4,2,6.2,1,9.43,1
STU3224,Riya Kumar,Computer Science,3,0.921,4.59,0.976,3,5,5.14,1,4,1,5.6,0,5.79,0
STU3225,Priya Mishra,Information Tech.,1,0.744,3.71,0.655,5,7,4.2,0,2,3,52.5,1,8.66,1
STU3226,Vihaan Mishra,Electronics,7,1.0,3.59,0.825,2,6,8.14,0,4,1,23.1,1,10.0,0
STU3227,Reyan Joshi,Civil Eng.,4,0.841,5.23,0.708,7,9,8.34,0,3,2,5.9,1,9.18,0
STU3228,Aditya Gupta,Civil Eng.,7,0.792,3.1,0.802,3,7,4.3,0,4,1,29.4,0,7.39,1
STU3229,Aarav Kumar,Electrical Eng.,6,0.495,1.46,0.254,8,8,1.77,1,3,2,5.0,0,4.68,2
STU3230,Nikhil Singh,Electrical Eng.,1,0.662,3.4,0.296,7,4,7.52,1,3,1,13.2,1,10.0,1
STU3231,Sai Verma,Electronics,1,0.813,3.76,0.821,6,4,4.13,0,5,1,40.8,1,7.84,0
STU3232,Amit Verma,Information Tech.,2,0.8,5.25,0.747,2,9,7.08,0,4,2,5.9,1,6.3,0
STU3233,Vivaan Rao,Civil Eng.,1,0.698,1.88,0.63,3,6,1.56,0,3,1,13.7,0,8.17,1
STU3234,Vivaan Joshi,Electronics,6,0.696,4.84,0.495,3,6,7.29,0,2,0,4.2,0,7.38,1
STU3235,Aarav Mishra,Information Tech.,8,0.807,4.82,0.556,3,6,3.08,1,2,2,3.7,1,7.14,1
STU3236,Nikhil Joshi,Mechanical Eng.,4,0.717,2.58,0.582,8,6,6.96,0,2,2,10.2,1,6.35,1
STU3237,Reyan Verma,Civil Eng.,1,0.622,4.09,0.596,4,9,5.53,0,2,1,46.5,1,4.97,1
STU3238,Sneha Joshi,Electrical Eng.,2,0.84,4.07,0.697,3,6,3.59,1,2,1,7.2,1,4.48,1
STU3239,Ishita Verma,Computer Science,2,0.528,3.29,0.565,3,6,4.69,0,4,1,33.3,0,5.72,2
STU3240,Pooja Sharma,Civil Eng.,4,0.844,5.55,0.664,4,6,6.87,0,1,1,29.5,0,7.99,0
STU3241,Vihaan Rao,Civil Eng.,7,1.0,6.35,0.848,6,9,5.71,0,3,1,3.5,0,6.18,0
STU3242,Sneha Yadav,Computer Science,6,0.858,4.41,0.843,1,7,6.67,0,2,1,6.2,1,5.58,0
STU3243,Arjun Sharma,Computer Science,1,0.863,4.56,0.739,5,10,9.45,0,2,1,12.4,0,6.12,0
STU3244,Sai Sharma,Mechanical Eng.,5,0.648,3.88,0.55,5,6,2.37,1,1,2,8.8,0,7.99,1
STU3245,Karan Rao,Information Tech.,5,1.0,5.63,0.836,2,10,8.73,0,2,2,1.2,1,7.4,0
STU3246,Karan Rao,Computer Science,2,0.793,0.69,0.631,2,2,5.71,0,4,1,60.8,0,3.19,2
STU3247,Rohan Nair,Electrical Eng.,4,0.623,3.11,0.596,4,6,3.7,1,4,1,16.8,0,6.1,1
STU3248,Ishita Yadav,Computer Science,5,0.638,2.38,0.623,7,8,2.84,0,2,2,6.9,0,5.1,1
STU3249,Rahul Mishra,Mechanical Eng.,2,0.911,4.01,0.843,7,10,5.12,0,3,2,11.6,0,6.9,0
STU3250,Priya Verma,Electronics,2,0.974,3.97,0.815,4,10,7.34,0,3,2,1.1,1,6.18,0
STU3251,Kavya Mehta,Information Tech.,6,0.587,3.47,0.508,7,7,5.24,0,4,1,8.2,0,8.89,1
STU3252,Sai Rao,Civil Eng.,1,0.62,3.52,0.718,4,6,8.52,0,4,4,32.1,1,7.28,1
STU3253,Aarav Patel,Information Tech.,6,0.729,3.66,0.514,4,7,2.6,1,3,1,27.2,0,5.4,1
STU3254,Aditya Reddy,Information Tech.,4,0.565,5.63,0.697,4,9,5.48,0,3,2,4.9,1,6.07,1
STU3255,Priya Sharma,Mechanical Eng.,5,0.678,1.88,0.62,6,5,3.0,1,4,3,9.1,0,6.75,1
STU3256,Arjun Kumar,Civil Eng.,1,0.83,2.19,0.729,3,4,6.23,0,1,3,14.3,1,7.58,1
STU3257,Aarav Verma,Electronics,8,0.596,4.21,0.631,3,6,7.27,0,3,3,5.0,1,6.48,1
STU3258,Sneha Nair,Civil Eng.,3,0.75,3.36,0.468,2,5,4.66,0,5,1,0.8,1,6.44,1
STU3259,Riya Sharma,Information Tech.,8,0.678,3.71,0.749,5,8,1.0,1,4,0,8.4,0,4.84,1
STU3260,Karan Yadav,Civil Eng.,4,0.889,2.29,0.985,7,7,5.9,1,3,1,11.0,0,8.3,0
STU3261,Pooja Rao,Mechanical Eng.,2,0.662,3.27,0.705,6,11,6.37,0,3,2,0.5,0,4.59,1
STU3262,Nikhil Gupta,Electronics,1,0.835,1.32,0.541,2,4,6.31,0,2,3,1.2,0,6.28,1
STU3263,Kavya Verma,Civil Eng.,5,0.77,6.04,0.769,4,8,7.97,0,3,0,2.8,0,7.04,0
STU3264,Nikhil Mishra,Civil Eng.,2,0.825,3.31,0.907,7,5,3.36,0,3,0,5.1,0,8.52,0
STU3265,Nikhil Gupta,Computer Science,2,0.77,3.5,0.848,5,6,6.86,0,3,1,9.3,1,9.17,0
STU3266,Riya Pandey,Computer Science,7,0.695,2.78,0.484,4,8,7.89,0,4,1,4.2,1,8.07,1
STU3267,Karan Sharma,Information Tech.,5,0.549,1.11,0.596,4,4,1.94,1,4,0,3.9,0,3.79,2
STU3268,Kavya Joshi,Electrical Eng.,8,0.812,4.34,0.911,6,5,6.14,0,2,2,24.4,0,6.94,1
STU3269,Rohan Reddy,Computer Science,8,0.628,2.02,0.568,5,4,4.49,0,3,1,1.9,1,9.73,1
STU3270,Priya Verma,Computer Science,3,0.666,3.73,0.454,3,4,5.34,0,3,2,8.2,0,6.33,1
STU3271,Ishita Nair,Mechanical Eng.,6,1.0,6.31,0.983,7,10,6.2,0,3,0,36.6,1,7.09,0
STU3272,Sai Singh,Mechanical Eng.,8,0.783,2.94,0.81,2,4,4.53,0,2,3,11.8,1,6.69,1
STU3273,Sneha Nair,Biotechnology,4,0.761,2.09,0.671,7,4,4.15,1,3,2,15.2,1,4.71,1
STU3274,Sai Singh,Information Tech.,8,0.718,4.13,0.527,3,4,5.57,0,4,1,6.8,1,5.21,1
STU3275,Kavya Patel,Computer Science,4,0.639,1.53,0.673,5,5,3.33,1,3,2,0.5,0,4.54,1
STU3276,Aarav Joshi,Electronics,2,0.773,5.06,0.619,4,10,3.33,0,5,0,12.5,0,5.46,1
STU3277,Sneha Nair,Civil Eng.,1,0.87,5.74,0.823,4,8,6.86,0,5,3,12.0,0,7.85,0
STU3278,Arjun Gupta,Mechanical Eng.,7,0.788,2.76,0.865,7,5,3.2,1,1,2,1.4,1,6.27,0
STU3279,Vihaan Rao,Electronics,3,0.715,2.97,0.478,6,5,6.83,0,2,2,7.4,0,7.96,1
STU3280,Vihaan Nair,Computer Science,3,0.642,3.42,0.668,4,6,6.43,0,5,0,29.6,1,10.0,1
STU3281,Ishita Gupta,Electronics,7,0.782,2.26,0.683,8,3,2.05,1,5,0,2.8,0,10.0,0
STU3282,Ananya Yadav,Information Tech.,2,0.752,3.7,0.659,6,5,4.14,1,1,1,7.4,0,6.41,0
STU3283,Rohan Gupta,Information Tech.,6,0.652,5.61,0.638,3,11,7.89,0,1,0,7.4,0,9.03,1
STU3284,Ananya Mehta,Electronics,1,0.416,1.82,0.298,0,0,3.54,1,2,2,20.0,0,7.25,2
STU3285,Kavya Yadav,Biotechnology,6,0.819,4.58,0.62,5,8,4.57,0,5,1,20.9,0,8.31,1
STU3286,Ananya Mehta,Electronics,6,0.687,4.67,0.44,7,8,6.42,0,2,1,17.1,1,8.8,1
STU3287,Aditya Sharma,Electronics,5,0.792,3.51,0.836,6,9,7.07,0,3,0,5.5,0,6.17,0
STU3288,Karan Mishra,Computer Science,6,0.595,2.2,0.498,7,4,5.0,0,4,4,0.9,1,10.0,1
STU3289,Sai Joshi,Computer Science,5,0.753,3.43,0.735,3,6,4.3,1,1,3,5.2,1,9.05,1
STU3290,Reyan Yadav,Electronics,2,0.684,3.23,0.567,4,5,8.34,0,3,0,13.7,0,9.24,1
STU3291,Amit Verma,Biotechnology,6,1.0,5.92,0.784,5,10,8.98,0,2,0,14.6,0,8.93,0
STU3292,Nikhil Rao,Electronics,7,0.83,2.89,0.812,5,4,7.46,0,4,1,40.2,0,7.95,1
STU3293,Riya Patel,Civil Eng.,1,0.936,4.36,0.875,6,6,5.67,1,2,1,7.3,1,7.07,0
STU3294,Pooja Joshi,Computer Science,8,0.726,3.07,0.629,8,5,3.88,0,3,3,12.0,0,7.58,1
STU3295,Sneha Mehta,Biotechnology,8,0.798,2.48,0.748,8,4,3.84,1,3,2,9.3,0,6.61,1
STU3296,Arjun Verma,Civil Eng.,3,0.765,3.84,0.592,8,5,6.55,0,2,3,2.0,1,7.64,1
STU3297,Sneha Patel,Electrical Eng.,3,0.984,5.2,0.992,6,8,6.34,0,1,2,7.4,0,6.94,0
STU3298,Reyan Pandey,Information Tech.,3,0.714,3.06,0.772,4,5,8.3,0,3,2,9.4,1,7.25,1
STU3299,Sneha Kumar,Biotechnology,4,0.574,3.55,0.593,5,7,6.8,0,2,2,36.1,1,10.0,1
STU3300,Riya Nair,Mechanical Eng.,3,0.434,1.85,0.353,5,4,2.49,0,4,3,5.5,0,6.13,2
STU3301,Sai Gupta,Electrical Eng.,7,0.97,4.23,0.879,5,5,7.6,0,4,2,47.0,1,6.77,0
STU3302,Aditya Pandey,Computer Science,5,0.747,2.23,0.829,3,1,3.5,1,3,1,9.4,0,6.57,1
STU3303,Sneha Verma,Biotechnology,7,0.717,1.3,0.774,4,2,4.73,0,3,2,3.3,1,4.47,1
STU3304,Kavya Yadav,Computer Science,1,0.88,2.53,0.991,6,6,6.0,0,3,1,2.6,1,8.72,0
STU3305,Aarav Patel,Biotechnology,3,0.674,6.81,0.529,4,11,9.49,1,4,2,1.8,1,8.1,0
STU3306,Sneha Joshi,Computer Science,6,0.769,5.3,0.605,5,10,10.0,0,3,1,7.2,0,7.64,0
STU3307,Sneha Gupta,Information Tech.,2,0.742,4.27,0.682,4,8,6.71,0,2,0,0.5,0,6.47,1
STU3308,Arjun Kumar,Electrical Eng.,6,0.817,3.2,0.776,3,7,5.13,0,2,1,7.1,0,3.92,1
STU3309,Priya Reddy,Civil Eng.,2,0.673,3.91,0.592,4,7,6.57,0,3,3,53.5,0,10.0,1
STU3310,Vivaan Mishra,Computer Science,5,0.603,3.67,0.503,3,9,7.28,0,3,3,13.3,0,7.77,1
STU3311,Kavya Joshi,Mechanical Eng.,3,0.618,4.09,0.683,3,7,4.86,0,3,2,17.1,0,9.94,1
STU3312,Karan Kumar,Electrical Eng.,5,0.932,4.85,0.83,3,11,9.09,0,1,0,1.5,1,7.5,0
STU3313,Nikhil Patel,Computer Science,5,0.606,2.38,0.424,4,4,5.96,0,4,0,7.7,0,7.85,1
STU3314,Karan Joshi,Civil Eng.,5,0.704,4.25,0.524,6,6,6.5,0,2,1,4.0,0,8.51,1
STU3315,Arjun Kumar,Information Tech.,4,0.72,1.1,0.673,7,3,6.83,0,2,5,26.9,0,8.17,1
STU3316,Karan Yadav,Computer Science,3,0.692,4.4,0.923,2,7,6.34,0,3,2,2.4,1,6.33,0
STU3317,Rohan Verma,Electrical Eng.,8,0.494,2.46,0.347,7,4,7.18,1,2,3,7.4,0,4.21,1
STU3318,Sai Nair,Computer Science,2,0.537,3.16,0.452,5,7,4.27,0,3,2,10.6,1,10.0,1
STU3319,Amit Rao,Information Tech.,6,0.668,1.88,0.842,2,4,4.38,0,2,3,8.7,0,5.24,2
STU3320,Aditya Patel,Computer Science,4,0.779,2.99,0.653,4,5,3.3,0,3,1,21.3,0,10.0,1
STU3321,Suresh Rao,Computer Science,5,0.76,4.61,0.73,1,7,6.38,0,3,0,3.2,0,6.07,1
STU3322,Reyan Yadav,Information Tech.,2,0.888,5.92,0.987,2,11,7.06,0,2,2,5.7,1,9.84,0
STU3323,Rahul Gupta,Electrical Eng.,6,0.489,2.08,0.345,7,5,6.42,0,2,1,18.8,0,8.22,1
STU3324,Pooja Nair,Computer Science,7,0.648,5.83,0.552,3,6,8.85,1,4,1,9.0,0,9.03,0
STU3325,Vihaan Sharma,Civil Eng.,5,1.0,3.8,0.852,6,9,5.49,0,3,2,6.2,0,5.76,1
STU3326,Karan Nair,Electronics,4,0.888,3.51,0.648,5,7,6.84,1,3,0,0.5,0,6.56,0
STU3327,Reyan Pandey,Civil Eng.,1,0.849,3.91,0.921,5,8,3.32,1,1,0,16.8,0,5.53,0
STU3328,Aarav Patel,Mechanical Eng.,5,0.646,3.13,0.523,5,7,4.73,0,3,1,43.0,1,6.91,2
STU3329,Amit Mehta,Electrical Eng.,5,0.769,4.93,0.604,0,9,6.89,0,3,2,11.6,1,6.91,0
STU3330,Suresh Patel,Biotechnology,6,0.719,2.97,0.602,7,4,7.2,0,3,0,23.3,1,6.43,1
STU3331,Arjun Pandey,Electrical Eng.,2,0.866,2.71,0.873,5,4,4.91,0,4,1,8.7,1,5.01,1
STU3332,Rahul Rao,Mechanical Eng.,2,0.838,4.74,0.765,4,11,5.36,1,2,1,3.2,0,5.32,0
STU3333,Amit Reddy,Electronics,8,0.844,4.52,0.68,6,6,2.46,0,2,0,0.5,0,6.7,1
STU3334,Vihaan Pandey,Computer Science,8,0.716,3.39,0.685,3,7,4.79,1,4,0,12.7,1,5.17,1
STU3335,Kavya Verma,Mechanical Eng.,8,0.729,0.84,0.737,5,5,7.28,0,5,1,8.2,1,5.21,1
STU3336,Suresh Verma,Mechanical Eng.,5,0.787,3.76,0.705,4,6,6.65,1,1,1,18.3,1,7.25,0
STU3337,Riya Mishra,Electronics,8,0.765,3.99,0.665,6,6,6.5,0,3,1,14.2,0,3.02,1
STU3338,Sneha Singh,Civil Eng.,3,0.647,3.4,0.684,4,7,5.6,1,2,3,53.0,1,6.67,1
STU3339,Pooja Pandey,Electronics,2,0.749,4.06,0.656,2,7,5.51,0,1,0,8.6,1,6.8,1
STU3340,Riya Kumar,Electrical Eng.,1,0.578,2.68,0.681,5,6,4.18,0,2,3,6.7,0,7.27,1
STU3341,Vihaan Mishra,Computer Science,1,0.798,5.08,0.643,4,8,6.9,1,1,1,4.1,0,7.68,1
STU3342,Ananya Sharma,Computer Science,8,0.711,2.5,0.562,1,4,6.34,1,4,2,7.8,1,4.6,1
STU3343,Ananya Reddy,Information Tech.,5,0.529,5.43,0.385,4,8,6.48,0,3,2,24.8,1,6.61,1
STU3344,Arjun Reddy,Computer Science,2,0.78,5.19,0.678,3,10,4.45,0,1,1,0.5,1,7.51,1
STU3345,Rahul Pandey,Civil Eng.,1,0.509,1.26,0.459,5,3,1.19,0,1,0,45.7,0,6.11,2
STU3346,Suresh Mehta,Mechanical Eng.,4,0.788,3.21,0.577,3,6,7.69,0,4,0,60.1,1,5.9,1
STU3347,Rahul Verma,Computer Science,8,0.831,3.86,0.757,2,5,4.54,0,2,2,10.9,1,7.11,1
STU3348,Sai Verma,Computer Science,7,0.617,1.71,0.612,7,7,3.77,1,3,1,4.8,0,7.78,1
STU3349,Rahul Sharma,Biotechnology,6,0.805,3.47,0.578,6,7,6.89,0,2,1,3.0,1,5.31,1
STU3350,Kavya Mishra,Computer Science,6,0.86,4.74,0.722,5,8,4.72,0,3,1,3.9,0,2.89,1
STU3351,Aditya Rao,Computer Science,1,0.779,5.17,0.758,5,10,7.62,0,2,0,0.6,1,10.0,0
STU3352,Karan Joshi,Mechanical Eng.,2,1.0,6.4,0.791,7,9,6.73,0,1,1,7.7,0,7.59,0
STU3353,Aditya Pandey,Electrical Eng.,5,0.684,4.27,0.584,4,9,6.87,0,2,2,0.7,0,6.24,1
STU3354,Kavya Gupta,Biotechnology,1,0.86,2.1,0.883,2,2,2.77,0,2,2,15.2,0,4.95,1
STU3355,Sneha Nair,Mechanical Eng.,5,0.751,4.44,0.855,5,6,7.92,0,3,1,5.6,1,7.64,0
STU3356,Kavya Patel,Electronics,4,0.644,3.63,0.623,6,5,6.02,0,3,0,2.7,1,8.68,1
STU3357,Rahul Kumar,Civil Eng.,6,0.688,3.26,0.603,6,3,4.76,0,2,1,9.4,1,3.71,1
STU3358,Suresh Yadav,Electrical Eng.,1,0.616,3.71,0.505,4,6,5.79,0,1,2,43.7,0,6.01,1
STU3359,Vivaan Mehta,Mechanical Eng.,7,0.753,1.47,0.769,6,4,1.95,1,3,2,14.3,0,8.56,1
STU3360,Ananya Patel,Computer Science,5,0.577,4.23,0.633,4,5,6.32,0,3,3,8.1,1,8.38,1
STU3361,Karan Gupta,Computer Science,1,0.82,1.34,0.623,7,2,3.44,0,5,0,18.0,1,7.36,1
STU3362,Priya Pandey,Mechanical Eng.,6,0.567,1.98,0.601,7,4,2.79,1,3,5,16.0,1,6.57,1
STU3363,Priya Rao,Computer Science,1,0.804,2.59,0.663,2,5,2.46,1,3,2,26.7,0,6.3,1
STU3364,Arjun Sharma,Biotechnology,2,0.667,1.61,0.514,7,4,7.73,0,3,3,2.7,0,6.47,1
STU3365,Reyan Nair,Electrical Eng.,8,0.8,4.2,0.705,9,5,4.24,0,5,1,23.5,0,5.27,1
STU3366,Ishita Yadav,Electrical Eng.,6,0.613,2.11,0.651,5,4,8.57,0,4,2,4.3,1,9.02,1
STU3367,Reyan Verma,Civil Eng.,2,0.808,4.13,0.758,7,6,4.43,0,2,2,34.0,0,5.36,1
STU3368,Riya Patel,Computer Science,7,0.659,1.07,0.621,3,3,2.09,1,2,2,4.0,0,6.14,1
STU3369,Karan Yadav,Electrical Eng.,7,0.525,2.49,0.508,3,4,3.27,1,2,1,31.4,0,6.25,2
STU3370,Karan Nair,Computer Science,7,0.685,5.01,0.663,4,8,7.97,0,3,0,39.8,0,10.0,1
STU3371,Rohan Sharma,Biotechnology,3,0.783,6.19,0.693,4,7,5.19,0,4,1,1.9,0,6.27,0
STU3372,Suresh Yadav,Electrical Eng.,2,0.648,3.46,0.646,2,4,4.4,0,3,3,44.0,1,8.42,1
STU3373,Sneha Mehta,Computer Science,7,0.805,1.37,0.659,4,4,5.82,1,1,1,1.1,0,8.02,1
STU3374,Sai Gupta,Civil Eng.,2,0.805,5.1,0.789,6,9,6.5,0,4,1,3.0,1,6.74,1
STU3375,Priya Yadav,Computer Science,3,0.668,4.04,0.687,2,6,7.73,0,4,2,7.0,1,5.08,1
STU3376,Riya Rao,Electronics,8,0.725,4.6,0.723,5,8,8.4,0,2,1,60.6,0,7.42,1
STU3377,Riya Singh,Biotechnology,7,0.704,4.1,0.708,5,6,4.78,1,3,1,8.0,1,8.05,1
STU3378,Nikhil Verma,Information Tech.,3,0.573,0.18,0.562,4,4,2.85,1,3,0,9.6,0,3.65,2
STU3379,Aditya Mishra,Electrical Eng.,1,0.607,3.41,0.664,5,6,4.67,0,4,2,14.2,1,7.91,1
STU3380,Aarav Verma,Electronics,1,0.635,3.31,0.344,5,5,6.02,0,4,1,41.4,0,9.22,1
STU3381,Riya Sharma,Computer Science,1,0.874,4.54,0.872,4,9,3.57,1,3,0,18.4,0,6.24,0
STU3382,Amit Joshi,Computer Science,2,0.78,3.95,0.9,7,6,3.59,0,3,1,3.0,0,7.72,1
STU3383,Vivaan Pandey,Information Tech.,7,0.658,1.9,0.53,5,5,6.19,0,4,1,4.3,1,7.11,1
STU3384,Amit Mishra,Electronics,8,0.806,5.14,0.652,8,7,5.4,1,3,0,1.2,0,7.65,0
STU3385,Arjun Kumar,Information Tech.,5,0.763,4.21,0.815,4,8,5.57,1,2,1,12.4,1,9.36,0
STU3386,Vihaan Mehta,Information Tech.,6,0.628,1.34,0.473,4,5,3.98,0,4,2,2.4,0,3.4,2
STU3387,Aditya Kumar,Mechanical Eng.,8,0.805,3.58,0.658,4,4,5.04,1,2,1,3.6,0,5.13,1
STU3388,Reyan Pandey,Mechanical Eng.,5,0.827,4.34,0.761,7,5,3.65,1,2,0,26.3,0,8.35,0
STU3389,Nikhil Yadav,Electrical Eng.,8,0.52,2.73,0.389,4,6,7.28,0,4,1,4.7,0,9.77,1
STU3390,Rohan Verma,Civil Eng.,6,0.821,5.92,0.827,4,12,7.57,0,4,0,10.0,1,4.74,0
STU3391,Aditya Verma,Computer Science,2,0.448,0.73,0.324,8,4,1.81,0,3,2,6.1,0,8.35,2
STU3392,Karan Singh,Electrical Eng.,4,0.762,2.14,0.722,2,4,3.64,0,2,3,0.9,1,1.46,1
STU3393,Suresh Yadav,Computer Science,1,0.757,1.62,0.71,5,3,2.51,1,2,2,5.4,0,6.88,1
STU3394,Vihaan Pandey,Electrical Eng.,2,0.723,4.91,0.817,4,6,4.2,0,2,0,6.3,0,6.65,1
STU3395,Suresh Pandey,Computer Science,4,0.706,3.01,0.752,4,7,5.33,0,2,0,27.1,1,5.28,1
STU3396,Pooja Sharma,Civil Eng.,1,0.402,1.38,0.309,2,5,2.6,1,4,1,4.7,0,4.57,2
STU3397,Amit Sharma,Mechanical Eng.,7,0.862,3.63,0.649,3,5,3.66,0,2,0,5.7,0,4.95,1
STU3398,Rahul Kumar,Electrical Eng.,3,0.839,3.84,0.839,4,6,3.49,0,3,1,18.3,1,5.68,1
STU3399,Sneha Reddy,Biotechnology,8,0.921,4.58,0.764,6,8,5.91,0,2,0,17.1,1,10.0,0
STU3400,Aarav Reddy,Mechanical Eng.,2,0.913,3.37,0.788,7,9,5.64,1,5,3,19.2,0,8.17,0
STU3401,Vivaan Yadav,Electronics,4,0.594,3.52,0.429,1,6,4.06,0,2,2,36.9,1,8.8,1
STU3402,Arjun Rao,Electronics,5,0.826,2.98,0.811,2,4,5.85,0,1,2,19.0,1,6.18,1
STU3403,Rahul Joshi,Information Tech.,7,0.991,5.33,0.827,6,7,4.41,1,1,0,6.3,0,6.74,0
STU3404,Ananya Sharma,Mechanical Eng.,2,0.615,4.86,0.55,5,6,4.96,0,3,2,20.7,1,4.56,1
STU3405,Ananya Yadav,Computer Science,7,0.818,5.95,0.734,2,11,8.85,0,3,0,8.5,0,7.15,0
STU3406,Riya Sharma,Biotechnology,5,0.773,5.41,0.714,6,9,8.18,0,3,0,3.9,0,6.46,0
STU3407,Rohan Nair,Mechanical Eng.,4,0.842,3.49,0.824,5,6,2.9,1,3,1,4.3,1,6.75,0
STU3408,Aditya Gupta,Computer Science,2,0.419,2.65,0.353,5,1,7.16,1,1,1,3.0,1,5.88,2
STU3409,Vihaan Rao,Information Tech.,8,1.0,4.9,0.826,3,7,7.12,0,3,1,1.9,1,5.63,0
STU3410,Aditya Singh,Computer Science,2,0.71,3.1,0.453,2,6,3.2,1,3,0,2.4,0,6.67,1
STU3411,Suresh Singh,Electrical Eng.,8,0.936,5.66,0.853,4,9,7.14,0,1,0,0.8,0,7.04,0
STU3412,Amit Mishra,Electronics,8,0.814,5.54,0.717,4,9,8.58,0,1,2,26.3,0,6.31,0
STU3413,Karan Rao,Electronics,2,0.805,3.64,0.653,4,4,3.25,0,1,1,32.1,0,4.45,1
STU3414,Karan Reddy,Computer Science,8,0.365,1.08,0.334,3,4,3.66,1,1,1,10.6,0,4.84,2
STU3415,Aarav Sharma,Computer Science,6,0.72,4.15,0.734,8,6,7.54,0,3,1,22.0,1,8.73,1
STU3416,Ananya Yadav,Information Tech.,2,0.827,3.14,0.856,1,6,6.04,0,2,0,2.4,0,7.56,1
STU3417,Sneha Yadav,Electrical Eng.,3,0.806,4.28,0.572,3,6,6.6,0,2,1,27.8,0,5.62,1
STU3418,Aditya Patel,Electronics,2,0.538,3.36,0.448,3,8,6.18,0,2,1,8.5,1,5.57,1
STU3419,Ishita Yadav,Electrical Eng.,4,0.75,3.55,0.771,5,7,6.28,0,5,1,0.8,1,4.82,0
STU3420,Aarav Verma,Electronics,4,0.638,3.4,0.734,6,6,2.85,1,4,2,1.8,0,5.15,1
STU3421,Rahul Rao,Mechanical Eng.,3,0.642,3.76,0.496,6,9,7.59,0,2,2,4.4,1,7.5,1
STU3422,Reyan Gupta,Mechanical Eng.,7,0.597,4.5,0.676,6,7,7.84,0,2,0,0.5,1,5.77,1
STU3423,Sai Patel,Biotechnology,2,0.742,1.69,0.533,5,2,5.04,0,2,1,4.4,0,10.0,1
STU3424,Sneha Sharma,Computer Science,8,0.839,2.63,0.87,1,7,5.41,0,3,3,0.7,1,7.75,1
STU3425,Amit Singh,Biotechnology,2,0.995,3.52,0.867,2,7,2.44,1,1,2,3.2,0,5.67,0
STU3426,Riya Sharma,Biotechnology,1,0.522,2.48,0.626,6,5,6.53,0,3,4,3.7,1,7.11,2
STU3427,Reyan Mehta,Electronics,8,0.912,5.49,0.774,7,8,6.64,0,3,2,62.2,1,4.49,0
STU3428,Priya Gupta,Civil Eng.,1,0.891,4.78,0.771,6,9,5.38,0,4,1,3.2,0,4.45,0
STU3429,Aditya Nair,Computer Science,8,0.69,4.0,0.608,3,8,7.75,1,2,1,3.3,1,9.71,0
STU3430,Vihaan Patel,Civil Eng.,5,0.772,7.05,0.541,4,9,4.83,0,4,1,13.9,0,9.39,0
STU3431,Reyan Verma,Electronics,3,0.689,5.48,0.444,4,9,6.63,0,4,1,23.5,1,3.0,1
STU3432,Aarav Joshi,Electronics,1,0.613,1.9,0.602,2,5,3.46,1,1,2,5.9,0,6.88,1
STU3433,Kavya Joshi,Computer Science,4,0.806,4.53,0.824,5,6,5.45,0,2,1,25.0,1,9.12,0
STU3434,Ishita Singh,Electrical Eng.,7,0.908,3.62,0.878,9,6,5.15,0,2,1,5.0,1,5.93,0
STU3435,Rahul Mishra,Electrical Eng.,4,0.847,2.85,0.637,4,5,5.95,0,2,1,2.6,1,9.52,0
STU3436,Ishita Sharma,Civil Eng.,7,0.492,2.14,0.491,7,6,4.76,0,2,1,4.8,0,7.81,1
STU3437,Riya Nair,Information Tech.,4,0.696,4.76,0.527,3,7,5.24,0,3,0,11.3,0,7.38,1
STU3438,Vihaan Rao,Electronics,3,0.893,3.43,0.845,2,8,7.15,0,3,2,5.5,0,6.71,0
STU3439,Nikhil Reddy,Computer Science,8,0.643,3.27,0.692,6,6,4.63,0,5,2,13.4,0,6.55,1
STU3440,Sneha Reddy,Computer Science,6,0.656,1.58,0.628,4,1,2.29,0,1,2,3.2,0,4.88,2
STU3441,Vihaan Nair,Computer Science,7,0.547,3.8,0.64,7,3,9.0,0,5,1,14.5,1,8.23,1
STU3442,Amit Yadav,Computer Science,4,0.911,4.33,0.805,8,7,8.26,0,2,0,5.1,0,7.93,0
STU3443,Sneha Sharma,Electrical Eng.,1,0.504,3.34,0.432,3,8,2.92,0,4,0,7.3,0,5.09,1
STU3444,Rahul Sharma,Mechanical Eng.,1,0.441,0.96,0.404,7,5,6.88,0,2,0,9.8,0,3.56,2
STU3445,Arjun Joshi,Computer Science,5,0.861,3.37,0.64,3,6,4.49,0,1,1,13.9,1,6.0,1
STU3446,Vihaan Rao,Computer Science,5,0.947,2.91,0.812,3,4,6.03,0,4,0,3.3,0,4.98,0
STU3447,Suresh Nair,Mechanical Eng.,3,0.786,5.51,0.675,7,8,6.09,0,2,0,21.7,1,4.81,0
STU3448,Ishita Sharma,Biotechnology,8,0.876,7.04,0.76,2,11,5.03,0,3,1,15.4,1,5.27,0
STU3449,Vivaan Nair,Biotechnology,5,0.819,2.75,0.764,5,7,3.93,1,3,3,3.2,1,7.67,0
STU3450,Ishita Reddy,Computer Science,3,0.681,1.17,0.465,7,4,4.12,0,3,1,44.3,1,4.24,1
STU3451,Nikhil Joshi,Information Tech.,2,0.685,3.24,0.502,7,7,3.67,0,3,1,13.1,0,4.5,1
STU3452,Aarav Patel,Electrical Eng.,5,0.658,2.9,0.705,3,6,3.84,1,4,4,7.2,1,7.42,1
STU3453,Rohan Patel,Civil Eng.,3,0.651,5.98,0.385,6,11,5.37,1,1,2,2.1,1,5.23,1
STU3454,Vihaan Singh,Electrical Eng.,7,0.837,5.22,0.815,2,5,4.07,0,3,1,9.1,1,4.19,1
STU3455,Priya Mehta,Biotechnology,8,0.793,5.1,0.676,3,7,6.86,0,4,0,2.2,0,8.52,0
STU3456,Karan Singh,Electrical Eng.,7,0.701,3.84,0.647,5,5,8.47,0,1,0,6.7,1,7.31,0
STU3457,Karan Singh,Computer Science,1,0.644,4.12,0.736,5,5,4.34,0,1,0,6.3,1,6.42,1
STU3458,Riya Verma,Electronics,5,0.656,4.11,0.578,2,7,5.98,1,4,1,15.3,1,6.39,1
STU3459,Pooja Rao,Electrical Eng.,5,0.844,4.24,0.822,8,5,6.5,0,3,1,2.6,1,7.71,0
STU3460,Priya Rao,Computer Science,7,0.788,2.06,0.715,1,3,6.44,0,3,2,20.7,0,8.17,1
STU3461,Sai Pandey,Electrical Eng.,7,0.76,4.97,0.673,5,8,5.65,0,1,0,4.7,1,6.47,1
STU3462,Vivaan Gupta,Electronics,6,0.717,4.22,0.622,5,5,6.99,1,3,2,7.0,1,4.4,0
STU3463,Ananya Sharma,Mechanical Eng.,3,0.65,3.82,0.655,1,6,6.46,1,1,1,17.8,0,7.47,1
STU3464,Riya Patel,Information Tech.,7,0.8,2.19,0.647,7,6,3.02,0,3,2,11.8,1,5.3,1
STU3465,Rahul Mehta,Information Tech.,2,0.732,3.22,0.546,3,4,7.24,0,4,2,4.4,0,8.71,1
STU3466,Ananya Joshi,Civil Eng.,5,0.827,4.56,0.751,5,9,7.27,0,2,1,5.9,0,5.57,1
STU3467,Arjun Mehta,Computer Science,3,0.687,1.09,0.637,5,2,3.97,0,3,1,4.4,0,5.63,1
STU3468,Rohan Yadav,Civil Eng.,2,0.748,4.62,0.491,2,8,5.58,0,5,0,10.8,1,4.01,1
STU3469,Suresh Verma,Electrical Eng.,8,0.572,2.8,0.514,2,4,6.87,0,3,1,4.9,0,8.47,1
STU3470,Ishita Rao,Electronics,3,0.523,1.05,0.348,7,4,5.08,0,4,2,15.5,0,8.73,2
STU3471,Karan Yadav,Mechanical Eng.,2,0.995,6.48,0.958,5,9,7.65,1,3,0,10.4,0,6.42,0
STU3472,Sai Rao,Civil Eng.,4,0.672,3.97,0.424,0,7,10.0,0,4,1,1.9,0,7.65,1
STU3473,Nikhil Mehta,Electrical Eng.,8,0.643,2.31,0.771,4,4,3.93,1,1,0,4.5,1,4.72,1
STU3474,Sneha Reddy,Electrical Eng.,5,0.631,4.18,0.534,4,8,2.74,1,1,1,3.0,1,4.54,1
STU3475,Reyan Reddy,Computer Science,4,0.696,6.06,0.54,5,11,6.11,0,2,1,5.9,1,8.08,0
STU3476,Aditya Mishra,Electrical Eng.,3,0.597,2.24,0.509,0,5,6.94,1,3,1,8.7,0,6.18,1
STU3477,Karan Reddy,Electrical Eng.,4,0.897,2.36,0.863,5,4,5.04,0,4,1,8.5,0,7.37,1
STU3478,Arjun Yadav,Biotechnology,2,0.817,3.46,0.825,3,6,8.41,0,2,2,16.9,1,7.49,0
STU3479,Kavya Singh,Electrical Eng.,1,0.696,3.97,0.599,5,5,2.82,1,3,2,2.5,0,7.2,1
STU3480,Rahul Rao,Civil Eng.,6,0.971,6.03,0.73,6,10,6.89,0,4,0,35.1,0,6.36,0
STU3481,Kavya Yadav,Civil Eng.,4,0.661,1.99,0.474,5,5,4.29,0,3,1,5.0,1,8.24,1
STU3482,Riya Reddy,Computer Science,6,1.0,6.38,0.929,8,12,8.94,0,2,1,4.3,1,10.0,0
STU3483,Sai Sharma,Computer Science,3,1.0,3.99,0.999,9,9,9.49,0,3,3,13.9,1,4.78,0
STU3484,Riya Patel,Electronics,5,0.867,3.59,0.892,2,5,3.97,1,2,0,19.6,0,6.02,1
STU3485,Vihaan Joshi,Electrical Eng.,4,0.683,1.79,0.632,4,4,4.4,1,1,2,5.7,1,6.15,1
STU3486,Rohan Joshi,Information Tech.,7,0.845,4.02,0.857,6,7,7.22,0,5,2,16.5,1,5.88,0
STU3487,Ishita Patel,Information Tech.,4,0.733,3.28,0.851,4,8,4.73,0,1,1,25.8,1,7.15,1
STU3488,Aarav Pandey,Mechanical Eng.,1,0.509,3.24,0.578,0,5,5.41,1,1,1,17.5,0,8.64,1
STU3489,Aarav Patel,Computer Science,3,0.687,4.13,0.71,4,8,5.55,0,4,2,0.5,0,3.11,1
STU3490,Ishita Kumar,Mechanical Eng.,4,0.537,1.29,0.403,7,2,1.66,1,2,0,21.1,0,1.81,2
STU3491,Ananya Reddy,Computer Science,5,0.622,2.58,0.656,1,5,5.47,0,3,1,17.9,0,9.63,1
STU3492,Aditya Mishra,Electronics,2,0.966,3.76,0.915,5,5,4.12,0,2,1,13.3,0,5.8,1
STU3493,Kavya Sharma,Computer Science,5,0.933,4.96,0.905,1,5,4.51,1,2,0,17.1,1,6.52,0
STU3494,Rohan Verma,Information Tech.,4,0.832,4.49,0.875,6,6,8.39,0,2,0,46.6,1,5.59,0
STU3495,Ishita Pandey,Electrical Eng.,8,0.838,3.5,0.79,5,6,2.99,1,2,2,6.8,1,5.98,0
STU3496,Sneha Yadav,Mechanical Eng.,6,0.575,5.05,0.507,3,10,7.13,0,3,3,0.8,1,9.6,1
STU3497,Vivaan Yadav,Electrical Eng.,6,0.867,4.48,0.673,4,6,4.94,0,4,1,7.4,1,7.38,0
STU3498,Sai Reddy,Civil Eng.,7,0.806,2.34,0.696,2,4,4.94,1,3,0,0.6,0,6.83,1
STU3499,Pooja Rao,Electronics,4,0.459,3.19,0.434,6,4,7.08,0,5,2,4.2,0,3.94,2
STU3500,Aarav Rao,Mechanical Eng.,1,0.813,3.03,0.759,3,7,6.18,1,1,1,10.6,1,8.19,1
STU3501,Aditya Yadav,Biotechnology,3,0.681,6.31,0.638,5,9,6.64,0,3,1,4.4,0,7.01,1
STU3502,Pooja Pandey,Electrical Eng.,1,0.557,4.84,0.597,2,7,7.44,0,3,1,13.9,1,6.14,1
STU3503,Sneha Joshi,Information Tech.,5,0.919,4.01,0.914,9,6,4.84,1,5,2,20.7,1,7.61,0
STU3504,Rohan Mehta,Computer Science,8,0.628,3.72,0.559,7,4,4.28,0,1,0,6.5,1,4.76,1
STU3505,Priya Patel,Electronics,3,0.571,1.41,0.429,8,1,3.33,1,3,1,27.6,1,7.01,1
STU3506,Rahul Rao,Electrical Eng.,8,0.938,5.48,0.883,9,7,3.85,1,4,0,1.0,1,8.35,0
STU3507,Vivaan Verma,Civil Eng.,1,0.786,5.58,0.932,3,10,10.0,1,2,1,22.0,1,8.28,0
STU3508,Ananya Yadav,Mechanical Eng.,4,0.789,5.26,0.742,3,5,7.99,0,4,2,21.2,0,6.63,1
STU3509,Aditya Patel,Electrical Eng.,3,0.605,0.72,0.515,8,4,2.8,1,1,3,4.7,0,4.81,2
STU3510,Riya Singh,Biotechnology,2,0.793,3.79,0.768,4,7,2.86,1,4,2,4.3,1,6.55,1
STU3511,Rahul Verma,Mechanical Eng.,2,0.713,3.51,0.702,6,3,6.46,0,5,0,4.4,1,6.16,0
STU3512,Vihaan Rao,Computer Science,5,0.709,2.39,0.697,3,4,6.59,0,3,2,20.0,0,10.0,1
STU3513,Amit Mishra,Electronics,7,0.653,2.83,0.725,3,7,6.6,1,3,1,21.4,1,4.43,1
STU3514,Arjun Reddy,Electrical Eng.,1,0.721,1.98,0.688,6,3,4.99,0,1,3,4.8,1,6.26,1
STU3515,Pooja Joshi,Electrical Eng.,6,0.719,2.04,0.78,0,4,5.25,1,5,1,10.8,1,7.07,1
STU3516,Aarav Patel,Electronics,5,0.985,3.92,0.909,7,11,6.16,0,3,0,1.8,1,7.12,0
STU3517,Rohan Rao,Civil Eng.,2,0.684,3.24,0.767,5,6,5.67,0,1,2,7.6,0,5.69,1
STU3518,Riya Mishra,Civil Eng.,4,0.687,2.72,0.739,3,5,1.06,1,3,2,80.0,1,7.54,1
STU3519,Pooja Reddy,Biotechnology,4,0.85,5.52,0.857,5,8,5.04,0,3,2,2.1,1,7.71,0
STU3520,Arjun Rao,Computer Science,4,0.835,2.98,0.83,5,6,3.8,0,1,0,35.4,0,7.47,1
STU3521,Sai Reddy,Mechanical Eng.,6,0.511,1.06,0.69,4,4,5.85,0,2,3,20.9,0,5.55,2
STU3522,Sneha Kumar,Information Tech.,4,0.801,4.71,0.828,6,4,10.0,1,1,1,43.0,1,7.28,0
STU3523,Suresh Rao,Electronics,4,0.511,5.3,0.375,2,5,6.23,0,3,1,2.4,1,7.75,2
STU3524,Karan Mehta,Computer Science,2,0.702,3.36,0.656,10,5,4.87,0,3,1,2.9,0,4.48,1
STU3525,Sneha Yadav,Computer Science,3,0.97,6.04,0.847,5,9,7.34,0,3,1,0.5,1,8.4,0
STU3526,Aarav Nair,Information Tech.,7,0.692,4.48,0.829,4,7,6.47,0,4,1,15.5,1,6.76,1
STU3527,Arjun Gupta,Electrical Eng.,6,0.689,1.7,0.745,8,1,6.34,0,4,0,12.4,1,8.82,0
STU3528,Aarav Patel,Information Tech.,4,0.702,4.15,0.835,1,7,6.71,0,3,1,2.4,0,6.24,1
STU3529,Pooja Singh,Information Tech.,6,0.706,5.24,0.56,8,8,9.61,0,1,1,18.8,1,10.0,0
STU3530,Amit Rao,Computer Science,6,0.887,4.27,0.909,5,6,3.24,1,3,0,4.3,0,6.71,0
STU3531,Reyan Verma,Biotechnology,6,0.719,6.12,0.511,3,9,6.45,0,3,0,1.7,0,7.87,0
STU3532,Rohan Mehta,Electronics,3,0.802,4.18,0.563,2,6,3.65,1,3,2,6.6,0,4.85,1
STU3533,Aarav Reddy,Information Tech.,7,0.817,4.51,0.696,2,8,6.61,0,3,0,1.1,0,7.44,0
STU3534,Sneha Singh,Civil Eng.,7,0.654,3.91,0.74,4,7,3.66,1,2,0,3.7,1,5.11,1
STU3535,Sneha Singh,Mechanical Eng.,4,0.747,3.2,0.573,5,4,4.67,0,5,3,5.6,1,3.63,1
STU3536,Rahul Patel,Civil Eng.,7,0.557,1.72,0.499,5,5,4.91,0,1,1,22.9,1,6.12,2
STU3537,Aarav Singh,Electrical Eng.,5,0.834,4.29,0.87,5,5,7.45,0,3,1,18.9,0,9.33,0
STU3538,Suresh Verma,Biotechnology,1,0.628,4.64,0.65,3,5,7.34,0,1,1,7.0,1,7.09,1
STU3539,Ishita Reddy,Electrical Eng.,3,0.618,1.46,0.777,7,3,3.01,1,5,1,15.5,0,5.37,1
STU3540,Rahul Kumar,Computer Science,8,0.781,5.27,0.703,10,8,5.61,1,1,1,10.1,0,6.13,0
STU3541,Priya Mehta,Electronics,1,0.911,4.43,0.776,8,7,4.08,0,1,2,5.0,1,10.0,0
STU3542,Karan Kumar,Computer Science,2,0.667,1.25,0.491,4,2,2.98,1,2,2,15.5,0,6.99,1
STU3543,Vivaan Mishra,Biotechnology,5,0.921,5.16,0.792,6,10,5.07,0,2,1,13.8,0,3.66,1
STU3544,Sai Mehta,Electrical Eng.,7,0.79,3.09,0.601,6,8,4.88,0,2,1,11.6,0,5.49,1
STU3545,Aditya Reddy,Biotechnology,4,0.828,4.07,0.566,8,7,10.0,0,3,1,11.5,0,7.28,1
STU3546,Sneha Mishra,Computer Science,4,0.768,5.2,0.888,4,9,6.37,0,3,0,13.8,1,5.61,0
STU3547,Pooja Kumar,Electrical Eng.,7,0.833,2.76,0.755,3,2,2.74,1,1,3,5.8,0,5.94,1
STU3548,Vihaan Singh,Mechanical Eng.,2,0.781,5.59,0.962,7,8,4.37,0,2,0,24.4,1,5.28,0
STU3549,Nikhil Rao,Civil Eng.,3,0.522,3.24,0.386,5,5,7.54,0,4,2,2.1,1,6.34,1
STU3550,Aditya Singh,Electrical Eng.,7,0.687,2.83,0.576,2,4,9.68,0,3,2,25.8,1,8.18,1
STU3551,Rohan Yadav,Civil Eng.,7,0.749,2.36,0.596,6,4,2.33,1,4,2,5.0,0,2.93,1
STU3552,Priya Pandey,Mechanical Eng.,4,0.546,3.47,0.427,8,5,1.74,1,3,0,1.6,0,1.65,1
STU3553,Suresh Yadav,Computer Science,3,0.64,3.66,0.664,3,4,9.24,1,2,1,11.0,1,10.0,0
STU3554,Ananya Verma,Computer Science,4,0.544,2.29,0.546,2,4,6.28,0,1,0,5.7,0,8.39,1
STU3555,Suresh Kumar,Information Tech.,7,0.831,3.4,0.835,5,5,3.76,0,2,2,20.3,1,6.79,1
STU3556,Ishita Mishra,Electronics,3,0.889,2.21,0.935,6,6,6.57,0,4,1,6.8,0,7.52,0
STU3557,Vihaan Kumar,Electronics,1,0.682,2.67,0.724,4,6,1.0,1,5,0,13.3,1,4.96,1
STU3558,Vivaan Verma,Computer Science,3,0.794,3.24,0.613,7,6,5.51,0,3,2,4.4,1,10.0,1
STU3559,Aarav Yadav,Computer Science,2,0.838,4.44,0.702,5,9,6.16,0,1,1,2.8,1,7.19,0
STU3560,Aditya Gupta,Computer Science,8,0.888,2.54,0.812,7,4,7.35,0,1,0,5.9,0,10.0,0
STU3561,Priya Kumar,Electrical Eng.,4,0.706,4.6,1.0,3,8,3.47,1,2,1,11.2,0,9.75,0
STU3562,Rohan Mishra,Electrical Eng.,5,0.713,3.48,0.719,2,8,5.67,0,3,1,12.8,1,7.53,1
STU3563,Suresh Rao,Computer Science,3,0.72,4.01,0.658,4,5,3.65,0,1,3,10.4,0,5.72,1
STU3564,Aarav Yadav,Mechanical Eng.,5,0.807,4.96,0.794,2,5,6.01,0,5,1,53.1,0,6.83,1
STU3565,Ishita Rao,Electrical Eng.,8,0.969,1.72,0.812,6,3,3.71,1,2,2,14.1,0,5.39,0
STU3566,Rahul Reddy,Civil Eng.,7,0.782,4.46,0.73,1,9,4.68,0,5,3,32.2,0,7.23,1
STU3567,Vivaan Verma,Information Tech.,3,0.551,1.34,0.591,3,2,3.51,1,4,1,1.5,0,7.27,1
STU3568,Ananya Verma,Civil Eng.,1,0.557,2.4,0.499,4,4,6.8,0,4,1,0.8,1,4.84,1
STU3569,Aarav Gupta,Computer Science,5,1.0,6.52,0.824,3,9,7.22,0,3,0,4.5,0,10.0,0
STU3570,Riya Reddy,Civil Eng.,2,0.691,4.84,0.614,4,8,5.03,0,3,3,1.8,0,5.1,1
STU3571,Rohan Sharma,Computer Science,5,0.926,6.16,0.802,5,8,5.58,0,3,1,9.0,0,1.84,0
STU3572,Karan Mehta,Civil Eng.,3,0.612,2.34,0.415,7,3,2.6,1,3,1,8.8,1,5.63,1
STU3573,Amit Joshi,Mechanical Eng.,7,0.592,3.59,0.475,2,6,4.9,0,3,1,10.3,1,4.4,1
STU3574,Arjun Pandey,Mechanical Eng.,8,0.843,4.25,0.619,5,7,5.4,0,5,2,16.4,1,6.52,1
STU3575,Suresh Pandey,Electrical Eng.,2,0.724,4.99,0.528,6,10,10.0,0,4,1,42.6,0,8.13,1
STU3576,Suresh Pandey,Mechanical Eng.,8,0.735,2.09,0.547,4,5,3.28,1,4,2,25.3,0,6.78,1
STU3577,Karan Pandey,Information Tech.,1,0.798,3.45,0.814,4,4,8.43,1,4,2,1.5,1,9.34,0
STU3578,Suresh Singh,Mechanical Eng.,8,0.846,4.5,0.91,2,6,7.49,0,2,2,5.0,1,5.43,0
STU3579,Sai Yadav,Computer Science,5,0.669,2.54,0.449,8,6,6.06,0,1,3,3.5,1,6.16,1
STU3580,Reyan Rao,Information Tech.,2,0.818,3.39,0.894,5,5,9.02,0,3,2,2.3,1,8.93,0
STU3581,Riya Sharma,Mechanical Eng.,5,0.663,4.35,0.484,4,6,6.24,0,3,3,9.4,0,5.69,1
STU3582,Karan Patel,Computer Science,1,0.456,3.77,0.485,8,7,6.28,0,4,2,9.7,1,3.5,1
STU3583,Kavya Mishra,Mechanical Eng.,1,0.875,4.74,0.813,5,7,5.39,0,3,0,3.1,0,7.73,1
STU3584,Sneha Mehta,Information Tech.,1,0.775,3.87,0.761,10,7,7.95,1,3,0,14.9,1,6.37,0
STU3585,Sneha Gupta,Electrical Eng.,7,0.671,3.61,0.488,2,7,7.69,0,3,2,15.8,1,6.17,1
STU3586,Riya Joshi,Electrical Eng.,1,0.575,3.78,0.336,4,5,4.25,0,1,0,0.5,1,6.49,1
STU3587,Vihaan Kumar,Computer Science,2,0.431,1.88,0.308,1,7,2.86,1,3,2,6.0,0,5.87,2
STU3588,Ishita Sharma,Electronics,2,0.716,2.74,0.687,4,5,5.09,0,4,3,26.5,0,8.32,1
STU3589,Sneha Singh,Mechanical Eng.,8,0.895,2.43,1.0,5,1,3.9,1,2,1,8.8,0,3.92,0
STU3590,Ishita Nair,Electronics,8,0.718,3.36,0.543,4,7,5.37,0,3,1,5.1,0,10.0,0
STU3591,Riya Verma,Electrical Eng.,6,0.817,6.52,0.726,5,6,7.97,0,3,0,3.5,1,4.85,0
STU3592,Sneha Nair,Electrical Eng.,1,0.666,1.72,0.525,4,6,4.59,0,2,0,3.3,1,5.68,1
STU3593,Vivaan Patel,Civil Eng.,7,1.0,5.18,0.898,5,8,5.41,0,1,1,1.3,1,5.06,0
STU3594,Rahul Nair,Computer Science,6,0.873,4.57,0.593,3,7,5.62,0,5,0,20.4,1,6.78,1
STU3595,Amit Pandey,Mechanical Eng.,6,0.73,6.04,0.806,7,9,7.2,0,2,2,1.1,0,7.19,0
STU3596,Kavya Sharma,Civil Eng.,3,0.846,6.07,0.764,2,10,1.01,0,2,0,4.1,0,5.6,1
STU3597,Arjun Sharma,Information Tech.,2,0.84,5.0,0.848,5,7,4.29,0,2,2,0.6,1,6.76,0
STU3598,Kavya Mehta,Biotechnology,1,0.669,4.89,0.579,2,8,5.92,0,3,0,18.2,1,9.13,0
STU3599,Ananya Gupta,Electrical Eng.,8,0.803,2.8,0.742,3,5,7.9,0,3,1,0.5,1,7.65,1
STU3600,Priya Kumar,Computer Science,2,0.579,1.93,0.634,3,0,4.52,0,3,1,4.4,0,8.85,1
STU3601,Aarav Joshi,Biotechnology,5,0.537,2.96,0.496,4,6,1.75,1,1,0,10.2,0,2.37,1
STU3602,Pooja Yadav,Electrical Eng.,7,0.689,1.98,0.636,5,5,6.74,1,4,2,6.3,1,3.09,1
STU3603,Pooja Kumar,Computer Science,3,0.75,4.01,0.596,2,7,4.23,0,2,3,4.0,0,6.5,1
STU3604,Pooja Singh,Biotechnology,6,0.615,0.37,0.5,3,3,3.12,0,2,0,3.9,0,6.52,2
STU3605,Amit Sharma,Mechanical Eng.,1,0.695,4.66,0.524,2,10,4.25,0,3,0,19.2,0,5.31,1
STU3606,Ananya Sharma,Civil Eng.,8,0.651,3.15,0.512,2,6,5.13,0,2,2,43.8,1,6.52,1
STU3607,Suresh Patel,Computer Science,3,0.873,3.44,0.911,7,6,4.29,0,4,2,5.1,0,8.22,0
STU3608,Rahul Mishra,Electronics,6,0.71,1.43,0.82,2,3,1.09,1,5,1,0.5,0,6.53,1
STU3609,Arjun Yadav,Biotechnology,2,0.562,1.91,0.381,4,1,7.29,0,2,0,0.5,1,6.59,1
STU3610,Aditya Mishra,Biotechnology,2,0.602,5.9,0.581,8,10,8.05,1,4,0,17.1,0,7.77,0
STU3611,Pooja Kumar,Computer Science,7,0.716,5.64,0.613,7,8,6.8,0,4,0,9.6,0,8.41,0
STU3612,Aditya Mehta,Electronics,5,0.721,2.55,0.788,5,2,3.22,1,5,0,18.4,0,3.75,1
STU3613,Amit Verma,Civil Eng.,8,0.697,4.32,0.641,4,7,5.1,0,2,1,14.3,0,5.08,1
STU3614,Sai Singh,Information Tech.,8,0.642,3.18,0.577,6,6,5.49,0,3,1,28.6,0,8.31,1
STU3615,Ananya Pandey,Mechanical Eng.,1,0.704,4.36,0.559,5,7,6.7,1,2,1,26.0,0,3.9,1
STU3616,Rohan Mehta,Electrical Eng.,1,0.79,4.96,0.558,7,8,6.84,0,4,0,18.6,0,5.09,1
STU3617,Karan Nair,Mechanical Eng.,4,0.849,3.88,0.84,4,4,4.03,1,1,1,7.7,0,4.03,0
STU3618,Pooja Sharma,Electronics,6,0.812,5.31,0.766,7,10,5.66,0,3,0,4.4,1,8.35,0
STU3619,Sneha Gupta,Information Tech.,8,0.789,4.55,0.748,4,8,6.41,0,2,0,8.5,1,4.97,1
STU3620,Vihaan Pandey,Mechanical Eng.,5,0.755,4.56,0.62,8,9,8.41,1,2,1,8.4,1,8.95,0
STU3621,Aditya Mehta,Civil Eng.,7,0.666,3.16,0.585,4,5,6.91,0,3,0,11.3,1,6.44,1
STU3622,Suresh Rao,Computer Science,6,0.849,3.55,0.843,1,7,7.08,0,4,2,2.5,0,10.0,0
STU3623,Riya Yadav,Computer Science,7,0.876,4.67,0.887,5,5,5.67,0,3,0,12.8,1,6.93,0
STU3624,Karan Gupta,Civil Eng.,8,0.953,2.69,0.74,6,4,8.32,1,4,2,7.3,0,9.42,0
STU3625,Ananya Verma,Information Tech.,3,0.882,5.22,0.731,8,6,6.32,0,2,1,11.6,0,7.72,0
STU3626,Ishita Mehta,Information Tech.,8,0.652,2.8,0.448,2,6,3.78,1,3,1,3.3,0,5.32,1
STU3627,Suresh Gupta,Civil Eng.,7,0.632,3.51,0.589,1,4,8.31,0,3,2,6.8,1,7.47,1
STU3628,Karan Pandey,Information Tech.,1,0.824,2.75,0.83,6,5,6.9,0,1,0,2.8,1,7.08,1
STU3629,Vihaan Kumar,Electrical Eng.,4,0.67,4.19,0.575,5,7,4.61,0,3,0,25.0,1,5.55,1
STU3630,Ananya Gupta,Information Tech.,6,0.831,3.34,0.682,2,5,4.54,0,3,1,8.0,1,7.96,0
STU3631,Nikhil Mehta,Electronics,6,0.738,5.73,0.631,4,7,6.09,0,3,1,3.1,0,10.0,0
STU3632,Priya Mehta,Mechanical Eng.,3,0.738,2.41,0.895,4,7,6.43,0,4,1,0.5,1,7.14,0
STU3633,Vihaan Nair,Civil Eng.,2,0.596,3.07,0.655,6,6,5.89,0,3,2,13.5,1,8.06,1
STU3634,Vihaan Joshi,Computer Science,2,0.843,3.73,0.831,4,9,6.12,0,1,0,2.9,1,7.79,0
STU3635,Arjun Kumar,Computer Science,5,0.603,3.77,0.574,3,5,8.9,0,1,3,54.8,1,2.97,2
STU3636,Arjun Sharma,Biotechnology,2,0.805,4.3,0.723,5,6,7.64,0,3,0,9.2,0,8.18,0
STU3637,Rohan Yadav,Computer Science,7,0.742,4.15,0.577,2,7,5.88,0,2,0,4.1,0,7.56,1
STU3638,Riya Sharma,Computer Science,2,0.804,4.8,0.617,8,10,7.38,0,1,2,12.9,1,4.97,0
STU3639,Vivaan Reddy,Computer Science,4,0.746,4.84,0.615,6,10,3.43,0,3,0,3.9,1,2.81,1
STU3640,Kavya Patel,Electronics,8,0.643,2.32,0.483,3,4,6.3,1,3,4,20.6,0,7.66,1
STU3641,Sneha Joshi,Computer Science,8,0.824,5.14,0.681,2,7,9.12,0,2,0,4.4,1,10.0,0
STU3642,Vivaan Rao,Computer Science,3,0.589,2.74,0.52,2,5,5.06,0,4,0,53.3,1,5.85,1
STU3643,Rohan Sharma,Biotechnology,6,0.625,3.66,0.56,5,8,3.8,1,3,1,11.2,1,5.54,1
STU3644,Pooja Pandey,Information Tech.,3,0.708,3.78,0.575,2,7,4.2,0,2,1,22.3,1,10.0,1
STU3645,Rohan Reddy,Mechanical Eng.,4,0.625,1.81,0.612,4,5,3.32,1,4,2,0.9,0,7.61,1
STU3646,Nikhil Rao,Computer Science,8,0.563,2.1,0.488,1,6,3.93,0,3,0,5.1,0,3.99,2
STU3647,Arjun Nair,Civil Eng.,3,0.873,4.04,0.807,6,8,4.76,0,3,0,16.0,0,5.14,0
STU3648,Aditya Gupta,Information Tech.,6,0.673,2.83,0.531,6,7,2.69,1,3,0,12.8,0,9.73,1
STU3649,Reyan Rao,Biotechnology,3,0.709,3.4,0.707,4,7,5.53,0,1,1,2.6,0,5.47,1
STU3650,Amit Reddy,Computer Science,5,0.64,4.98,0.522,5,10,7.3,0,3,2,5.3,0,6.23,1
STU3651,Riya Mehta,Civil Eng.,1,1.0,3.98,1.0,7,5,3.68,1,2,1,3.7,0,7.31,0
STU3652,Reyan Gupta,Electrical Eng.,3,1.0,3.93,0.878,5,10,8.54,0,5,2,11.4,1,7.09,0
STU3653,Karan Mishra,Computer Science,3,0.624,2.93,0.552,6,7,6.52,0,4,1,5.1,0,7.75,1
STU3654,Kavya Joshi,Information Tech.,3,0.857,2.75,0.831,2,5,7.56,0,3,0,4.4,1,7.79,1
STU3655,Rahul Kumar,Electronics,2,0.721,3.3,0.73,5,8,4.18,0,2,1,2.8,1,5.99,1
STU3656,Riya Mishra,Biotechnology,4,0.891,2.45,0.894,5,4,7.21,0,2,2,6.3,0,9.34,0
STU3657,Priya Sharma,Computer Science,5,0.765,3.11,0.866,7,6,3.32,1,2,3,2.6,0,3.7,1
STU3658,Karan Yadav,Mechanical Eng.,6,0.838,5.64,0.82,5,10,7.28,0,3,1,39.4,0,7.4,0
STU3659,Ananya Sharma,Information Tech.,2,0.433,3.33,0.383,4,7,5.84,0,2,1,2.0,0,5.71,2
STU3660,Rohan Singh,Mechanical Eng.,4,0.628,3.34,0.512,3,5,6.61,0,3,0,29.3,1,9.94,1
STU3661,Aditya Kumar,Electrical Eng.,5,0.816,5.34,0.721,8,10,3.15,0,2,1,6.7,0,5.63,1
STU3662,Sneha Mishra,Civil Eng.,6,0.821,4.92,0.887,0,7,3.71,1,5,0,5.7,0,9.57,0
STU3663,Nikhil Rao,Electrical Eng.,8,0.578,3.09,0.381,5,7,6.69,0,1,2,3.2,1,6.25,1
STU3664,Aditya Gupta,Computer Science,2,0.642,3.25,0.496,4,6,3.6,0,5,2,12.1,0,6.28,1
STU3665,Arjun Reddy,Civil Eng.,5,0.839,4.32,0.733,4,4,6.43,0,5,2,13.9,0,8.89,0
STU3666,Sneha Nair,Mechanical Eng.,3,0.557,3.07,0.418,3,5,2.77,1,3,1,7.6,0,4.11,1
STU3667,Sneha Mishra,Biotechnology,6,0.87,6.34,0.742,5,11,7.2,0,4,1,0.7,0,9.88,0
STU3668,Rahul Mishra,Electronics,2,0.869,3.02,0.963,6,5,3.03,1,3,1,30.1,0,5.96,1
STU3669,Arjun Kumar,Information Tech.,2,0.817,4.27,0.705,3,9,6.6,0,3,1,47.1,1,7.72,1
STU3670,Vihaan Pandey,Biotechnology,1,0.834,4.85,0.792,5,6,6.75,0,2,0,6.8,0,8.01,0
STU3671,Rohan Pandey,Computer Science,3,0.544,4.66,0.324,5,9,4.11,0,2,1,11.4,0,6.1,1
STU3672,Amit Rao,Computer Science,3,0.706,5.12,0.525,3,8,6.66,0,3,1,7.2,1,5.54,1
STU3673,Vivaan Mehta,Information Tech.,2,1.0,4.45,0.993,6,7,6.02,0,3,2,4.7,0,6.98,0
STU3674,Priya Patel,Information Tech.,2,0.586,1.46,0.695,5,2,4.42,0,3,2,1.0,1,2.71,1
STU3675,Amit Kumar,Computer Science,8,0.85,2.46,0.787,3,5,3.48,0,2,2,7.3,0,3.69,1
STU3676,Rohan Nair,Biotechnology,6,0.665,3.46,0.568,2,5,1.57,0,2,0,20.5,1,5.22,1
STU3677,Rohan Mehta,Electrical Eng.,4,0.733,4.16,0.709,3,6,6.2,0,1,2,0.5,1,9.65,1
STU3678,Arjun Singh,Electrical Eng.,8,0.81,3.7,0.469,5,6,2.37,0,1,0,10.5,0,8.44,1
STU3679,Rahul Verma,Information Tech.,1,0.851,5.97,0.789,5,9,5.69,0,2,1,25.5,0,8.47,1
STU3680,Ananya Patel,Mechanical Eng.,2,0.729,2.08,0.551,7,6,4.97,0,1,1,2.9,0,3.72,1
STU3681,Sneha Nair,Civil Eng.,6,0.719,5.42,0.726,4,5,6.86,0,1,2,2.4,0,7.6,1
STU3682,Ishita Yadav,Mechanical Eng.,5,0.587,3.07,0.309,2,5,4.9,0,4,1,17.8,0,4.92,2
STU3683,Ishita Kumar,Computer Science,7,0.677,4.57,0.546,6,7,4.84,0,1,1,3.5,0,6.33,1
STU3684,Vihaan Patel,Mechanical Eng.,8,0.698,4.04,0.624,2,7,6.96,0,3,1,2.6,0,8.81,1
STU3685,Pooja Singh,Computer Science,7,0.829,6.4,0.67,3,9,6.17,0,2,1,5.7,1,8.04,0
STU3686,Aditya Mehta,Electrical Eng.,4,0.884,4.0,0.758,3,8,6.13,1,4,1,6.0,1,9.15,0
STU3687,Pooja Singh,Electrical Eng.,2,0.737,3.16,0.754,0,5,6.44,0,3,2,24.9,1,4.39,1
STU3688,Amit Kumar,Electrical Eng.,3,0.787,3.23,0.706,6,6,2.43,1,2,0,11.6,0,3.89,1
STU3689,Vivaan Kumar,Computer Science,1,0.797,4.49,0.624,6,9,7.01,0,3,2,6.2,0,9.82,0
STU3690,Nikhil Gupta,Computer Science,4,0.681,5.38,0.707,6,9,6.72,0,2,0,9.2,0,9.76,1
STU3691,Amit Sharma,Computer Science,5,0.745,3.58,0.696,8,4,3.47,1,3,1,36.9,0,6.01,1
STU3692,Rahul Patel,Computer Science,4,0.875,6.47,0.816,8,9,5.01,0,1,1,1.4,0,6.46,0
STU3693,Rohan Gupta,Mechanical Eng.,1,0.831,3.49,0.659,4,6,5.42,0,5,2,2.8,0,8.74,1
STU3694,Karan Rao,Computer Science,1,0.61,3.45,0.294,6,4,5.23,0,3,2,39.4,1,7.53,1
STU3695,Pooja Singh,Computer Science,4,0.48,3.13,0.342,4,5,6.17,1,2,3,37.8,1,7.94,1
STU3696,Aarav Gupta,Electrical Eng.,5,0.806,4.61,0.624,4,7,8.36,0,4,0,2.3,1,5.84,0
STU3697,Ishita Patel,Computer Science,4,0.826,4.58,0.682,3,11,7.66,1,2,0,1.9,1,9.37,0
STU3698,Ananya Singh,Mechanical Eng.,7,0.706,3.2,0.552,4,6,2.88,1,4,1,6.6,0,5.5,1
STU3699,Arjun Gupta,Mechanical Eng.,7,0.768,4.1,0.702,5,7,6.74,0,3,1,0.6,0,4.52,0
STU3700,Pooja Singh,Computer Science,3,0.854,3.72,0.857,8,9,8.16,0,4,1,12.8,1,6.04,0
STU3701,Pooja Rao,Mechanical Eng.,7,0.658,2.82,0.7,6,6,6.27,0,1,2,1.0,1,5.81,1
STU3702,Arjun Reddy,Electronics,4,0.721,3.85,0.732,3,8,7.68,0,4,1,0.7,0,9.97,1
STU3703,Priya Verma,Mechanical Eng.,8,0.859,6.23,0.683,3,9,9.52,1,4,0,8.0,0,6.6,0
STU3704,Vivaan Joshi,Computer Science,2,0.689,5.89,0.626,6,7,7.55,0,2,1,38.0,1,7.96,0
STU3705,Sai Nair,Computer Science,2,0.73,3.71,0.814,6,7,6.0,0,1,0,6.7,1,3.0,1
STU3706,Reyan Yadav,Biotechnology,5,0.718,3.15,0.488,7,9,7.59,0,2,1,5.3,0,8.96,0
STU3707,Arjun Mehta,Computer Science,2,0.942,3.64,0.983,4,9,5.79,0,5,0,74.3,0,5.31,0
STU3708,Suresh Nair,Information Tech.,8,0.811,6.17,0.63,6,10,5.55,0,2,2,9.1,0,7.37,0
STU3709,Sai Nair,Computer Science,2,0.81,4.64,0.758,6,7,4.8,0,3,1,5.6,1,7.14,1
STU3710,Vihaan Patel,Information Tech.,7,0.92,5.25,0.869,2,6,8.63,0,1,2,5.9,0,8.73,0
STU3711,Ishita Joshi,Electrical Eng.,6,0.672,4.31,0.624,5,6,3.86,1,2,1,2.6,1,6.76,1
STU3712,Reyan Kumar,Civil Eng.,4,1.0,6.42,1.0,7,10,8.56,0,3,0,8.6,0,10.0,0
STU3713,Amit Reddy,Mechanical Eng.,4,0.914,2.57,0.793,6,4,6.5,0,5,1,6.9,1,7.33,0
STU3714,Priya Mehta,Information Tech.,1,0.69,2.34,0.457,4,6,2.7,1,3,2,3.8,1,9.86,1
STU3715,Priya Singh,Civil Eng.,8,0.665,3.24,0.634,10,4,6.24,0,4,3,2.1,1,8.02,1
STU3716,Suresh Patel,Civil Eng.,6,0.919,3.09,0.81,9,6,1.3,1,3,0,4.5,1,5.88,0
STU3717,Pooja Nair,Electrical Eng.,8,0.864,4.22,0.833,5,6,6.75,1,1,0,8.5,0,8.63,0
STU3718,Karan Joshi,Computer Science,7,0.813,5.09,0.82,4,10,7.27,1,2,1,0.7,0,7.54,0
STU3719,Reyan Mehta,Information Tech.,2,0.879,2.69,0.787,6,6,4.32,0,3,1,2.0,0,7.1,1
STU3720,Priya Singh,Computer Science,2,0.973,5.37,0.92,5,7,5.75,1,5,2,35.4,1,7.35,0
STU3721,Reyan Gupta,Mechanical Eng.,6,0.749,4.74,0.689,7,9,9.41,0,4,1,9.4,0,8.27,0
STU3722,Suresh Mehta,Civil Eng.,6,0.797,4.18,0.897,2,5,4.49,0,2,0,0.8,1,10.0,0
STU3723,Amit Nair,Computer Science,8,0.847,4.45,0.725,4,5,3.38,1,2,2,14.2,1,10.0,0
STU3724,Sneha Nair,Biotechnology,7,0.839,5.88,0.686,6,8,8.46,1,2,0,0.8,0,8.13,0
STU3725,Ishita Mehta,Computer Science,7,0.644,5.26,0.667,6,5,9.43,0,5,1,16.1,1,10.0,0
STU3726,Priya Yadav,Civil Eng.,8,0.673,4.64,0.513,1,7,5.51,0,4,1,16.6,0,8.81,1
STU3727,Suresh Rao,Civil Eng.,1,0.691,6.35,0.661,2,9,7.52,1,4,0,12.6,1,9.22,0
STU3728,Sneha Mehta,Electronics,1,0.862,5.07,0.759,1,7,8.18,0,2,0,15.8,1,8.44,0
STU3729,Vivaan Yadav,Electrical Eng.,7,0.551,2.33,0.486,2,6,4.02,0,3,0,1.1,1,7.4,1
STU3730,Nikhil Sharma,Mechanical Eng.,5,0.785,4.06,0.951,2,6,4.53,0,3,3,15.6,1,7.39,1
STU3731,Rahul Yadav,Biotechnology,7,0.994,4.34,1.0,6,5,7.96,0,2,2,1.8,1,6.1,0
STU3732,Riya Verma,Information Tech.,1,0.845,1.84,0.863,5,3,8.87,0,3,0,5.0,1,7.54,0
STU3733,Priya Mehta,Electrical Eng.,1,0.561,4.54,0.558,4,6,6.63,0,1,1,34.3,1,4.83,1
STU3734,Vihaan Kumar,Computer Science,2,0.577,3.26,0.45,4,5,3.74,1,1,2,8.4,0,7.16,1
STU3735,Ishita Mishra,Information Tech.,3,0.756,6.23,0.707,7,10,9.47,0,4,0,41.1,1,8.62,0
STU3736,Riya Sharma,Civil Eng.,5,0.557,2.43,0.56,2,2,4.44,0,4,1,1.1,0,7.59,1
STU3737,Vihaan Joshi,Computer Science,5,0.467,1.64,0.44,0,3,4.83,0,3,2,7.8,1,5.05,2
STU3738,Amit Reddy,Computer Science,6,0.761,4.06,0.694,6,8,6.18,0,3,0,0.8,0,8.59,1
STU3739,Reyan Reddy,Electrical Eng.,4,0.886,5.04,0.758,4,10,8.61,0,2,2,11.9,0,8.43,0
STU3740,Amit Mehta,Electrical Eng.,5,0.885,4.27,0.824,3,6,7.21,0,4,1,1.0,1,10.0,0
STU3741,Ananya Pandey,Electrical Eng.,1,0.7,3.92,0.577,6,10,6.33,1,4,0,2.3,0,8.35,0
STU3742,Vihaan Sharma,Electrical Eng.,5,0.673,2.65,0.676,0,4,6.43,0,4,3,3.6,0,5.85,1
STU3743,Sai Kumar,Computer Science,5,0.783,3.51,0.503,3,6,5.59,0,4,0,16.6,1,4.25,1
STU3744,Rahul Patel,Mechanical Eng.,4,0.73,3.57,0.793,0,5,6.62,1,2,2,2.1,1,7.38,0
STU3745,Karan Verma,Electrical Eng.,4,0.841,3.59,0.626,5,7,1.0,1,2,1,22.5,0,3.45,1
STU3746,Priya Singh,Computer Science,5,0.809,3.93,0.621,8,11,4.91,0,3,2,1.7,1,5.15,1
STU3747,Riya Mehta,Mechanical Eng.,2,0.693,3.46,0.665,3,9,5.98,0,2,2,0.5,0,5.06,1
STU3748,Priya Joshi,Computer Science,1,0.578,5.03,0.574,3,9,3.2,1,4,0,6.0,0,4.91,1
STU3749,Vivaan Kumar,Computer Science,1,0.922,3.56,1.0,8,5,6.27,1,2,1,46.6,1,9.5,0
STU3750,Sai Nair,Computer Science,8,0.686,4.2,0.647,6,7,5.09,0,1,1,1.4,0,4.79,1
STU3751,Rohan Kumar,Computer Science,1,0.823,4.5,0.737,9,9,9.01,0,2,1,1.3,1,6.94,0
STU3752,Suresh Pandey,Computer Science,7,0.632,6.55,0.588,5,11,8.65,1,5,0,16.7,0,5.02,0
STU3753,Vihaan Rao,Mechanical Eng.,4,0.738,3.47,0.823,5,6,4.57,0,2,4,4.5,0,3.3,1
STU3754,Sneha Verma,Computer Science,7,0.76,3.7,0.926,7,7,5.2,0,3,2,15.2,0,6.06,1
STU3755,Ishita Joshi,Information Tech.,1,0.755,3.44,0.661,4,8,5.35,0,3,1,2.7,0,6.98,1
STU3756,Sai Rao,Electrical Eng.,2,1.0,3.61,0.954,5,8,4.6,0,1,2,7.4,1,4.31,0
STU3757,Arjun Gupta,Electrical Eng.,1,0.733,5.21,0.652,0,6,5.89,0,3,1,3.7,0,4.03,1
STU3758,Aditya Sharma,Computer Science,4,0.867,4.21,0.771,8,7,3.98,0,4,2,7.2,1,2.83,1
STU3759,Amit Pandey,Information Tech.,7,0.783,3.01,0.893,5,6,3.24,1,3,1,17.6,0,6.23,0
STU3760,Rohan Nair,Information Tech.,7,0.761,6.07,0.592,4,8,6.75,0,4,0,17.2,1,8.71,0
STU3761,Kavya Mishra,Computer Science,2,0.9,5.08,0.576,7,10,6.76,0,2,0,8.7,1,4.46,0
STU3762,Suresh Yadav,Electronics,5,0.686,2.64,0.649,2,5,3.89,0,1,4,31.6,1,5.0,1
STU3763,Ishita Singh,Computer Science,3,0.806,2.53,0.846,4,7,7.29,0,5,1,3.7,1,9.14,0
STU3764,Sneha Kumar,Electrical Eng.,7,0.946,2.77,0.874,6,5,4.24,0,2,1,3.3,1,5.89,0
STU3765,Priya Nair,Information Tech.,2,0.79,4.3,0.761,5,8,6.01,1,3,1,11.4,1,6.62,0
STU3766,Aarav Sharma,Biotechnology,4,0.761,4.86,0.76,5,8,7.14,0,4,0,11.7,1,7.83,0
STU3767,Suresh Pandey,Computer Science,7,0.937,5.26,0.854,5,11,5.43,0,2,0,0.6,1,5.83,0
STU3768,Sneha Joshi,Biotechnology,7,0.872,2.61,0.84,6,6,6.41,0,4,2,11.2,0,5.52,0
STU3769,Rahul Patel,Computer Science,6,0.607,2.81,0.6,2,5,4.47,0,1,0,5.6,0,6.89,2
STU3770,Rahul Rao,Information Tech.,2,0.63,2.12,0.372,7,4,5.11,0,2,2,16.5,1,4.05,2
STU3771,Vihaan Pandey,Electronics,2,0.758,1.92,0.693,4,4,5.09,0,1,1,19.8,1,3.62,1
STU3772,Suresh Joshi,Information Tech.,4,0.682,2.45,0.457,4,5,4.01,0,4,2,9.6,0,4.96,1
STU3773,Aditya Joshi,Mechanical Eng.,7,0.645,3.98,0.577,3,5,5.15,1,2,1,0.5,1,7.83,1
STU3774,Suresh Pandey,Biotechnology,3,0.811,3.65,0.68,4,6,2.4,1,4,1,12.1,0,7.81,0
STU3775,Ananya Kumar,Information Tech.,8,0.769,2.22,0.796,5,7,4.52,0,5,0,16.6,0,5.5,1
STU3776,Amit Verma,Mechanical Eng.,5,0.66,2.51,0.619,6,7,4.93,0,3,1,3.4,1,7.97,1
STU3777,Priya Gupta,Mechanical Eng.,4,0.662,1.36,0.643,6,1,4.99,0,3,1,7.5,0,8.98,1
STU3778,Vivaan Sharma,Mechanical Eng.,5,0.681,3.76,0.594,5,4,5.02,0,3,1,40.5,1,6.57,1
STU3779,Suresh Mehta,Civil Eng.,5,0.578,2.73,0.625,3,4,5.38,0,2,1,4.2,0,7.76,1
STU3780,Vihaan Mishra,Computer Science,6,0.778,5.93,0.54,5,6,6.46,0,3,1,3.0,1,10.0,1
STU3781,Reyan Mishra,Electrical Eng.,8,0.796,4.67,0.626,5,6,7.25,0,3,1,2.8,0,5.91,1
STU3782,Sai Patel,Computer Science,7,0.545,3.05,0.619,4,6,4.2,0,5,1,9.8,0,5.83,1
STU3783,Suresh Singh,Mechanical Eng.,7,0.635,2.16,0.528,5,5,3.09,0,5,1,35.9,0,8.81,1
STU3784,Sai Yadav,Civil Eng.,8,0.66,1.23,0.379,2,1,3.42,1,4,2,11.3,1,4.33,1
STU3785,Reyan Gupta,Civil Eng.,8,0.812,1.72,0.876,1,6,4.53,0,4,4,4.3,0,6.64,1
STU3786,Sai Rao,Mechanical Eng.,1,0.67,2.69,0.711,7,5,4.8,0,3,1,12.2,1,5.31,1
STU3787,Suresh Mishra,Mechanical Eng.,2,0.544,2.35,0.561,4,4,3.96,1,3,0,11.8,0,8.64,1
STU3788,Suresh Singh,Mechanical Eng.,3,0.642,1.67,0.587,5,6,2.91,1,4,1,10.9,0,3.74,1
STU3789,Ananya Pandey,Computer Science,5,0.685,3.83,0.783,3,7,4.59,0,2,1,2.1,1,6.26,1
STU3790,Nikhil Nair,Mechanical Eng.,6,0.841,4.38,0.883,7,7,5.86,0,5,1,12.1,1,4.87,0
STU3791,Arjun Rao,Electronics,7,0.698,3.46,0.783,5,5,6.69,1,3,2,6.7,0,4.37,1
STU3792,Rahul Rao,Computer Science,8,0.5,5.64,0.52,4,10,4.39,0,3,1,0.5,0,2.9,1
STU3793,Aditya Yadav,Computer Science,5,1.0,1.31,0.912,6,3,4.67,1,4,1,9.3,0,6.11,0
STU3794,Arjun Reddy,Information Tech.,2,0.744,3.16,0.629,1,5,3.65,1,5,3,54.4,0,6.96,1
STU3795,Amit Gupta,Mechanical Eng.,1,0.745,3.37,0.544,5,4,5.44,0,2,0,5.2,0,6.66,1
STU3796,Rahul Pandey,Mechanical Eng.,1,0.514,2.48,0.513,7,7,3.8,1,4,0,40.4,1,6.56,1
STU3797,Riya Sharma,Electrical Eng.,3,0.551,3.16,0.554,5,8,6.65,0,3,1,1.2,1,6.21,1
STU3798,Rahul Nair,Electrical Eng.,8,0.692,2.57,0.588,5,5,1.93,1,2,0,15.8,1,7.35,1
STU3799,Priya Reddy,Computer Science,1,0.767,3.16,0.752,4,5,4.78,0,4,2,1.5,0,7.74,1
STU3800,Reyan Joshi,Electrical Eng.,3,0.819,3.36,0.704,7,7,6.1,0,3,1,3.8,0,7.06,1
STU3801,Karan Gupta,Electronics,3,0.717,2.2,0.732,7,6,5.87,0,3,2,10.2,1,7.13,1
STU3802,Pooja Sharma,Electrical Eng.,6,0.58,3.06,0.434,3,5,10.0,0,2,2,10.8,0,7.16,1
STU3803,Ishita Nair,Information Tech.,6,0.44,3.51,0.29,5,8,6.2,1,3,1,17.9,1,10.0,1
STU3804,Kavya Patel,Biotechnology,6,0.691,2.57,0.597,5,4,3.49,1,3,1,11.5,0,7.5,1
STU3805,Amit Reddy,Electrical Eng.,5,0.67,3.36,0.686,5,4,5.31,1,3,1,10.8,1,6.41,0
STU3806,Priya Sharma,Biotechnology,3,0.547,2.45,0.376,3,5,1.95,0,2,3,29.2,1,5.27,2
STU3807,Ananya Mehta,Civil Eng.,7,0.818,2.97,0.841,7,7,5.34,0,5,0,7.2,1,5.9,0
STU3808,Rohan Mehta,Electrical Eng.,4,0.527,2.9,0.31,5,6,3.83,1,3,1,3.1,0,5.61,1
STU3809,Ishita Mehta,Information Tech.,6,0.801,3.18,0.696,7,4,7.33,0,4,3,2.1,1,7.64,1
STU3810,Sneha Patel,Biotechnology,3,0.637,5.15,0.432,2,8,4.4,0,3,0,6.1,1,3.25,1
STU3811,Aditya Mishra,Biotechnology,7,0.721,2.62,0.388,2,7,5.27,0,2,0,15.0,0,6.13,1
STU3812,Karan Singh,Electronics,3,0.825,2.82,0.779,9,6,4.23,1,3,2,0.5,1,6.03,1
STU3813,Ishita Joshi,Electrical Eng.,4,0.712,3.82,0.623,7,7,8.98,0,3,1,1.7,1,7.68,0
STU3814,Sneha Patel,Mechanical Eng.,2,0.906,2.57,0.675,3,5,4.86,1,3,1,1.3,1,6.77,0
STU3815,Aditya Joshi,Electrical Eng.,6,1.0,4.78,0.848,7,9,9.17,0,3,2,10.6,1,7.81,0
STU3816,Amit Gupta,Electronics,1,0.789,4.02,0.754,4,8,7.13,0,3,1,3.3,1,7.87,1
STU3817,Kavya Sharma,Computer Science,1,0.8,3.39,0.684,1,4,6.46,0,1,1,2.2,1,6.7,1
STU3818,Kavya Sharma,Mechanical Eng.,1,0.869,3.53,0.762,1,8,6.24,0,3,1,10.8,1,8.65,1
STU3819,Rahul Mehta,Mechanical Eng.,8,0.786,3.02,0.668,5,6,6.29,1,2,2,17.2,1,8.07,0
STU3820,Vihaan Rao,Electronics,2,0.771,2.98,0.636,8,8,1.64,0,1,2,4.8,1,9.54,1
STU3821,Vivaan Reddy,Civil Eng.,6,0.775,5.95,0.638,8,9,4.94,0,5,0,10.4,1,7.75,0
STU3822,Pooja Gupta,Electrical Eng.,7,0.522,3.11,0.407,7,7,7.19,0,3,1,1.2,1,5.82,1
STU3823,Ananya Sharma,Information Tech.,4,0.597,4.09,0.462,6,8,5.4,0,3,2,32.8,0,6.34,1
STU3824,Riya Nair,Electrical Eng.,1,1.0,2.86,0.798,6,4,2.69,1,3,1,4.9,0,4.89,0
STU3825,Riya Kumar,Electronics,6,0.816,4.42,0.696,7,9,5.4,0,5,1,71.9,1,6.63,1
STU3826,Ishita Rao,Civil Eng.,8,0.791,5.51,0.648,1,10,8.91,0,3,0,46.1,0,9.65,0
STU3827,Suresh Mishra,Information Tech.,8,0.937,4.64,0.736,7,7,7.99,0,4,0,18.1,0,6.82,0
STU3828,Aditya Mishra,Information Tech.,7,0.653,3.57,0.664,2,7,5.38,0,2,1,0.5,1,5.59,1
STU3829,Priya Nair,Biotechnology,1,0.818,3.7,0.859,3,10,7.4,0,5,2,9.4,0,8.15,0
STU3830,Vivaan Patel,Mechanical Eng.,8,0.71,2.51,0.639,6,4,4.77,0,4,1,1.1,1,4.96,1
STU3831,Ishita Reddy,Computer Science,8,0.756,2.51,0.687,6,6,2.09,1,4,1,27.1,0,4.05,1
STU3832,Kavya Rao,Electronics,3,0.622,1.55,0.49,3,2,3.65,0,2,1,18.7,0,6.78,2
STU3833,Pooja Joshi,Information Tech.,2,0.639,3.88,0.682,6,6,8.63,0,2,0,43.1,0,4.36,1
STU3834,Kavya Nair,Computer Science,1,0.694,4.81,0.798,6,9,4.95,0,2,0,11.2,1,5.62,1
STU3835,Arjun Reddy,Mechanical Eng.,2,0.651,3.62,0.569,4,7,5.01,0,2,0,8.9,0,8.04,1
STU3836,Ananya Yadav,Information Tech.,7,0.781,4.54,0.651,5,7,4.9,1,4,1,8.8,1,3.17,1
STU3837,Aditya Sharma,Electronics,1,0.676,6.56,0.642,9,12,9.31,0,1,0,5.9,1,4.62,0
STU3838,Nikhil Joshi,Electronics,1,0.627,4.41,0.577,4,6,8.75,0,1,0,7.6,1,5.04,1
STU3839,Ananya Yadav,Electrical Eng.,1,0.825,5.23,0.693,4,8,9.94,0,2,3,12.1,0,3.07,1
STU3840,Aditya Mishra,Mechanical Eng.,4,0.712,3.19,0.688,5,7,5.18,0,2,1,32.4,1,9.97,1
STU3841,Riya Rao,Information Tech.,3,0.737,2.85,0.757,4,4,6.09,0,2,2,10.9,1,7.04,1
STU3842,Vivaan Patel,Electrical Eng.,4,0.658,1.6,0.514,6,5,2.47,1,4,1,23.3,0,4.53,2
STU3843,Nikhil Joshi,Electrical Eng.,7,1.0,5.55,1.0,8,10,8.45,0,3,0,23.8,1,5.21,0
STU3844,Vihaan Patel,Electronics,8,0.743,3.2,0.516,4,6,3.16,1,1,1,8.8,0,9.91,1
STU3845,Ananya Singh,Computer Science,2,0.794,6.0,0.63,3,8,5.93,0,3,0,5.1,1,7.96,0
STU3846,Vivaan Sharma,Civil Eng.,3,0.778,4.16,0.724,9,7,3.31,1,3,0,12.2,0,5.76,0
STU3847,Rahul Mehta,Mechanical Eng.,8,0.819,2.42,0.962,5,1,4.32,1,1,0,7.1,1,8.49,0
STU3848,Priya Singh,Computer Science,7,0.76,4.16,0.628,1,8,3.83,1,3,0,1.0,0,6.85,1
STU3849,Reyan Mehta,Electronics,5,0.799,2.92,0.612,8,6,4.28,1,4,1,5.7,1,5.38,1
STU3850,Karan Joshi,Electrical Eng.,4,0.839,4.79,0.81,7,7,4.42,0,4,1,61.5,1,5.23,1
STU3851,Nikhil Verma,Information Tech.,3,0.675,2.74,0.582,8,3,4.4,0,4,1,0.6,1,5.26,1
STU3852,Aarav Rao,Electrical Eng.,1,0.729,2.89,0.722,7,7,7.17,0,1,1,14.3,0,5.32,1
STU3853,Arjun Mehta,Computer Science,7,0.873,2.03,0.779,10,4,3.29,1,5,3,22.1,0,7.99,1
STU3854,Riya Joshi,Electrical Eng.,6,0.745,2.89,0.585,2,6,5.94,0,4,0,12.6,1,5.85,1
STU3855,Suresh Kumar,Computer Science,1,0.617,3.37,0.79,3,6,7.94,0,5,2,10.1,0,9.82,1
STU3856,Kavya Singh,Biotechnology,7,0.668,2.65,0.306,3,3,4.47,1,1,3,14.8,0,4.85,1
STU3857,Nikhil Patel,Electrical Eng.,4,0.516,4.25,0.647,3,9,4.06,0,5,0,6.7,1,5.14,1
STU3858,Rohan Kumar,Electrical Eng.,3,0.843,5.67,0.852,5,10,5.04,0,4,0,1.1,1,5.7,0
STU3859,Vihaan Gupta,Mechanical Eng.,6,0.868,2.76,0.707,4,6,7.86,0,4,4,39.4,1,5.74,1
STU3860,Suresh Mishra,Electrical Eng.,4,0.65,5.28,0.773,2,9,5.89,1,1,0,6.8,1,5.71,0
STU3861,Ishita Reddy,Computer Science,5,0.728,2.76,0.518,3,4,4.44,0,4,1,13.1,1,7.32,1
STU3862,Rohan Joshi,Electrical Eng.,2,0.893,4.36,0.904,4,9,6.47,0,5,1,9.1,0,9.1,0
STU3863,Sai Gupta,Civil Eng.,8,0.771,1.0,0.486,7,7,3.3,0,3,1,0.7,0,6.53,1
STU3864,Ishita Pandey,Mechanical Eng.,8,0.941,4.69,0.732,4,8,6.86,0,3,4,36.6,1,4.92,1
STU3865,Vihaan Joshi,Mechanical Eng.,4,0.435,1.49,0.277,5,4,6.32,0,5,0,18.9,1,5.82,2
STU3866,Suresh Patel,Information Tech.,8,0.814,3.84,0.658,2,5,4.88,0,3,1,1.9,1,5.42,1
STU3867,Ananya Pandey,Electrical Eng.,8,0.558,3.46,0.503,0,3,3.82,0,3,1,48.0,1,9.21,1
STU3868,Ananya Verma,Civil Eng.,6,0.614,3.35,0.47,4,5,3.73,0,3,1,16.0,0,7.89,1
STU3869,Pooja Sharma,Mechanical Eng.,2,0.822,3.09,0.536,3,8,6.57,0,5,1,7.7,0,9.16,1
STU3870,Amit Mehta,Electrical Eng.,6,0.821,5.05,0.785,3,10,7.96,0,1,3,11.3,0,6.11,0
STU3871,Riya Nair,Computer Science,3,0.837,3.74,0.758,3,6,4.23,1,3,2,1.4,1,3.98,1
STU3872,Aarav Verma,Electrical Eng.,7,0.635,3.67,0.613,3,7,6.42,1,3,1,9.9,0,7.96,1
STU3873,Sai Yadav,Information Tech.,6,0.905,3.2,0.832,3,4,1.33,0,4,1,0.9,1,4.57,1
STU3874,Vihaan Yadav,Computer Science,6,0.81,3.18,0.824,3,6,4.33,1,3,0,9.4,1,6.82,0
STU3875,Aarav Yadav,Electronics,7,0.877,4.27,0.782,2,6,5.44,0,5,1,9.7,1,7.37,0
STU3876,Aarav Reddy,Mechanical Eng.,5,0.589,2.95,0.631,0,6,3.68,0,5,0,24.9,0,5.39,1
STU3877,Aditya Mishra,Computer Science,7,0.874,3.35,0.709,0,6,3.63,1,1,2,15.5,1,7.9,0
STU3878,Sai Verma,Biotechnology,4,0.72,3.94,0.576,9,6,4.16,0,3,0,3.4,0,3.62,1
STU3879,Karan Yadav,Computer Science,3,0.661,3.35,0.732,4,8,6.08,0,1,2,26.3,0,7.02,1
STU3880,Ananya Rao,Mechanical Eng.,7,0.757,2.06,0.817,8,7,5.13,0,2,1,10.2,1,7.76,1
STU3881,Nikhil Pandey,Electrical Eng.,6,0.776,2.64,0.755,4,5,1.02,1,3,3,11.2,0,8.37,1
STU3882,Arjun Joshi,Biotechnology,6,0.651,3.8,0.497,4,9,1.26,1,5,1,2.2,0,5.62,1
STU3883,Ishita Kumar,Civil Eng.,6,0.993,3.64,0.796,6,5,4.29,0,4,2,23.4,1,8.55,0
STU3884,Reyan Singh,Information Tech.,4,0.99,4.31,1.0,6,7,6.42,0,1,1,32.1,0,9.07,0
STU3885,Karan Rao,Civil Eng.,8,0.763,2.25,0.814,2,3,1.0,0,1,4,17.9,0,9.51,1
STU3886,Karan Mehta,Computer Science,6,0.821,4.24,0.733,4,7,4.5,1,3,2,33.9,0,6.93,1
STU3887,Suresh Rao,Civil Eng.,1,0.764,3.11,0.922,5,7,4.45,0,3,2,4.3,1,10.0,1
STU3888,Reyan Mishra,Computer Science,3,0.572,3.94,0.56,0,8,8.28,1,2,1,23.7,1,8.94,1
STU3889,Riya Pandey,Computer Science,5,0.803,4.75,0.612,7,7,4.73,0,4,1,8.1,0,3.66,1
STU3890,Amit Rao,Computer Science,6,0.742,3.24,0.64,7,7,6.27,0,5,1,2.1,0,6.93,1
STU3891,Sai Verma,Computer Science,3,0.723,4.8,0.651,0,10,5.78,0,3,0,13.3,1,5.08,1
STU3892,Sai Singh,Computer Science,6,0.711,3.7,0.648,3,8,1.24,1,4,2,13.8,0,8.13,1
STU3893,Reyan Mishra,Mechanical Eng.,5,0.506,4.79,0.58,4,8,7.04,0,2,0,4.1,1,7.41,1
STU3894,Vivaan Patel,Computer Science,1,0.56,2.28,0.408,6,4,5.93,0,4,1,0.5,1,4.4,1
STU3895,Aarav Yadav,Computer Science,6,0.87,3.99,0.65,8,6,6.52,0,3,1,2.7,0,8.54,0
STU3896,Rahul Yadav,Computer Science,1,0.998,4.76,0.958,4,6,10.0,0,1,0,6.1,1,10.0,0
STU3897,Suresh Kumar,Biotechnology,2,0.559,1.8,0.452,9,4,1.33,1,5,0,2.2,0,4.67,1
STU3898,Priya Rao,Electrical Eng.,2,0.816,4.86,0.977,5,7,8.95,0,3,1,2.6,1,6.88,0
STU3899,Riya Patel,Electrical Eng.,1,0.908,4.4,0.911,4,8,4.93,0,4,0,6.0,0,6.84,0
STU3900,Arjun Singh,Electrical Eng.,1,0.668,3.27,0.549,5,6,6.07,0,2,1,39.2,1,3.56,1
STU3901,Rahul Reddy,Electrical Eng.,2,0.818,3.42,0.857,5,6,5.41,0,1,0,17.3,1,7.9,0
STU3902,Karan Nair,Computer Science,2,0.72,3.11,0.721,5,3,4.65,0,1,3,4.6,0,9.44,1
STU3903,Kavya Verma,Civil Eng.,2,0.931,4.7,0.901,9,8,4.36,1,3,3,36.3,1,5.14,0
STU3904,Amit Rao,Information Tech.,3,0.588,3.54,0.517,5,6,6.16,1,3,1,12.4,0,10.0,0
STU3905,Sai Reddy,Civil Eng.,1,0.518,1.26,0.508,2,7,2.47,0,2,1,7.3,0,7.53,2
STU3906,Riya Rao,Information Tech.,4,0.722,2.21,0.44,3,3,7.0,0,3,0,7.6,1,6.96,1
STU3907,Karan Reddy,Computer Science,5,0.765,3.84,0.82,7,6,4.67,0,3,3,6.3,1,7.54,1
STU3908,Ishita Rao,Information Tech.,5,0.676,2.06,0.264,6,5,3.24,1,4,2,3.2,1,8.85,1
STU3909,Aarav Pandey,Civil Eng.,8,0.836,4.18,0.709,2,6,4.6,1,3,1,5.9,0,6.64,0
STU3910,Rahul Sharma,Civil Eng.,5,0.601,2.81,0.381,1,8,8.01,1,5,3,9.0,1,8.11,1
STU3911,Priya Reddy,Civil Eng.,5,0.543,2.68,0.439,4,8,4.43,1,3,3,9.0,0,5.36,1
STU3912,Ishita Rao,Computer Science,2,0.631,2.27,0.56,5,3,6.22,0,3,3,17.2,0,6.65,1
STU3913,Rahul Mehta,Civil Eng.,2,0.703,3.73,0.513,3,6,4.04,1,2,2,5.3,0,7.47,1
STU3914,Suresh Pandey,Mechanical Eng.,7,0.761,4.88,0.408,1,11,7.02,0,2,2,15.1,1,6.78,1
STU3915,Nikhil Kumar,Computer Science,8,0.931,4.47,0.859,3,9,6.87,0,1,2,10.4,0,6.16,1
STU3916,Pooja Pandey,Computer Science,1,0.831,3.46,0.956,8,6,9.2,0,3,1,39.2,1,9.83,0
STU3917,Pooja Reddy,Electrical Eng.,8,0.77,2.65,0.658,6,6,5.15,0,2,4,5.8,1,7.41,1
STU3918,Pooja Kumar,Biotechnology,2,0.8,4.33,0.816,7,5,6.84,0,2,2,27.8,0,6.19,1
STU3919,Ananya Singh,Electrical Eng.,8,0.615,1.68,0.704,7,7,5.7,0,4,1,20.6,0,9.86,1
STU3920,Arjun Reddy,Computer Science,8,0.663,4.14,0.407,3,7,8.09,0,2,1,12.2,0,10.0,1
STU3921,Rahul Reddy,Information Tech.,5,0.658,5.04,0.546,4,9,4.06,1,2,1,12.8,1,8.04,1
STU3922,Sneha Sharma,Computer Science,7,0.672,3.88,0.477,4,5,6.99,0,2,1,1.1,0,4.95,1
STU3923,Reyan Mishra,Computer Science,3,0.665,1.75,0.518,5,2,5.11,0,4,3,36.0,1,7.27,1
STU3924,Riya Kumar,Electrical Eng.,7,0.577,2.88,0.689,6,6,5.37,0,1,0,1.4,0,7.67,1
STU3925,Aarav Kumar,Computer Science,8,0.738,2.95,0.687,8,8,5.68,0,3,3,9.9,1,3.85,1
STU3926,Nikhil Sharma,Civil Eng.,6,0.831,6.37,0.827,6,9,6.0,1,3,0,4.8,1,8.95,0
STU3927,Ananya Nair,Computer Science,3,0.775,5.58,0.694,6,7,5.27,0,3,0,6.7,0,6.96,0
STU3928,Reyan Patel,Civil Eng.,4,0.926,4.66,0.712,9,8,5.93,0,3,2,11.3,1,8.8,0
STU3929,Vihaan Kumar,Computer Science,8,0.472,4.19,0.493,4,9,8.66,1,4,0,28.7,0,7.05,1
STU3930,Vihaan Singh,Information Tech.,1,0.781,5.68,0.828,7,8,7.47,1,1,2,7.3,1,8.11,0
STU3931,Suresh Joshi,Electronics,3,0.43,2.81,0.419,5,5,7.24,0,2,1,52.8,0,8.13,2
STU3932,Nikhil Gupta,Biotechnology,3,0.815,4.67,0.783,6,9,4.59,0,2,3,10.8,1,6.72,1
STU3933,Rohan Yadav,Computer Science,8,0.861,4.23,0.651,4,8,3.72,0,1,0,2.1,0,7.0,0
STU3934,Aditya Verma,Electrical Eng.,3,0.6,4.04,0.61,1,6,7.41,0,2,0,2.5,1,6.98,1
STU3935,Aditya Rao,Electronics,5,0.675,5.54,0.742,5,10,7.25,0,2,2,15.1,0,5.05,1
STU3936,Rohan Nair,Information Tech.,5,0.556,4.0,0.541,5,8,8.45,1,3,0,0.6,1,3.86,0
STU3937,Kavya Mishra,Electrical Eng.,7,0.678,1.77,0.431,3,4,4.29,0,3,3,7.9,1,5.18,2
STU3938,Aditya Gupta,Biotechnology,4,0.747,4.69,0.835,4,9,5.04,0,2,2,1.9,0,7.94,1
STU3939,Reyan Reddy,Computer Science,2,0.669,2.56,0.508,3,6,2.22,1,4,0,6.8,0,3.8,1
STU3940,Ananya Mishra,Electrical Eng.,2,0.721,4.14,0.688,3,5,4.72,0,2,1,16.6,0,8.32,1
STU3941,Sai Verma,Mechanical Eng.,2,0.74,6.43,0.762,4,12,7.49,1,2,0,7.4,1,9.75,0
STU3942,Karan Verma,Computer Science,7,0.836,2.5,0.86,2,6,4.57,0,3,1,2.1,1,7.22,1
STU3943,Sneha Kumar,Mechanical Eng.,3,0.787,3.86,0.528,3,9,6.78,0,1,1,3.5,1,6.74,0
STU3944,Sneha Kumar,Civil Eng.,2,0.675,5.42,0.619,6,9,5.12,0,1,1,5.5,0,8.38,0
STU3945,Pooja Yadav,Electrical Eng.,6,0.702,4.65,0.637,7,8,6.15,0,3,3,0.9,0,8.93,1
STU3946,Rahul Patel,Computer Science,2,0.58,2.12,0.666,8,5,3.2,1,5,1,10.5,0,5.56,1
STU3947,Kavya Nair,Computer Science,8,0.871,2.56,0.83,4,6,5.67,0,4,1,11.2,0,6.85,1
STU3948,Kavya Verma,Biotechnology,5,0.752,1.67,0.822,7,6,1.0,1,1,2,0.8,0,3.84,1
STU3949,Reyan Joshi,Mechanical Eng.,5,0.691,2.65,0.676,5,6,5.13,0,4,0,6.2,0,7.05,1
STU3950,Vivaan Pandey,Computer Science,2,0.923,2.96,0.823,4,6,2.24,1,4,2,6.4,0,1.95,1
STU3951,Rohan Mehta,Computer Science,5,0.953,4.47,0.877,6,9,7.91,0,3,1,4.9,1,6.85,0
STU3952,Priya Joshi,Mechanical Eng.,8,0.75,4.45,0.828,7,8,7.05,0,4,3,9.8,1,5.58,0
STU3953,Vivaan Gupta,Mechanical Eng.,5,0.668,2.92,0.471,3,10,6.43,1,3,2,5.1,1,6.77,1
STU3954,Amit Kumar,Mechanical Eng.,3,0.736,4.48,0.753,3,8,8.54,0,2,1,6.5,0,6.13,1
STU3955,Riya Gupta,Mechanical Eng.,4,0.51,0.61,0.396,3,5,3.6,0,3,2,19.2,0,2.64,2
STU3956,Priya Mehta,Electrical Eng.,5,1.0,4.87,0.816,4,9,8.99,1,3,2,2.1,0,6.52,0
STU3957,Ananya Pandey,Electronics,8,0.704,5.62,0.736,7,6,7.36,0,3,2,11.6,1,6.35,1
STU3958,Kavya Gupta,Computer Science,8,0.776,1.8,0.61,3,3,5.03,0,3,1,8.5,1,8.43,1
STU3959,Kavya Verma,Computer Science,4,0.879,4.91,0.829,4,7,7.77,1,5,1,4.4,0,6.18,0
STU3960,Karan Sharma,Electronics,7,0.654,2.25,0.539,5,2,3.29,0,5,1,15.6,0,4.46,2
STU3961,Karan Patel,Computer Science,7,0.982,4.12,0.648,5,6,3.85,0,4,1,9.6,0,4.01,0
STU3962,Kavya Mehta,Electronics,6,0.552,3.48,0.544,3,4,4.28,0,4,1,7.8,1,8.34,1
STU3963,Aditya Gupta,Electrical Eng.,1,0.743,3.82,0.681,8,5,4.44,0,5,2,13.2,1,5.93,1
STU3964,Kavya Reddy,Information Tech.,2,0.665,3.09,0.408,3,6,3.39,0,1,0,19.5,0,6.51,1
STU3965,Reyan Mehta,Computer Science,7,0.954,5.98,0.789,5,12,7.95,0,2,0,43.2,1,4.61,0
STU3966,Amit Mehta,Electronics,8,0.799,3.91,0.538,1,5,4.98,0,3,0,11.9,0,3.34,1
STU3967,Ananya Mishra,Civil Eng.,4,0.513,3.01,0.535,3,4,6.21,1,4,0,24.9,1,5.24,1
STU3968,Ishita Kumar,Electrical Eng.,8,0.886,3.43,0.936,2,5,4.36,0,3,1,0.5,1,9.23,0
STU3969,Sai Patel,Computer Science,4,0.743,2.11,0.754,3,4,1.86,1,4,2,9.1,0,3.59,1
STU3970,Vivaan Sharma,Mechanical Eng.,1,0.636,4.01,0.671,0,4,6.04,0,1,3,2.9,0,5.69,1
STU3971,Rahul Rao,Electronics,2,0.638,2.0,0.522,2,3,1.68,1,2,2,1.2,0,5.53,1
STU3972,Kavya Yadav,Computer Science,6,0.556,2.8,0.555,4,4,5.36,0,4,1,9.1,0,5.48,1
STU3973,Aditya Yadav,Electrical Eng.,2,0.702,3.07,0.631,4,6,2.76,1,2,2,16.5,0,6.69,1
STU3974,Vivaan Mishra,Computer Science,7,0.814,4.91,0.751,4,9,9.47,0,2,0,6.4,0,6.35,0
STU3975,Nikhil Patel,Electrical Eng.,2,0.779,5.47,0.797,4,8,7.32,0,2,0,13.3,1,5.21,0
STU3976,Pooja Nair,Mechanical Eng.,6,0.675,3.22,0.725,3,5,5.71,0,2,1,8.1,1,10.0,1
STU3977,Karan Joshi,Mechanical Eng.,8,0.488,2.03,0.4,4,3,8.03,0,4,1,6.9,1,5.72,2
STU3978,Rahul Sharma,Information Tech.,5,0.749,2.71,0.533,4,5,3.81,1,2,2,4.1,0,7.57,1
STU3979,Arjun Nair,Computer Science,3,0.45,2.02,0.386,4,3,6.59,0,3,3,5.8,0,5.28,2
STU3980,Ishita Gupta,Biotechnology,3,0.774,4.27,0.675,4,9,5.9,1,1,1,5.2,1,4.0,0
STU3981,Aditya Patel,Mechanical Eng.,5,0.456,1.8,0.439,3,2,6.03,0,4,2,12.5,1,6.65,2
STU3982,Vivaan Joshi,Civil Eng.,2,0.735,3.23,0.745,6,5,8.04,1,2,1,1.5,1,5.0,1
STU3983,Kavya Verma,Mechanical Eng.,6,0.745,3.65,0.479,6,8,6.96,1,3,1,1.2,0,6.38,1
STU3984,Pooja Kumar,Mechanical Eng.,1,0.875,5.68,0.721,5,8,6.08,1,4,2,12.9,0,5.39,0
STU3985,Ishita Mehta,Electrical Eng.,5,0.758,1.37,0.586,7,5,2.19,1,2,1,9.5,0,7.91,1
STU3986,Reyan Patel,Electronics,7,0.849,3.09,0.889,5,8,3.58,1,4,1,6.7,0,3.3,0
STU3987,Suresh Rao,Information Tech.,5,0.578,4.27,0.499,4,8,5.25,0,3,1,2.0,1,7.79,1
STU3988,Karan Yadav,Information Tech.,6,0.812,5.49,0.68,4,7,5.69,0,3,1,6.4,0,7.22,1
STU3989,Vihaan Nair,Mechanical Eng.,6,0.998,3.91,0.952,5,5,3.24,0,2,1,18.7,0,5.56,0
STU3990,Ishita Joshi,Computer Science,8,0.867,6.31,0.721,3,9,10.0,1,5,0,26.4,0,6.64,0
STU3991,Kavya Gupta,Biotechnology,6,0.724,5.6,0.65,1,9,8.53,0,4,1,14.6,1,7.87,1
STU3992,Reyan Joshi,Computer Science,4,0.693,2.56,0.805,5,7,6.7,0,2,2,0.7,1,7.42,1
STU3993,Kavya Mehta,Information Tech.,7,0.719,4.12,0.826,6,6,5.64,0,2,2,13.3,1,7.4,1
STU3994,Kavya Mehta,Computer Science,6,0.64,4.54,0.536,2,7,5.08,0,4,2,3.3,0,6.04,1
STU3995,Priya Joshi,Biotechnology,5,0.782,1.93,0.685,7,4,3.6,1,3,3,4.5,0,4.02,1
STU3996,Priya Patel,Computer Science,7,0.79,3.0,0.649,1,5,5.65,1,4,1,2.6,0,8.28,1
STU3997,Karan Rao,Computer Science,7,0.553,2.84,0.306,3,8,6.02,0,3,2,17.9,1,6.8,1
STU3998,Suresh Mishra,Electrical Eng.,7,0.742,3.83,0.772,8,6,3.02,1,4,2,12.6,0,4.8,0
STU3999,Vivaan Singh,Civil Eng.,2,0.683,3.77,0.857,5,7,6.17,0,2,0,11.4,0,5.05,1
STU4000,Sneha Nair,Mechanical Eng.,5,0.535,3.17,0.437,3,7,5.19,1,2,2,13.2,1,8.22,1
STU4001,Ishita Rao,Civil Eng.,3,0.469,0.97,0.34,4,6,1.68,1,3,1,3.2,0,8.0,2
STU4002,Arjun Singh,Information Tech.,3,0.57,3.05,0.486,7,6,3.78,0,5,2,7.1,0,7.17,1
STU4003,Vivaan Joshi,Electronics,7,0.702,2.72,0.64,2,7,4.67,0,2,0,12.0,0,7.56,1
STU4004,Reyan Joshi,Information Tech.,5,0.748,5.07,0.56,7,11,9.28,0,3,1,12.1,1,9.89,0
STU4005,Vihaan Singh,Computer Science,8,0.589,2.61,0.485,3,5,6.61,0,3,0,18.8,1,6.33,1
STU4006,Pooja Rao,Mechanical Eng.,1,0.675,3.06,0.709,6,5,2.83,1,3,1,4.1,0,9.69,1
STU4007,Ishita Singh,Civil Eng.,4,0.826,3.41,0.756,3,9,6.47,0,4,0,17.7,0,5.03,1
STU4008,Nikhil Sharma,Electronics,6,0.692,1.22,0.75,8,5,2.41,0,4,1,7.0,1,5.28,1
STU4009,Ishita Reddy,Computer Science,5,0.828,2.71,0.782,5,5,7.67,0,1,4,13.3,0,5.91,1
STU4010,Reyan Kumar,Computer Science,8,0.651,1.95,0.477,2,5,4.56,0,5,0,7.3,0,6.48,1
STU4011,Vivaan Nair,Biotechnology,8,0.926,3.35,0.776,6,4,5.31,0,4,1,35.6,1,9.71,0
STU4012,Priya Sharma,Computer Science,2,0.825,4.59,0.768,7,9,8.15,0,4,1,2.4,0,7.02,0
STU4013,Pooja Reddy,Electrical Eng.,8,0.669,3.2,0.49,7,3,2.93,1,3,0,13.5,0,6.64,1
STU4014,Rahul Mishra,Computer Science,1,0.738,3.18,0.539,5,7,2.71,1,4,0,10.3,0,1.0,1
STU4015,Amit Verma,Electronics,2,0.546,2.39,0.372,6,4,4.33,0,1,0,2.3,1,7.07,1
STU4016,Priya Joshi,Information Tech.,2,0.785,5.54,0.758,4,6,7.58,0,2,1,0.8,0,9.07,0
STU4017,Pooja Patel,Mechanical Eng.,6,0.74,2.21,0.629,6,2,2.46,1,4,3,19.3,0,5.96,1
STU4018,Amit Mehta,Civil Eng.,4,0.787,2.84,0.827,5,5,1.0,1,2,2,2.1,0,3.38,1
STU4019,Arjun Singh,Information Tech.,4,0.678,3.18,0.521,0,7,4.6,0,1,4,2.5,1,4.22,1
STU4020,Priya Yadav,Civil Eng.,3,1.0,4.43,0.654,3,5,6.6,0,4,1,46.0,0,5.98,1
STU4021,Sneha Mishra,Civil Eng.,2,0.744,4.11,0.656,5,5,7.9,0,4,3,15.2,0,5.19,1
STU4022,Reyan Yadav,Electrical Eng.,7,0.552,3.84,0.662,4,6,4.57,1,2,1,3.5,1,9.21,1
STU4023,Aarav Sharma,Civil Eng.,5,0.881,3.39,0.797,5,7,4.68,0,4,1,10.7,0,7.24,1
STU4024,Arjun Mishra,Biotechnology,7,0.886,5.32,0.66,5,10,7.81,0,3,1,9.2,0,9.94,0
STU4025,Vihaan Nair,Mechanical Eng.,2,0.69,1.55,0.458,7,4,1.76,0,3,0,22.3,0,5.01,1
STU4026,Sneha Reddy,Computer Science,3,0.596,1.29,0.656,5,5,4.72,1,4,3,15.7,1,5.04,1
STU4027,Rahul Mehta,Biotechnology,2,0.751,2.6,0.595,0,6,5.88,0,3,0,21.4,0,5.5,1
STU4028,Ishita Joshi,Computer Science,4,1.0,5.2,1.0,9,8,6.4,0,2,1,2.9,1,6.09,0
STU4029,Karan Yadav,Information Tech.,8,0.751,3.16,0.741,1,7,4.48,0,2,1,12.3,1,5.45,1
STU4030,Rohan Sharma,Information Tech.,3,0.575,3.78,0.44,6,5,5.57,0,3,0,0.5,0,8.87,1
STU4031,Sai Nair,Computer Science,8,0.227,1.04,0.321,0,4,1.0,0,3,1,0.9,0,6.94,2
STU4032,Kavya Gupta,Electrical Eng.,1,0.779,3.33,0.609,7,4,4.18,0,4,1,15.0,1,6.74,1
STU4033,Vivaan Joshi,Computer Science,7,0.589,2.69,0.386,4,5,6.41,0,4,3,0.5,1,3.93,2
STU4034,Priya Sharma,Mechanical Eng.,2,0.668,2.01,0.515,5,6,3.54,0,3,2,10.4,0,6.59,1
STU4035,Aarav Rao,Electrical Eng.,7,0.631,3.2,0.645,0,6,5.62,0,4,1,22.0,0,6.13,1
STU4036,Rahul Mishra,Electrical Eng.,2,0.672,4.45,0.719,6,7,6.39,0,2,0,5.7,0,9.45,1
STU4037,Kavya Gupta,Computer Science,6,0.672,4.11,0.566,5,7,4.81,0,1,1,0.6,1,8.06,1
STU4038,Reyan Verma,Electrical Eng.,4,0.697,4.45,0.44,6,8,5.84,0,4,0,15.0,0,7.01,1
STU4039,Vivaan Singh,Civil Eng.,1,0.74,1.17,0.51,6,7,3.57,0,1,2,31.9,0,2.3,2
STU4040,Sai Singh,Electrical Eng.,8,0.81,3.52,0.622,5,7,5.09,0,2,0,15.2,1,6.28,1
STU4041,Aarav Patel,Information Tech.,2,0.606,3.78,0.416,4,6,6.72,0,3,1,10.4,0,5.84,1
STU4042,Ananya Yadav,Biotechnology,2,0.548,1.91,0.519,2,4,5.81,0,3,2,3.1,1,7.47,2
STU4043,Aditya Singh,Information Tech.,1,0.778,3.32,0.894,4,5,4.33,0,4,1,0.5,0,4.24,1
STU4044,Arjun Pandey,Computer Science,6,0.866,3.48,0.859,7,4,5.95,0,2,2,14.2,1,7.26,0
STU4045,Karan Yadav,Computer Science,4,0.912,4.69,0.708,3,4,6.93,0,1,2,3.2,1,3.09,1
STU4046,Aarav Sharma,Computer Science,7,0.58,2.52,0.453,0,4,1.4,1,2,1,23.4,0,2.93,2
STU4047,Pooja Rao,Electrical Eng.,5,0.866,3.69,0.73,3,4,7.82,1,3,1,7.5,1,5.76,0
STU4048,Sneha Kumar,Electronics,1,0.569,4.56,0.551,5,8,4.83,0,2,2,9.1,1,5.47,1
STU4049,Sneha Joshi,Computer Science,4,0.625,1.24,0.72,4,3,6.35,1,3,1,16.8,1,7.61,1
STU4050,Priya Yadav,Mechanical Eng.,6,0.83,4.29,0.7,6,6,7.89,1,4,0,18.1,0,4.39,0
STU4051,Aditya Mehta,Computer Science,2,0.379,0.71,0.495,0,0,2.76,0,5,1,12.3,1,4.67,2
STU4052,Suresh Gupta,Electrical Eng.,1,0.936,2.13,1.0,0,4,4.08,0,2,3,33.5,1,5.12,1
STU4053,Riya Patel,Biotechnology,8,0.923,4.11,0.796,5,4,4.92,0,3,1,48.4,0,7.72,0
STU4054,Nikhil Sharma,Electrical Eng.,7,0.744,1.65,0.632,6,5,3.93,1,3,0,35.2,0,5.83,1
STU4055,Rohan Verma,Civil Eng.,4,0.603,2.98,0.507,1,6,8.97,1,5,0,20.9,1,5.95,1
STU4056,Kavya Patel,Mechanical Eng.,2,0.832,5.99,0.755,6,9,3.79,0,5,0,14.7,0,4.19,0
STU4057,Ananya Singh,Electronics,3,0.762,1.69,0.65,7,6,4.39,0,2,0,13.1,0,5.32,1
STU4058,Nikhil Yadav,Electronics,4,0.695,5.75,0.714,4,9,5.91,0,4,1,1.3,1,3.81,1
STU4059,Sneha Pandey,Computer Science,8,0.687,2.72,0.464,6,6,3.1,1,2,1,3.8,0,8.86,1
STU4060,Aarav Pandey,Civil Eng.,4,0.821,2.78,0.685,5,6,4.71,0,1,2,0.5,0,6.4,1
STU4061,Ishita Nair,Mechanical Eng.,4,0.601,4.52,0.574,4,7,6.13,0,1,2,1.8,0,5.2,1
STU4062,Aarav Reddy,Information Tech.,2,0.842,5.05,0.845,6,7,4.83,0,3,1,6.9,0,4.55,0
STU4063,Amit Singh,Computer Science,6,0.478,2.22,0.65,8,5,5.31,0,3,3,1.9,0,4.42,1
STU4064,Rahul Yadav,Information Tech.,5,0.596,2.72,0.407,3,3,4.44,0,1,1,27.8,1,7.0,1
STU4065,Rahul Mishra,Electrical Eng.,5,0.69,3.76,0.556,4,9,2.47,1,3,2,19.7,0,2.77,1
STU4066,Rohan Mehta,Mechanical Eng.,3,0.829,4.19,0.52,3,7,6.14,0,2,0,0.9,1,6.52,1
STU4067,Aarav Sharma,Mechanical Eng.,1,0.757,6.03,0.57,5,9,9.01,0,3,0,3.4,0,8.74,0
STU4068,Kavya Patel,Computer Science,7,0.786,4.28,0.531,4,10,5.54,0,2,0,20.5,0,5.61,1
STU4069,Sai Mishra,Biotechnology,3,0.756,5.96,0.628,7,7,5.95,0,2,0,19.5,0,4.96,1
STU4070,Amit Singh,Mechanical Eng.,8,0.708,4.28,0.614,7,9,6.89,0,3,2,34.9,1,8.57,1
STU4071,Sneha Pandey,Information Tech.,8,0.876,3.15,0.836,6,7,2.96,1,2,0,72.1,0,3.85,1
STU4072,Vivaan Mishra,Information Tech.,8,0.664,5.06,0.568,6,10,8.91,0,3,0,44.9,1,7.17,1
STU4073,Vivaan Sharma,Mechanical Eng.,1,0.835,3.6,0.799,3,6,5.9,0,2,3,6.3,0,6.98,1
STU4074,Sneha Sharma,Computer Science,7,0.826,5.65,0.755,3,9,8.76,0,3,1,3.5,1,6.54,0
STU4075,Riya Mishra,Electrical Eng.,8,0.671,3.49,0.5,5,6,4.03,0,2,1,17.0,0,4.05,1
STU4076,Amit Rao,Biotechnology,1,0.681,5.69,0.445,4,10,9.14,0,3,0,4.3,1,6.74,1
STU4077,Ananya Rao,Information Tech.,3,0.672,5.25,0.664,8,9,7.05,0,4,2,19.7,1,7.73,1
STU4078,Priya Kumar,Electrical Eng.,3,0.691,4.5,0.787,1,7,6.61,0,1,0,9.2,1,5.67,1
STU4079,Pooja Mishra,Electrical Eng.,4,0.758,4.39,0.935,6,7,5.97,0,3,1,19.0,0,7.61,0
STU4080,Pooja Joshi,Electrical Eng.,2,0.764,2.29,0.781,6,5,5.0,0,1,2,3.9,0,6.04,1
STU4081,Ishita Sharma,Biotechnology,8,0.712,3.71,0.787,3,6,7.9,0,3,1,8.5,0,6.28,1
STU4082,Pooja Singh,Biotechnology,5,0.762,4.75,0.732,3,10,5.78,1,2,2,10.0,0,5.43,0
STU4083,Aditya Verma,Mechanical Eng.,1,0.757,4.18,0.712,4,8,1.57,0,3,0,34.4,1,5.89,1
STU4084,Sai Nair,Biotechnology,1,0.683,0.65,0.626,1,4,3.27,1,3,3,3.7,0,8.01,1
STU4085,Rahul Pandey,Biotechnology,4,0.792,2.86,0.702,7,6,5.13,1,5,1,33.1,0,6.76,0
STU4086,Ishita Verma,Electrical Eng.,5,0.588,3.86,0.59,10,5,6.12,0,3,1,19.6,0,5.1,1
STU4087,Amit Gupta,Electrical Eng.,8,0.669,2.56,0.55,4,6,5.39,1,3,4,15.8,0,8.58,1
STU4088,Riya Pandey,Information Tech.,2,0.883,3.39,0.78,3,3,7.94,0,3,1,18.6,1,5.79,1
STU4089,Karan Singh,Biotechnology,8,0.564,3.05,0.39,2,6,1.6,1,5,2,11.2,0,8.59,1
STU4090,Vihaan Yadav,Electrical Eng.,4,0.834,5.63,0.798,2,8,5.79,0,4,0,3.4,0,6.45,0
STU4091,Rahul Gupta,Electrical Eng.,6,0.584,0.12,0.43,3,1,1.86,0,2,2,2.5,0,3.98,2
STU4092,Suresh Reddy,Mechanical Eng.,8,0.688,3.9,0.623,7,6,7.02,0,4,2,24.1,1,8.11,1
STU4093,Rahul Reddy,Computer Science,2,0.957,4.15,0.911,11,7,5.31,0,3,3,15.5,1,6.03,0
STU4094,Ananya Yadav,Biotechnology,6,0.798,4.84,0.777,3,8,6.34,0,4,2,2.9,1,7.7,0
STU4095,Pooja Joshi,Computer Science,1,0.922,3.51,0.907,3,7,3.77,0,4,0,11.5,0,6.3,0
STU4096,Kavya Nair,Information Tech.,8,0.862,6.53,0.754,2,10,8.06,0,2,0,7.1,0,4.94,1
STU4097,Kavya Verma,Electrical Eng.,7,0.828,4.31,0.793,6,7,7.58,0,4,2,2.1,1,7.15,0
STU4098,Aditya Sharma,Computer Science,5,0.754,5.57,0.63,5,7,6.67,0,2,1,9.1,0,7.9,1
STU4099,Amit Yadav,Mechanical Eng.,1,0.644,2.8,0.382,4,3,5.24,0,2,1,4.0,0,6.77,1
STU4100,Pooja Pandey,Computer Science,4,0.812,4.07,0.784,4,7,6.66,0,2,0,1.2,0,9.26,1
STU4101,Pooja Joshi,Biotechnology,2,0.722,1.77,0.68,7,5,4.09,0,4,1,7.5,0,6.79,1
STU4102,Ishita Mishra,Mechanical Eng.,2,0.882,5.24,0.895,6,8,7.21,0,2,1,10.7,1,6.73,0
STU4103,Kavya Verma,Electronics,1,0.825,4.5,0.74,6,9,8.8,0,1,2,0.6,1,8.02,0
STU4104,Arjun Verma,Electrical Eng.,4,0.628,4.72,0.405,5,6,7.64,1,4,1,6.2,0,6.41,1
STU4105,Karan Gupta,Civil Eng.,8,0.617,2.84,0.546,4,6,4.04,0,2,0,3.6,0,6.86,1
STU4106,Sneha Sharma,Mechanical Eng.,5,0.885,4.57,0.885,3,6,6.22,0,1,1,0.5,1,7.51,0
STU4107,Vivaan Yadav,Computer Science,3,0.499,3.35,0.497,5,5,2.91,1,2,3,1.6,0,3.64,1
STU4108,Ishita Gupta,Information Tech.,6,0.747,2.8,0.658,5,4,6.64,0,2,1,1.8,0,8.38,1
STU4109,Vihaan Pandey,Electronics,7,0.698,2.8,0.462,6,5,6.4,0,3,3,2.4,1,10.0,1
STU4110,Suresh Verma,Computer Science,4,0.802,2.49,0.619,1,6,1.76,1,1,1,19.5,0,6.51,1
STU4111,Priya Verma,Electronics,5,0.8,3.74,0.768,5,7,3.18,0,5,2,6.9,0,2.3,1
STU4112,Karan Yadav,Civil Eng.,6,0.749,5.72,0.508,4,8,4.93,0,4,1,1.9,1,5.71,1
STU4113,Vihaan Rao,Computer Science,8,0.668,3.83,0.57,3,8,4.9,0,2,3,1.3,0,4.17,1
STU4114,Reyan Sharma,Information Tech.,5,0.703,4.13,0.636,6,9,3.08,0,2,2,4.2,0,5.4,1
STU4115,Rahul Joshi,Electronics,2,0.748,1.95,0.788,5,4,6.28,0,3,1,19.2,0,8.12,1
STU4116,Nikhil Pandey,Electrical Eng.,3,0.572,6.22,0.577,9,10,6.0,0,3,2,5.4,0,5.51,1
STU4117,Aditya Mehta,Computer Science,8,0.789,4.26,0.807,6,6,5.11,0,1,1,2.1,1,9.93,0
STU4118,Priya Rao,Electrical Eng.,7,0.62,3.14,0.588,4,5,3.99,0,2,0,6.2,0,1.01,1
STU4119,Amit Joshi,Computer Science,6,0.786,4.08,0.623,4,9,7.6,0,4,0,9.7,1,6.83,1
STU4120,Aditya Patel,Computer Science,3,0.774,3.31,0.635,2,8,8.81,0,2,1,0.5,0,8.33,1
STU4121,Riya Joshi,Mechanical Eng.,3,0.495,2.37,0.353,6,5,4.53,0,2,2,11.9,1,4.16,2
STU4122,Priya Nair,Civil Eng.,1,0.796,5.58,0.775,5,9,4.28,0,4,1,6.0,1,4.32,0
STU4123,Nikhil Singh,Civil Eng.,2,0.729,2.76,0.587,5,7,6.48,0,3,1,0.5,1,8.31,1
STU4124,Arjun Joshi,Computer Science,4,0.7,2.23,0.59,2,4,4.78,0,2,0,13.4,1,9.91,1
STU4125,Aarav Rao,Civil Eng.,1,0.694,2.72,0.627,6,3,5.22,0,3,1,15.0,1,10.0,0
STU4126,Nikhil Joshi,Computer Science,8,0.56,2.66,0.668,2,6,6.98,0,1,0,11.9,0,6.47,1
STU4127,Vivaan Patel,Information Tech.,7,0.573,2.52,0.581,3,6,1.68,1,4,1,5.0,1,7.94,1
STU4128,Karan Mehta,Electronics,1,0.665,5.75,0.521,5,10,8.14,0,3,3,9.1,1,7.32,1
STU4129,Aditya Kumar,Electronics,3,0.785,2.96,0.722,3,5,5.65,1,4,3,5.9,0,8.34,0
STU4130,Rahul Sharma,Mechanical Eng.,3,0.656,1.76,0.756,3,6,4.68,0,5,1,14.5,1,6.02,1
STU4131,Pooja Pandey,Biotechnology,5,0.752,3.95,0.738,4,7,5.32,1,5,1,10.5,0,4.55,0
STU4132,Rohan Sharma,Biotechnology,5,0.538,3.56,0.324,6,5,5.42,0,5,1,1.0,0,9.51,1
STU4133,Aditya Gupta,Electrical Eng.,2,0.749,3.81,0.582,6,4,2.04,1,3,0,12.4,0,8.96,0
STU4134,Arjun Mishra,Computer Science,2,0.836,4.0,0.653,6,6,8.49,0,2,4,13.9,0,6.79,1
STU4135,Rahul Nair,Electrical Eng.,4,0.513,3.36,0.606,5,6,5.58,0,3,1,5.6,0,8.36,1
STU4136,Ananya Sharma,Computer Science,1,0.685,3.74,0.742,3,6,6.39,1,3,1,25.0,0,6.65,1
STU4137,Arjun Patel,Civil Eng.,3,0.585,4.33,0.464,6,10,7.4,0,4,1,22.2,0,10.0,1
STU4138,Aarav Nair,Biotechnology,3,0.652,2.57,0.522,1,6,3.46,0,2,1,2.3,0,3.35,2
STU4139,Karan Mehta,Electronics,8,0.623,3.27,0.565,5,4,6.45,0,5,1,28.2,1,6.61,1
STU4140,Reyan Verma,Mechanical Eng.,2,0.696,1.27,0.634,6,0,4.96,0,4,1,7.0,1,3.88,1
STU4141,Riya Sharma,Mechanical Eng.,5,0.759,3.48,0.587,4,7,7.19,0,5,1,15.4,1,4.3,1
STU4142,Kavya Mehta,Biotechnology,6,0.884,3.23,0.771,3,7,1.25,0,4,0,20.2,0,5.17,1
STU4143,Reyan Sharma,Computer Science,4,0.778,4.61,0.555,4,10,5.3,0,2,2,8.4,0,5.78,1
STU4144,Riya Mishra,Information Tech.,6,0.75,2.72,0.802,3,5,4.29,1,1,2,6.1,0,4.47,1
STU4145,Arjun Sharma,Computer Science,1,0.752,5.47,0.501,6,11,6.36,0,1,2,29.6,0,8.42,1
STU4146,Riya Sharma,Electrical Eng.,7,0.624,3.9,0.384,6,5,6.44,0,2,2,3.1,1,9.27,1
STU4147,Sneha Rao,Electronics,2,0.765,1.62,0.732,5,3,4.08,0,3,2,3.6,0,7.15,1
STU4148,Riya Reddy,Mechanical Eng.,5,0.799,1.24,0.595,5,2,4.08,1,4,1,5.4,1,2.84,1
STU4149,Riya Gupta,Civil Eng.,5,0.886,5.05,0.748,6,9,5.28,0,4,1,23.5,0,7.19,0
STU4150,Kavya Gupta,Electrical Eng.,1,0.722,2.66,0.656,6,3,3.71,1,3,1,33.5,1,6.71,1
STU4151,Aditya Yadav,Civil Eng.,7,0.591,2.7,0.599,3,6,7.18,1,1,0,3.0,0,5.64,1
STU4152,Kavya Patel,Computer Science,1,0.766,0.72,0.667,1,1,4.76,0,2,2,23.9,0,7.05,2
STU4153,Ishita Kumar,Civil Eng.,6,0.743,1.83,0.846,5,7,1.0,1,1,2,3.6,1,4.39,1
STU4154,Aarav Nair,Biotechnology,2,0.999,3.91,0.899,7,6,4.75,0,2,0,42.3,1,4.95,0
STU4155,Amit Sharma,Computer Science,8,0.549,2.19,0.613,1,5,3.42,0,3,1,10.9,0,3.9,2
STU4156,Reyan Verma,Computer Science,1,0.76,1.41,0.712,5,1,2.24,0,1,0,0.5,1,7.17,1
STU4157,Arjun Rao,Mechanical Eng.,3,0.756,2.25,0.893,7,2,3.03,1,2,2,0.5,0,8.24,0
STU4158,Sneha Verma,Mechanical Eng.,7,0.767,5.21,0.796,4,7,5.72,0,2,3,1.9,1,6.46,0
STU4159,Sneha Joshi,Computer Science,5,0.875,2.78,0.792,8,7,8.16,0,3,2,2.5,1,9.22,0
STU4160,Suresh Sharma,Civil Eng.,7,0.771,3.07,0.757,7,7,6.13,0,3,2,17.5,1,9.59,0
STU4161,Vihaan Yadav,Electrical Eng.,5,0.677,4.74,0.583,4,9,4.29,1,3,1,3.0,0,6.52,0
STU4162,Ishita Rao,Information Tech.,3,0.766,4.52,0.663,4,5,6.41,1,3,0,41.7,1,6.78,0
STU4163,Vihaan Gupta,Electrical Eng.,4,0.63,3.59,0.436,4,7,4.58,0,5,2,12.1,0,7.22,1
STU4164,Nikhil Verma,Biotechnology,4,0.642,2.46,0.497,5,4,4.11,0,2,1,14.2,1,4.73,1
STU4165,Ananya Mishra,Electronics,8,0.804,2.99,0.93,2,4,3.19,0,3,1,2.9,1,6.94,1
STU4166,Pooja Yadav,Electrical Eng.,7,0.797,1.95,0.597,2,4,2.0,0,4,2,26.8,0,5.87,1
STU4167,Amit Singh,Electrical Eng.,1,0.722,2.38,0.584,0,5,4.72,0,3,3,13.2,1,4.06,1
STU4168,Aditya Kumar,Information Tech.,6,0.608,2.45,0.538,4,6,5.82,0,5,1,24.0,1,4.41,1
STU4169,Nikhil Sharma,Electronics,2,0.827,4.53,0.738,9,9,5.31,0,2,3,37.6,0,4.82,1
STU4170,Rahul Mishra,Civil Eng.,4,0.82,3.33,0.776,1,7,4.67,0,3,1,1.6,0,7.32,0
STU4171,Rahul Rao,Mechanical Eng.,6,0.502,3.46,0.405,4,7,3.61,0,1,0,1.2,0,5.48,2
STU4172,Reyan Kumar,Electrical Eng.,2,0.782,4.2,0.748,4,10,6.72,1,3,1,19.5,0,6.97,0
STU4173,Kavya Patel,Electronics,8,0.713,3.39,0.756,4,7,2.87,0,2,2,24.1,0,8.32,1
STU4174,Vivaan Nair,Civil Eng.,2,0.867,3.81,0.907,7,6,7.05,0,2,1,10.5,0,7.91,0
STU4175,Suresh Gupta,Biotechnology,4,0.745,2.47,0.644,3,6,3.5,0,3,2,5.5,1,4.89,1
STU4176,Karan Gupta,Information Tech.,8,0.747,2.22,0.733,1,7,4.0,0,3,2,12.7,0,4.42,1
STU4177,Aarav Rao,Electrical Eng.,8,0.585,1.07,0.412,3,2,2.57,1,1,2,4.4,0,6.32,2
STU4178,Reyan Singh,Mechanical Eng.,2,0.68,2.0,0.54,3,4,4.5,0,3,1,3.3,0,4.6,1
STU4179,Vivaan Nair,Computer Science,8,0.865,3.8,0.661,0,9,7.45,0,3,0,8.0,0,9.49,0
STU4180,Vihaan Pandey,Electrical Eng.,1,0.674,2.04,0.602,5,4,6.53,0,2,1,2.9,1,7.4,1
STU4181,Ishita Pandey,Mechanical Eng.,3,0.724,2.58,0.566,2,6,7.46,0,3,1,7.9,1,7.47,1
STU4182,Reyan Kumar,Computer Science,8,0.624,5.21,0.41,4,10,6.54,0,4,2,37.6,1,5.24,1
STU4183,Sai Singh,Computer Science,6,0.722,3.26,0.611,4,4,3.29,0,3,2,22.0,0,7.1,1
STU4184,Riya Patel,Electrical Eng.,6,0.475,2.91,0.255,2,5,4.84,0,2,0,34.1,1,8.48,2
STU4185,Vihaan Rao,Information Tech.,3,0.774,5.91,0.83,6,11,3.94,0,2,1,19.7,0,5.94,0
STU4186,Ananya Patel,Mechanical Eng.,1,0.706,2.47,0.58,4,5,8.16,0,3,1,5.3,1,9.12,1
STU4187,Aditya Singh,Electrical Eng.,1,0.856,4.1,0.869,5,4,3.11,0,5,1,20.1,0,5.2,1
STU4188,Arjun Mehta,Mechanical Eng.,5,0.642,4.05,0.529,5,6,7.29,0,3,1,30.8,1,7.07,1
STU4189,Kavya Nair,Mechanical Eng.,3,0.85,5.13,0.645,5,9,7.29,0,1,0,35.3,1,10.0,0
STU4190,Aarav Patel,Electronics,1,0.971,4.88,0.992,5,10,9.16,0,3,2,13.8,0,7.08,0
STU4191,Arjun Gupta,Electrical Eng.,4,0.569,1.16,0.521,2,3,4.68,0,4,3,2.8,0,7.38,2
STU4192,Sneha Nair,Electrical Eng.,2,0.582,4.19,0.713,2,8,6.92,0,1,0,0.5,0,6.38,1
STU4193,Reyan Singh,Biotechnology,6,0.851,5.4,0.719,5,8,10.0,1,5,1,1.9,0,8.5,0
STU4194,Suresh Patel,Mechanical Eng.,8,0.483,0.65,0.39,2,4,4.26,0,5,0,40.4,1,7.53,2
STU4195,Riya Yadav,Information Tech.,1,0.704,5.06,0.734,6,10,2.43,1,1,0,7.4,0,4.11,1
STU4196,Rohan Patel,Electrical Eng.,7,0.827,2.9,0.845,4,7,1.74,0,5,3,23.2,0,4.25,1
STU4197,Nikhil Yadav,Electrical Eng.,4,1.0,4.88,0.915,6,8,6.93,0,2,1,7.5,1,8.1,0
STU4198,Rohan Nair,Computer Science,5,0.525,1.12,0.806,2,4,1.73,1,4,1,13.0,0,5.81,1
STU4199,Sai Sharma,Information Tech.,8,0.682,4.26,0.585,2,9,4.76,0,3,1,0.5,1,8.54,1
STU4200,Ananya Sharma,Mechanical Eng.,8,0.756,5.22,0.553,8,8,6.37,0,3,2,3.5,0,7.4,1
STU4201,Priya Rao,Civil Eng.,8,0.697,4.07,0.527,4,8,5.87,0,3,2,6.9,1,10.0,1
STU4202,Sai Mishra,Information Tech.,3,0.988,3.89,0.862,7,7,6.35,0,4,0,12.0,0,8.16,0
STU4203,Karan Patel,Electrical Eng.,4,0.645,2.71,0.732,1,7,5.94,0,1,2,2.3,1,10.0,1
STU4204,Reyan Rao,Civil Eng.,2,0.72,4.16,0.629,4,8,8.06,0,3,2,17.4,1,10.0,1
STU4205,Rohan Gupta,Mechanical Eng.,4,0.893,2.46,0.96,7,4,3.6,1,2,2,5.4,1,4.92,0
STU4206,Ananya Reddy,Electronics,6,0.826,3.93,0.787,2,9,4.15,0,2,1,20.4,0,8.91,1
STU4207,Vihaan Gupta,Civil Eng.,5,0.805,2.17,0.833,9,5,3.95,1,2,0,1.2,1,7.88,0
STU4208,Pooja Mehta,Electrical Eng.,7,0.684,4.83,0.655,5,8,7.16,0,3,0,13.7,0,8.71,0
STU4209,Nikhil Patel,Civil Eng.,8,0.664,3.18,0.635,3,4,7.3,1,2,1,4.2,1,9.32,0
STU4210,Riya Gupta,Mechanical Eng.,2,0.619,3.61,0.633,5,7,6.4,0,1,2,19.0,1,6.36,1
STU4211,Vihaan Nair,Civil Eng.,3,0.9,5.1,0.753,7,11,7.87,0,1,2,6.2,1,7.95,0
STU4212,Sneha Mehta,Civil Eng.,2,0.831,2.1,0.692,3,0,3.14,1,1,2,13.1,0,5.19,1
STU4213,Karan Verma,Electrical Eng.,4,0.745,5.43,0.706,3,4,8.83,1,3,2,32.7,0,10.0,0
STU4214,Ananya Verma,Mechanical Eng.,1,0.765,5.23,0.883,5,9,8.55,0,5,2,0.5,0,6.21,0
STU4215,Ananya Patel,Information Tech.,1,0.712,3.77,0.487,5,7,6.97,0,1,1,0.5,1,4.79,1
STU4216,Priya Mehta,Electronics,2,0.659,6.11,0.39,4,10,9.06,0,5,0,17.7,1,6.25,1
STU4217,Ananya Rao,Computer Science,8,0.629,2.75,0.54,5,5,2.19,0,4,1,12.5,1,5.56,1
STU4218,Aditya Verma,Electrical Eng.,8,0.879,4.66,0.894,6,4,4.45,0,3,0,4.2,0,6.22,0
STU4219,Sai Mishra,Computer Science,6,0.709,5.36,0.644,5,7,4.03,1,3,0,8.2,1,7.81,0
STU4220,Kavya Rao,Mechanical Eng.,7,0.763,3.79,0.57,3,9,6.94,0,4,0,0.5,1,7.14,1
STU4221,Ananya Rao,Electrical Eng.,8,0.595,3.79,0.543,4,6,3.4,1,1,2,2.6,0,5.13,1
STU4222,Aditya Reddy,Computer Science,2,0.716,3.34,0.471,8,5,7.01,0,3,0,6.6,0,7.97,1
STU4223,Rohan Mishra,Electrical Eng.,8,0.662,3.23,0.658,5,2,8.24,0,3,1,21.6,1,9.57,1
STU4224,Ishita Yadav,Electronics,5,0.607,3.83,0.515,7,4,6.89,0,3,4,7.8,0,7.44,1
STU4225,Ananya Kumar,Electrical Eng.,4,0.782,2.19,0.696,4,6,6.07,0,4,2,10.6,1,8.38,1
STU4226,Aditya Yadav,Mechanical Eng.,2,0.779,1.93,0.744,5,4,3.52,1,1,2,24.8,1,6.21,1
STU4227,Ananya Singh,Electrical Eng.,1,0.638,3.85,0.595,6,8,3.81,1,3,1,4.4,0,5.67,1
STU4228,Rahul Rao,Civil Eng.,3,0.725,3.78,0.599,7,5,8.0,0,3,2,14.5,1,8.66,0
STU4229,Aditya Rao,Biotechnology,6,0.804,4.97,0.827,7,6,7.06,0,2,1,23.7,1,7.53,0
STU4230,Aarav Rao,Electrical Eng.,4,0.542,3.99,0.567,2,6,5.42,1,2,1,2.7,0,8.43,1
STU4231,Kavya Kumar,Information Tech.,5,0.657,5.62,0.414,7,8,4.66,0,3,1,5.3,1,9.18,1
STU4232,Reyan Reddy,Biotechnology,4,0.877,3.06,0.766,8,4,1.45,0,4,1,46.8,0,5.23,1
STU4233,Vivaan Mehta,Electrical Eng.,1,0.646,4.34,0.473,3,6,3.36,0,3,3,49.0,0,7.17,1
STU4234,Reyan Pandey,Computer Science,4,0.962,5.28,0.739,3,8,9.32,0,4,0,3.0,1,9.72,0
STU4235,Vihaan Joshi,Information Tech.,5,0.569,3.26,0.565,4,5,2.94,1,3,1,0.8,0,6.62,1
STU4236,Suresh Mehta,Information Tech.,7,0.886,5.16,0.755,5,7,5.88,1,1,1,3.8,1,7.68,0
STU4237,Ishita Sharma,Information Tech.,5,0.765,5.06,0.674,4,11,7.51,0,1,1,6.1,1,7.51,0
STU4238,Vihaan Rao,Biotechnology,3,0.705,3.15,0.568,2,6,2.99,0,1,0,7.0,0,6.36,2
STU4239,Priya Patel,Mechanical Eng.,8,0.983,4.01,0.922,8,7,5.87,0,2,2,11.6,1,7.7,0
STU4240,Riya Rao,Mechanical Eng.,4,0.644,4.86,0.647,3,8,7.38,0,2,1,27.6,1,6.12,1
STU4241,Ananya Pandey,Electronics,3,0.785,2.85,0.924,4,6,5.52,0,4,1,4.8,1,3.6,1
STU4242,Riya Singh,Civil Eng.,2,0.832,4.14,0.731,5,8,10.0,0,4,1,22.8,0,7.84,0
STU4243,Nikhil Verma,Information Tech.,3,1.0,4.36,0.755,2,6,2.16,1,1,2,1.2,0,5.34,0
STU4244,Pooja Gupta,Mechanical Eng.,2,0.732,6.52,0.608,1,8,7.62,0,2,3,0.5,0,10.0,1
STU4245,Riya Verma,Civil Eng.,8,0.622,2.43,0.645,3,2,5.15,0,2,1,8.4,0,7.08,1
STU4246,Arjun Reddy,Biotechnology,2,0.83,3.31,0.67,6,9,7.04,0,3,1,0.7,0,8.12,0
STU4247,Ananya Patel,Computer Science,2,0.787,5.29,0.56,5,8,6.38,0,1,0,6.0,0,6.17,1
STU4248,Karan Reddy,Mechanical Eng.,1,0.698,3.85,0.553,0,8,4.03,0,1,2,27.3,0,5.14,2
STU4249,Aarav Rao,Electrical Eng.,6,0.899,4.6,0.756,8,8,5.96,0,5,1,3.3,1,5.29,0
STU4250,Nikhil Verma,Computer Science,5,0.712,3.61,0.533,6,8,1.78,1,4,2,14.7,1,3.27,1
STU4251,Aarav Gupta,Computer Science,2,0.642,3.72,0.599,5,6,6.71,0,2,4,4.3,0,8.32,1
STU4252,Sai Patel,Mechanical Eng.,6,0.856,4.22,0.763,5,5,6.1,1,3,1,0.6,1,7.38,0
STU4253,Pooja Verma,Computer Science,4,0.818,4.34,0.816,6,6,6.78,0,2,0,9.8,1,9.69,0
STU4254,Sai Rao,Mechanical Eng.,1,0.693,3.25,0.579,9,5,7.62,0,4,1,21.6,1,8.27,1
STU4255,Sneha Pandey,Mechanical Eng.,2,0.727,4.25,0.71,6,5,6.24,0,3,0,6.3,0,7.31,1
STU4256,Ananya Yadav,Information Tech.,2,0.699,5.22,0.58,5,7,5.8,0,1,2,11.5,1,3.17,1
STU4257,Riya Mishra,Civil Eng.,5,0.796,2.72,0.603,2,3,3.74,0,4,0,27.6,1,9.56,1
STU4258,Vivaan Joshi,Information Tech.,1,0.693,3.41,0.569,5,6,4.08,0,2,1,18.7,0,6.29,1
STU4259,Amit Pandey,Computer Science,8,0.692,4.61,0.461,6,7,7.87,0,2,0,2.6,1,3.61,1
STU4260,Aditya Mishra,Computer Science,1,0.613,4.17,0.73,4,7,8.37,0,2,0,15.9,0,7.92,1
STU4261,Pooja Pandey,Mechanical Eng.,6,0.82,4.32,0.752,4,8,5.02,1,3,0,8.4,0,5.05,0
STU4262,Nikhil Kumar,Computer Science,3,0.653,2.86,0.509,5,5,5.59,0,2,1,16.4,1,5.15,1
STU4263,Pooja Gupta,Information Tech.,4,0.547,4.71,0.454,2,5,3.69,1,2,0,8.2,0,6.59,1
STU4264,Karan Patel,Computer Science,5,0.66,5.11,0.349,6,5,7.85,0,2,1,1.6,1,6.3,1
STU4265,Kavya Verma,Computer Science,8,0.689,2.93,0.764,4,6,6.83,0,1,2,10.1,0,8.9,1
STU4266,Amit Yadav,Electronics,6,0.849,6.85,0.898,0,9,9.38,0,4,2,8.1,1,7.61,0
STU4267,Amit Pandey,Electronics,3,0.704,3.32,0.644,3,6,3.74,1,2,3,8.8,0,6.84,1
STU4268,Rahul Kumar,Computer Science,3,0.656,2.56,0.623,4,6,4.74,0,1,2,25.3,1,7.44,1
STU4269,Reyan Sharma,Electrical Eng.,4,0.627,5.11,0.438,5,10,5.96,1,3,2,27.0,0,7.24,0
STU4270,Vivaan Verma,Electrical Eng.,6,0.68,4.63,0.493,5,5,6.79,0,4,1,7.3,0,7.42,1
STU4271,Vihaan Nair,Mechanical Eng.,7,0.798,1.39,0.548,2,2,5.07,1,4,2,7.3,0,6.78,1
STU4272,Rahul Joshi,Computer Science,5,0.824,2.5,0.726,5,5,3.75,1,3,1,8.7,0,8.81,1
STU4273,Aarav Mishra,Electronics,6,0.85,4.51,0.871,4,6,7.26,0,2,1,8.8,0,8.7,0
STU4274,Nikhil Nair,Mechanical Eng.,8,0.718,1.49,0.608,4,2,6.94,0,4,2,36.0,1,5.84,1
STU4275,Rahul Pandey,Electrical Eng.,6,0.837,3.2,0.788,3,8,3.67,1,3,1,12.6,0,4.1,1
STU4276,Sai Patel,Information Tech.,8,0.652,4.65,0.684,4,6,8.21,0,2,1,3.9,1,6.03,0
STU4277,Arjun Nair,Mechanical Eng.,4,0.721,2.93,0.487,11,4,7.84,0,5,1,9.1,0,8.12,1
STU4278,Riya Kumar,Computer Science,5,0.628,4.06,0.75,8,5,5.77,0,1,2,11.8,0,4.74,1
STU4279,Vihaan Yadav,Information Tech.,7,0.616,3.71,0.67,2,8,5.66,0,5,0,12.3,0,5.52,1
STU4280,Riya Mehta,Electrical Eng.,2,0.746,2.55,0.723,5,4,6.61,0,4,1,10.6,0,4.56,1
STU4281,Vivaan Reddy,Electrical Eng.,6,0.883,4.24,0.887,4,5,3.78,1,3,2,2.3,0,7.81,0
STU4282,Rohan Singh,Electrical Eng.,1,0.764,4.67,0.784,5,6,5.56,0,5,0,0.5,1,7.86,0
STU4283,Priya Sharma,Computer Science,2,0.878,2.01,0.82,7,4,1.2,0,4,3,4.9,0,6.94,1
STU4284,Rahul Reddy,Electronics,8,0.783,3.94,0.847,4,8,7.25,0,2,2,6.7,1,6.32,0
STU4285,Vivaan Rao,Mechanical Eng.,2,0.65,3.58,0.54,3,8,2.38,0,3,1,0.8,0,2.55,1
STU4286,Ishita Verma,Mechanical Eng.,2,0.642,4.31,0.624,7,6,8.51,0,1,1,20.2,1,6.05,1
STU4287,Karan Kumar,Civil Eng.,4,0.768,1.13,0.823,2,3,4.84,0,2,4,5.1,1,4.03,1
STU4288,Kavya Nair,Electronics,5,0.78,4.11,0.433,5,10,5.08,0,4,1,29.4,1,4.08,1
STU4289,Arjun Kumar,Electronics,2,0.773,2.3,0.74,2,6,4.24,0,2,0,2.0,0,8.32,1
STU4290,Reyan Pandey,Computer Science,1,0.401,3.01,0.434,2,5,4.92,0,2,2,0.7,1,6.03,2
STU4291,Arjun Nair,Electronics,2,0.879,6.25,0.621,6,6,8.34,0,3,0,7.9,1,8.02,0
STU4292,Karan Nair,Civil Eng.,3,0.624,2.14,0.59,3,4,1.0,1,4,1,2.5,0,7.29,1
STU4293,Vivaan Rao,Civil Eng.,3,0.609,4.42,0.469,0,5,8.05,0,1,2,33.3,1,5.58,1
STU4294,Aarav Joshi,Biotechnology,4,0.771,4.46,0.734,3,6,6.18,0,2,0,0.5,0,7.96,1
STU4295,Riya Kumar,Mechanical Eng.,6,0.872,3.53,0.776,3,5,3.09,0,2,2,6.4,0,3.31,1
STU4296,Suresh Yadav,Electronics,6,0.948,1.9,0.759,2,4,3.35,0,3,1,31.4,0,6.46,1
STU4297,Suresh Patel,Civil Eng.,1,0.812,4.58,0.842,6,8,8.85,1,1,2,5.8,1,9.58,0
STU4298,Nikhil Pandey,Mechanical Eng.,4,0.64,3.13,0.534,1,5,3.61,1,3,1,1.2,1,4.03,1
STU4299,Nikhil Pandey,Electronics,7,0.639,3.28,0.602,3,4,3.19,1,2,1,4.3,1,7.45,1
STU4300,Karan Reddy,Electrical Eng.,4,0.903,4.68,0.944,5,7,7.77,0,2,1,8.3,0,7.74,0
STU4301,Aditya Mehta,Electrical Eng.,7,0.759,6.96,0.591,4,10,6.18,0,5,0,2.5,0,6.04,1
STU4302,Reyan Mehta,Civil Eng.,4,0.742,1.68,0.668,4,1,3.62,1,1,1,7.5,1,3.93,1
STU4303,Priya Gupta,Electrical Eng.,6,0.833,4.96,0.701,3,9,5.93,0,3,0,21.7,1,7.22,0
STU4304,Aditya Gupta,Electrical Eng.,2,0.8,4.45,0.693,2,6,3.45,1,1,3,24.7,0,6.92,1
STU4305,Karan Yadav,Computer Science,5,0.608,4.9,0.763,3,7,7.7,0,3,1,0.6,1,6.74,0
STU4306,Rahul Pandey,Mechanical Eng.,5,0.697,3.51,0.673,6,6,7.62,1,3,1,2.1,1,5.52,0
STU4307,Kavya Sharma,Computer Science,1,0.664,5.97,0.629,3,9,6.56,0,2,1,3.9,0,8.34,1
STU4308,Sneha Yadav,Electronics,2,0.579,1.24,0.573,4,4,6.22,0,1,4,10.8,1,9.0,1
STU4309,Reyan Gupta,Electronics,8,0.866,3.89,0.822,7,5,9.02,0,2,2,5.4,1,9.42,0
STU4310,Aarav Joshi,Civil Eng.,6,0.95,5.06,0.672,6,9,5.5,1,3,1,22.3,0,9.51,0
STU4311,Priya Gupta,Information Tech.,5,0.726,2.5,0.883,2,4,3.14,0,4,1,15.1,0,4.77,1
STU4312,Ishita Joshi,Mechanical Eng.,3,0.765,5.84,0.542,5,11,6.4,0,3,1,1.3,1,4.37,1
STU4313,Aditya Pandey,Information Tech.,6,0.914,3.09,0.996,7,7,9.67,0,3,0,11.8,0,8.64,0
STU4314,Sai Mehta,Computer Science,6,0.598,1.71,0.6,3,6,3.47,1,2,2,1.4,1,5.32,1
STU4315,Ananya Yadav,Computer Science,4,0.576,2.8,0.536,1,4,4.78,0,2,1,3.5,0,8.21,1
STU4316,Aditya Reddy,Computer Science,6,0.86,4.4,0.743,4,9,6.33,0,2,2,2.4,1,5.03,0
STU4317,Sneha Mehta,Civil Eng.,5,0.789,3.35,0.971,5,6,5.39,0,2,1,2.3,0,4.88,0
STU4318,Rahul Singh,Electronics,6,0.634,2.47,0.631,5,6,3.54,1,2,1,11.5,1,6.18,1
STU4319,Reyan Rao,Information Tech.,4,0.853,6.03,0.77,4,10,7.74,0,3,1,10.0,0,7.64,0
STU4320,Nikhil Nair,Electrical Eng.,2,0.926,6.82,0.78,1,11,10.0,0,3,0,2.3,1,9.21,0
STU4321,Aarav Yadav,Computer Science,7,0.755,3.27,0.614,2,4,5.89,0,5,0,55.5,1,6.59,1
STU4322,Ananya Singh,Computer Science,5,0.697,1.06,0.633,5,5,3.69,1,2,1,6.6,0,2.66,1
STU4323,Rohan Yadav,Information Tech.,4,0.545,0.13,0.397,8,3,2.4,1,3,2,1.2,0,10.0,1
STU4324,Karan Joshi,Computer Science,5,0.827,4.09,0.812,5,5,6.02,0,4,1,1.5,0,6.87,0
STU4325,Pooja Joshi,Electronics,5,0.806,5.1,0.661,7,7,7.71,1,3,1,10.5,0,10.0,0
STU4326,Ishita Nair,Computer Science,1,0.704,4.01,0.734,2,5,6.45,0,2,1,46.4,1,6.71,1
STU4327,Sneha Verma,Computer Science,6,0.713,3.56,0.74,3,4,5.5,0,2,1,10.2,1,4.75,1
STU4328,Sneha Pandey,Computer Science,1,0.681,2.33,0.608,0,6,4.32,0,1,1,35.7,0,5.73,2
STU4329,Sneha Rao,Mechanical Eng.,8,0.578,3.78,0.578,5,4,3.32,1,2,0,7.0,1,7.98,1
STU4330,Amit Rao,Electrical Eng.,2,0.77,6.16,0.756,3,7,7.17,0,4,0,6.9,1,8.27,0
STU4331,Arjun Nair,Computer Science,4,0.669,1.54,0.456,6,7,7.33,0,1,1,8.3,0,7.75,1
STU4332,Suresh Mishra,Biotechnology,6,0.543,2.63,0.662,3,4,2.41,1,2,1,14.3,0,5.61,1
STU4333,Aarav Pandey,Computer Science,1,0.663,3.44,0.571,8,7,8.68,0,4,2,5.5,1,7.84,1
STU4334,Sneha Sharma,Electronics,1,0.974,2.21,0.947,9,6,6.65,1,4,2,23.9,1,6.73,0
STU4335,Vivaan Pandey,Electrical Eng.,2,0.59,3.13,0.603,0,7,8.3,1,3,1,0.5,0,9.64,1
STU4336,Rohan Reddy,Computer Science,3,0.686,3.3,0.368,6,6,2.82,0,3,0,7.0,0,7.49,1
STU4337,Pooja Rao,Computer Science,3,0.633,3.32,0.504,3,6,2.77,1,2,0,8.6,0,4.13,1
STU4338,Reyan Kumar,Civil Eng.,5,0.798,5.31,0.803,6,9,5.2,0,2,1,11.2,1,3.9,0
STU4339,Vivaan Patel,Mechanical Eng.,8,0.661,3.96,0.601,2,6,6.51,0,2,1,3.9,0,4.74,1
STU4340,Riya Mehta,Electrical Eng.,2,0.676,2.62,0.677,7,6,9.09,0,3,1,6.7,1,7.09,1
STU4341,Reyan Singh,Electrical Eng.,4,0.665,3.79,0.608,6,6,6.91,0,5,2,8.0,1,7.47,1
STU4342,Sai Joshi,Civil Eng.,6,0.8,1.84,0.843,2,4,5.01,0,1,1,13.9,0,6.41,1
STU4343,Suresh Kumar,Civil Eng.,1,0.673,1.59,0.617,4,7,3.45,1,3,2,17.8,0,7.17,1
STU4344,Suresh Singh,Computer Science,7,0.683,5.08,0.757,5,7,7.96,1,2,1,16.1,0,7.36,0
STU4345,Ananya Yadav,Electronics,7,0.833,3.3,0.652,6,6,3.57,1,3,2,5.0,1,8.94,0
STU4346,Arjun Kumar,Mechanical Eng.,3,0.698,5.33,0.616,4,9,8.76,0,1,2,80.0,1,8.54,1
STU4347,Nikhil Gupta,Computer Science,8,0.534,3.05,0.422,6,6,4.93,0,2,0,22.7,1,6.51,2
STU4348,Rohan Gupta,Computer Science,1,0.822,5.55,0.778,5,9,8.68,1,4,0,3.6,0,4.88,0
STU4349,Rohan Gupta,Mechanical Eng.,5,0.971,3.56,0.846,6,4,6.86,0,3,2,2.6,0,7.69,0
STU4350,Vivaan Gupta,Civil Eng.,7,0.577,4.91,0.496,1,8,5.23,0,3,1,4.5,0,7.47,1
STU4351,Rohan Patel,Electrical Eng.,8,0.59,3.75,0.461,4,7,4.46,0,2,4,7.2,0,5.05,1
STU4352,Sneha Singh,Computer Science,8,0.818,3.2,0.69,7,8,4.82,0,2,1,22.8,1,4.36,1
STU4353,Pooja Gupta,Computer Science,1,0.689,4.16,0.619,7,8,6.36,0,2,0,18.1,1,8.88,1
STU4354,Vihaan Mehta,Computer Science,2,0.82,3.67,0.536,5,8,5.65,0,4,1,22.9,1,4.95,1
STU4355,Ishita Rao,Electrical Eng.,8,0.708,5.21,0.407,4,7,4.31,0,5,0,3.8,1,6.59,1
STU4356,Rohan Nair,Electronics,4,0.771,3.85,0.7,7,5,5.17,0,3,1,10.8,1,6.6,0
STU4357,Kavya Rao,Civil Eng.,7,0.957,3.7,0.585,5,7,5.66,0,2,3,4.0,0,7.5,1
STU4358,Aarav Verma,Information Tech.,1,0.54,2.09,0.467,6,6,1.24,1,4,0,1.4,0,3.64,1
STU4359,Amit Kumar,Mechanical Eng.,6,0.92,4.94,0.791,5,8,6.42,0,3,1,13.8,1,6.71,0
STU4360,Kavya Mishra,Computer Science,6,0.838,3.91,0.808,5,6,3.54,1,3,1,1.9,0,4.32,0
STU4361,Vivaan Joshi,Information Tech.,4,0.526,2.63,0.407,2,3,3.19,1,2,1,13.2,1,6.09,1
STU4362,Kavya Mehta,Electronics,7,0.717,1.25,0.802,2,4,2.13,1,4,1,12.5,0,6.54,1
STU4363,Reyan Kumar,Civil Eng.,6,0.668,1.49,0.686,6,4,1.91,1,3,0,19.9,0,7.19,1
STU4364,Rohan Pandey,Information Tech.,2,0.716,2.62,0.493,8,4,2.79,1,4,0,1.8,0,8.53,1
STU4365,Arjun Gupta,Civil Eng.,5,0.834,4.84,0.722,5,9,4.08,0,4,3,18.4,1,5.75,1
STU4366,Rahul Verma,Electrical Eng.,2,0.739,4.52,0.818,4,7,9.41,0,2,1,80.0,1,7.32,0
STU4367,Karan Nair,Electrical Eng.,3,0.713,2.62,0.572,6,5,4.45,0,4,2,22.8,0,8.63,1
STU4368,Riya Singh,Civil Eng.,8,0.695,1.64,0.62,5,5,5.86,0,4,0,16.7,0,7.79,1
STU4369,Ishita Reddy,Electrical Eng.,8,0.918,5.71,0.966,0,12,6.3,1,2,0,13.0,1,9.12,0
STU4370,Sneha Pandey,Mechanical Eng.,7,0.593,4.41,0.48,6,7,5.76,0,2,1,6.6,1,10.0,1
STU4371,Aarav Gupta,Biotechnology,5,0.937,4.56,0.956,2,6,5.35,0,1,2,15.7,1,5.09,0
STU4372,Ananya Sharma,Biotechnology,1,0.625,4.09,0.471,4,5,3.11,1,3,1,15.5,1,7.39,1
STU4373,Aarav Reddy,Computer Science,4,0.864,4.32,0.489,4,8,8.4,0,2,1,12.0,0,6.44,1
STU4374,Arjun Gupta,Electrical Eng.,5,0.803,4.84,0.846,3,6,9.11,0,3,1,19.1,0,10.0,0
STU4375,Sai Nair,Electronics,7,0.623,4.43,0.605,4,7,2.13,1,2,0,7.1,0,3.5,1
STU4376,Kavya Joshi,Computer Science,5,0.793,3.25,0.765,6,5,3.45,1,4,2,1.6,0,7.69,1
STU4377,Amit Verma,Computer Science,7,0.654,4.19,0.479,4,9,4.94,0,2,0,9.8,0,5.49,1
STU4378,Ananya Rao,Electrical Eng.,3,0.893,4.12,0.702,8,9,3.57,1,2,1,3.7,0,7.07,0
STU4379,Ishita Sharma,Computer Science,1,0.704,4.73,0.748,7,5,6.51,0,3,1,5.8,0,9.24,0
STU4380,Sai Nair,Information Tech.,6,0.543,3.06,0.513,7,8,4.04,0,3,0,0.5,1,5.05,1
STU4381,Arjun Yadav,Information Tech.,5,0.98,4.91,0.871,5,6,9.83,0,2,2,5.8,1,5.31,0
STU4382,Aditya Nair,Electronics,3,0.834,5.3,0.772,4,9,7.88,0,2,2,19.9,1,6.9,0
STU4383,Karan Nair,Information Tech.,4,0.892,4.71,0.954,5,6,5.93,1,2,0,9.4,0,6.08,0
STU4384,Aarav Verma,Civil Eng.,4,0.725,5.67,0.724,7,8,7.55,0,4,1,0.5,0,4.95,0
STU4385,Karan Nair,Computer Science,8,0.572,4.97,0.467,6,6,7.71,0,4,1,7.6,0,3.7,1
STU4386,Kavya Kumar,Computer Science,6,0.962,4.03,0.726,0,9,4.37,0,3,0,4.1,1,8.5,0
STU4387,Kavya Gupta,Information Tech.,1,0.704,2.62,0.693,5,5,3.87,1,4,2,7.8,0,8.85,1
STU4388,Karan Yadav,Electronics,6,0.779,3.0,0.609,0,6,5.66,0,4,2,6.2,1,5.61,1
STU4389,Pooja Yadav,Mechanical Eng.,7,0.883,5.1,0.676,5,7,7.22,0,1,1,32.3,1,6.64,0
STU4390,Sneha Kumar,Electronics,1,0.682,3.04,0.745,3,4,5.78,0,5,2,0.5,1,8.19,1
STU4391,Rohan Gupta,Computer Science,1,0.734,2.68,0.748,3,5,2.35,1,4,1,13.8,1,7.19,1
STU4392,Aarav Rao,Mechanical Eng.,4,0.984,4.82,0.924,7,9,3.89,1,2,1,22.8,0,9.37,0
STU4393,Sneha Sharma,Mechanical Eng.,2,0.799,5.07,0.595,3,8,5.35,0,2,2,38.4,1,7.72,1
STU4394,Rahul Nair,Computer Science,1,0.872,3.97,0.963,5,8,5.35,0,1,0,2.3,1,4.76,0
STU4395,Rohan Verma,Electronics,8,0.54,4.48,0.589,2,8,9.45,0,1,3,9.1,0,9.26,1
STU4396,Arjun Kumar,Electronics,2,0.842,2.67,0.727,5,5,2.73,1,4,1,0.5,0,4.56,1
STU4397,Ananya Joshi,Civil Eng.,2,0.617,4.99,0.504,6,9,6.51,0,3,1,8.3,1,6.84,1
STU4398,Kavya Pandey,Electrical Eng.,7,0.901,4.5,0.819,3,8,8.48,0,4,2,1.6,1,9.55,0
STU4399,Aditya Mehta,Civil Eng.,1,0.82,4.33,0.69,6,9,10.0,0,4,1,21.8,0,6.37,1
STU4400,Aarav Kumar,Information Tech.,2,0.783,4.87,0.926,5,9,4.69,0,3,0,1.5,1,6.28,0
STU4401,Rahul Kumar,Mechanical Eng.,2,0.755,4.16,0.641,5,8,6.48,0,3,1,8.6,1,4.74,1
STU4402,Aarav Yadav,Mechanical Eng.,2,0.702,3.3,0.525,4,7,6.64,0,1,1,8.8,1,5.21,1
STU4403,Vivaan Rao,Civil Eng.,6,0.675,4.34,0.767,6,9,5.89,0,2,1,42.8,1,5.78,1
STU4404,Reyan Mehta,Electronics,3,0.766,4.76,0.632,6,9,5.3,0,3,0,12.8,0,9.53,1
STU4405,Reyan Reddy,Electrical Eng.,5,0.973,2.7,0.954,5,8,6.37,0,1,2,4.1,0,6.97,0
STU4406,Karan Rao,Information Tech.,1,0.839,2.06,0.822,5,4,1.0,1,1,1,3.3,0,10.0,1
STU4407,Aditya Mishra,Mechanical Eng.,3,0.646,3.76,0.576,6,8,6.86,0,4,0,1.6,0,8.78,1
STU4408,Sai Pandey,Civil Eng.,1,0.803,4.27,0.625,6,5,5.75,0,3,1,17.0,0,8.49,1
STU4409,Pooja Sharma,Civil Eng.,7,0.783,4.27,0.699,4,9,5.06,1,2,1,14.1,0,4.55,1
STU4410,Reyan Verma,Mechanical Eng.,8,0.752,4.22,0.559,7,7,9.59,0,3,2,11.3,0,7.6,1
STU4411,Aarav Mishra,Computer Science,5,0.538,1.45,0.482,6,5,4.15,1,4,0,0.5,0,4.19,1
STU4412,Ananya Sharma,Information Tech.,8,0.839,4.65,0.833,9,10,4.69,0,2,0,17.3,0,5.85,0
STU4413,Arjun Sharma,Electrical Eng.,2,0.842,3.5,0.929,2,7,9.48,1,1,4,12.3,1,7.02,0
STU4414,Suresh Gupta,Computer Science,3,0.639,3.48,0.466,6,6,3.84,0,5,1,39.9,0,6.08,1
STU4415,Rahul Sharma,Biotechnology,1,0.961,3.16,0.84,7,4,4.4,1,2,2,10.6,1,7.81,0
STU4416,Aarav Mehta,Mechanical Eng.,2,0.933,3.76,0.787,7,7,5.21,0,1,1,4.3,0,6.09,0
STU4417,Sai Patel,Electrical Eng.,4,0.911,6.14,0.847,4,9,7.18,0,3,0,5.8,0,8.67,0
STU4418,Sai Kumar,Electrical Eng.,3,0.749,7.42,0.522,2,12,5.92,0,4,1,2.3,1,4.14,1
STU4419,Sai Nair,Mechanical Eng.,6,0.685,0.91,0.523,7,2,2.91,1,2,4,15.4,1,6.68,1
STU4420,Rahul Rao,Computer Science,8,0.814,4.51,0.564,4,6,4.44,0,2,2,14.8,1,5.55,0
STU4421,Rohan Verma,Electronics,3,0.786,3.1,0.563,4,5,4.29,0,2,2,2.7,0,6.74,1
STU4422,Sneha Reddy,Computer Science,7,0.985,4.86,0.821,9,9,5.35,0,5,1,2.1,0,8.16,0
STU4423,Aarav Pandey,Electronics,4,0.781,5.05,0.87,2,8,6.35,0,2,0,1.0,0,4.31,0
STU4424,Aditya Rao,Information Tech.,7,1.0,5.59,0.935,7,7,6.34,0,3,0,29.2,1,9.55,0
STU4425,Priya Kumar,Computer Science,2,0.766,2.93,0.696,3,8,1.95,1,5,1,3.2,0,5.24,1
STU4426,Pooja Yadav,Electronics,5,0.694,3.22,0.759,3,6,7.63,1,1,3,5.1,1,10.0,0
STU4427,Suresh Patel,Civil Eng.,4,1.0,4.91,0.938,5,5,6.01,1,5,0,4.0,0,6.93,0
STU4428,Vivaan Sharma,Computer Science,4,0.884,4.62,0.844,6,9,8.27,0,5,1,6.4,0,9.86,0
STU4429,Rahul Sharma,Civil Eng.,1,0.691,3.64,0.574,6,6,6.39,0,4,1,15.0,0,7.02,1
STU4430,Rahul Gupta,Electrical Eng.,3,0.76,3.74,0.62,7,6,7.7,0,2,1,24.5,1,7.79,0
STU4431,Vivaan Gupta,Computer Science,7,0.882,5.14,0.662,3,8,6.43,0,3,0,2.4,0,7.14,0
STU4432,Priya Pandey,Electrical Eng.,5,0.837,6.38,0.693,2,9,8.19,0,4,0,13.9,0,7.06,0
STU4433,Priya Kumar,Biotechnology,5,0.717,2.53,0.617,4,8,6.54,0,5,1,5.2,1,6.5,1
STU4434,Kavya Mishra,Civil Eng.,8,0.675,4.34,0.642,5,8,5.3,0,2,2,47.3,1,7.0,1
STU4435,Vihaan Mishra,Mechanical Eng.,5,0.58,4.55,0.518,4,8,10.0,1,4,1,4.3,1,8.99,0
STU4436,Nikhil Verma,Civil Eng.,3,0.71,2.42,0.602,0,5,7.28,1,2,1,0.5,0,7.6,1
STU4437,Sai Joshi,Electronics,5,0.784,4.17,0.614,1,10,6.65,0,2,1,8.7,0,7.93,1
STU4438,Suresh Patel,Computer Science,1,0.739,1.88,0.705,4,6,2.95,1,3,2,2.0,0,3.15,1
STU4439,Rahul Singh,Electrical Eng.,2,0.57,0.98,0.463,6,5,2.92,0,4,1,0.5,0,7.5,1
STU4440,Priya Gupta,Electrical Eng.,7,0.555,2.89,0.535,2,6,6.09,0,3,0,14.4,1,5.49,1
STU4441,Kavya Verma,Mechanical Eng.,1,0.584,2.5,0.335,6,7,5.79,0,3,2,15.8,0,3.77,2
STU4442,Ishita Yadav,Electronics,2,0.827,2.51,0.778,2,6,4.27,0,5,2,7.4,0,9.61,1
STU4443,Nikhil Mishra,Civil Eng.,6,0.606,2.14,0.62,5,4,5.78,0,2,1,13.6,0,9.27,1
STU4444,Karan Reddy,Electronics,3,0.712,4.13,0.703,5,8,8.68,0,3,0,9.3,1,7.58,0
STU4445,Nikhil Yadav,Civil Eng.,4,0.691,3.21,0.602,5,9,6.89,0,2,2,11.9,1,8.99,1
STU4446,Nikhil Kumar,Electronics,4,0.662,3.42,0.688,2,6,3.22,0,2,2,10.9,0,5.37,1
STU4447,Vivaan Verma,Civil Eng.,5,0.689,4.3,0.492,1,9,5.28,0,3,3,13.2,1,5.74,1
STU4448,Ananya Yadav,Civil Eng.,5,0.635,3.48,0.562,6,8,3.89,1,5,1,2.7,0,5.1,1
STU4449,Rohan Patel,Mechanical Eng.,3,0.893,3.13,0.785,2,7,4.72,0,3,0,3.8,1,5.27,1
STU4450,Suresh Joshi,Information Tech.,4,0.805,3.09,0.828,3,8,4.67,0,4,2,7.0,1,5.94,1
STU4451,Aditya Reddy,Computer Science,2,0.844,2.36,0.558,7,2,4.54,0,1,1,7.1,0,5.08,1
STU4452,Sai Patel,Mechanical Eng.,3,0.851,1.92,0.66,5,2,2.99,1,2,1,17.9,0,1.0,1
STU4453,Riya Reddy,Information Tech.,4,0.495,4.42,0.62,5,10,5.24,1,3,0,5.5,1,6.24,1
STU4454,Rohan Singh,Computer Science,2,0.689,1.2,0.377,6,2,4.38,0,1,1,2.1,0,4.57,1
STU4455,Aarav Sharma,Information Tech.,5,0.618,2.2,0.637,5,5,1.0,1,2,3,3.5,1,5.84,1
STU4456,Sai Verma,Electrical Eng.,7,0.914,4.49,0.752,5,10,9.61,0,3,1,2.9,1,7.45,0
STU4457,Ananya Mehta,Computer Science,7,0.712,5.02,0.666,3,8,7.68,0,1,0,15.8,1,8.45,1
STU4458,Riya Gupta,Electronics,5,0.542,1.71,0.629,9,7,4.75,0,2,2,7.6,1,6.45,1
STU4459,Karan Kumar,Mechanical Eng.,4,0.575,3.68,0.547,4,6,5.54,0,3,2,14.8,1,4.38,1
STU4460,Suresh Verma,Civil Eng.,2,0.698,3.36,0.772,5,7,3.16,0,3,3,6.5,1,3.67,1
STU4461,Sneha Mehta,Electronics,6,0.805,2.38,0.675,5,5,8.89,0,5,3,26.5,1,5.43,1
STU4462,Karan Singh,Civil Eng.,8,0.771,3.5,0.658,3,8,9.29,0,3,0,49.3,0,6.23,1
STU4463,Karan Yadav,Electronics,3,0.601,3.63,0.62,3,6,5.81,1,3,2,13.3,1,5.48,1
STU4464,Sneha Rao,Biotechnology,4,1.0,4.88,0.856,8,6,7.55,0,5,0,23.9,1,8.92,0
STU4465,Nikhil Mehta,Electrical Eng.,8,0.837,3.97,0.813,3,6,5.85,1,4,0,8.5,1,7.09,0
STU4466,Kavya Kumar,Computer Science,4,0.834,3.52,0.869,5,6,2.83,0,2,0,32.7,1,2.5,1
STU4467,Priya Nair,Electronics,6,0.839,2.11,0.841,6,4,4.68,0,1,1,21.4,0,4.83,1
STU4468,Vihaan Verma,Electrical Eng.,6,0.476,1.82,0.271,4,3,5.76,0,3,2,57.6,0,6.66,2
STU4469,Nikhil Pandey,Electrical Eng.,1,0.63,3.48,0.533,4,8,4.59,0,3,2,11.7,1,4.57,1
STU4470,Nikhil Singh,Civil Eng.,6,0.781,2.04,0.731,6,7,5.06,0,4,2,18.1,1,6.66,1
STU4471,Nikhil Pandey,Electronics,1,0.605,2.56,0.52,4,6,5.32,0,4,3,9.4,0,5.08,2
STU4472,Aarav Reddy,Civil Eng.,6,0.756,4.72,0.688,0,7,5.34,0,3,1,3.6,1,6.36,0
STU4473,Sai Singh,Mechanical Eng.,1,0.747,3.91,0.702,8,6,5.6,0,5,0,5.3,0,5.66,1
STU4474,Aarav Pandey,Electronics,8,0.54,2.33,0.433,2,2,3.38,0,3,2,26.9,0,6.22,2
STU4475,Karan Patel,Information Tech.,7,0.652,2.38,0.567,5,5,4.07,0,1,3,0.7,0,8.81,1
STU4476,Nikhil Nair,Computer Science,8,0.855,3.62,0.651,2,5,2.93,1,4,3,10.7,0,7.49,1
STU4477,Rahul Sharma,Mechanical Eng.,7,0.867,4.49,0.733,4,10,7.46,1,2,1,5.6,0,5.29,1
STU4478,Amit Patel,Biotechnology,4,0.771,0.93,0.541,4,1,1.29,1,4,3,5.9,0,9.91,1
STU4479,Aarav Sharma,Computer Science,7,0.801,2.0,0.733,5,4,7.81,0,5,3,25.9,1,9.47,0
STU4480,Reyan Mehta,Computer Science,2,0.918,6.74,0.807,3,10,8.27,0,3,0,23.1,1,6.25,0
STU4481,Riya Rao,Civil Eng.,3,0.719,2.0,0.556,8,5,4.9,0,3,2,11.0,0,4.91,1
STU4482,Sneha Pandey,Mechanical Eng.,3,0.748,2.93,0.851,5,8,1.0,1,3,0,3.8,0,5.91,0
STU4483,Priya Joshi,Civil Eng.,5,0.735,5.25,0.637,6,6,4.78,0,2,1,7.7,0,7.7,1
STU4484,Ananya Pandey,Mechanical Eng.,4,0.628,3.79,0.594,4,6,5.37,0,2,2,6.3,1,9.79,1
STU4485,Vihaan Sharma,Electrical Eng.,1,0.61,2.32,0.485,6,3,3.48,1,3,2,5.2,0,6.96,1
STU4486,Karan Singh,Biotechnology,3,0.626,1.63,0.522,0,5,4.47,0,4,2,1.3,0,5.15,2
STU4487,Nikhil Singh,Mechanical Eng.,7,0.635,2.84,0.604,3,4,8.56,1,3,2,9.4,0,6.65,1
STU4488,Aarav Gupta,Computer Science,2,0.83,4.5,0.714,4,7,6.83,0,2,0,4.3,0,8.18,0
STU4489,Ishita Patel,Electronics,2,0.818,4.84,0.736,4,8,3.65,1,3,0,13.0,0,3.68,1
STU4490,Amit Gupta,Civil Eng.,8,0.726,2.22,0.734,5,5,2.3,1,4,1,4.6,0,8.38,1
STU4491,Rohan Rao,Electrical Eng.,4,0.754,2.79,0.626,6,5,4.85,0,3,2,6.8,1,5.47,1
STU4492,Ishita Mishra,Information Tech.,8,0.918,4.36,0.693,5,6,5.07,0,3,2,0.6,1,8.25,0
STU4493,Aditya Sharma,Computer Science,6,0.724,3.12,0.499,4,6,6.49,1,4,1,58.8,1,9.11,1
STU4494,Aarav Singh,Electrical Eng.,2,0.867,3.66,0.924,10,5,4.43,0,3,3,8.5,1,10.0,0
STU4495,Reyan Reddy,Computer Science,5,0.822,4.01,0.833,5,8,6.52,0,3,2,0.5,0,6.41,1
STU4496,Reyan Sharma,Computer Science,4,0.908,4.32,0.883,0,7,9.37,0,4,1,9.4,0,7.31,0
STU4497,Arjun Pandey,Electrical Eng.,4,0.959,4.12,0.819,6,5,7.13,0,2,1,24.5,0,6.55,0
STU4498,Ishita Rao,Biotechnology,6,0.899,5.74,0.675,6,12,5.4,1,5,2,17.8,0,6.93,0
STU4499,Reyan Kumar,Electronics,7,0.783,4.27,0.677,7,10,5.13,0,1,0,14.5,1,5.38,1
STU4500,Pooja Mehta,Mechanical Eng.,8,0.802,4.75,0.712,6,11,4.79,0,1,0,1.8,0,8.62,0
STU4501,Vihaan Rao,Electrical Eng.,5,0.674,3.26,0.493,3,5,7.86,0,4,1,12.9,1,9.17,1
STU4502,Rahul Joshi,Electronics,5,0.723,4.59,0.504,6,6,4.25,0,2,2,17.4,1,5.81,1
STU4503,Aditya Patel,Computer Science,8,0.886,4.44,0.624,5,9,5.59,0,4,3,10.2,1,5.4,1
STU4504,Pooja Pandey,Computer Science,6,0.56,1.88,0.569,6,6,5.6,1,4,1,26.8,1,5.9,1
STU4505,Nikhil Singh,Computer Science,2,0.954,4.0,0.738,8,7,4.5,1,4,3,3.9,1,5.5,0
STU4506,Vivaan Rao,Civil Eng.,8,0.67,2.21,0.634,4,1,2.76,1,5,2,3.3,0,6.72,1
STU4507,Priya Sharma,Computer Science,1,1.0,1.99,0.86,7,3,6.15,0,2,1,24.4,1,7.19,0
STU4508,Karan Mehta,Civil Eng.,3,0.668,3.77,0.66,6,7,5.38,1,4,2,11.8,0,8.09,0
STU4509,Riya Rao,Information Tech.,7,0.814,4.6,0.766,5,7,6.5,0,1,1,0.5,0,9.63,0
STU4510,Pooja Rao,Electronics,4,0.698,3.51,0.605,8,4,4.43,0,3,1,5.2,1,6.87,1
STU4511,Pooja Rao,Civil Eng.,4,0.675,4.25,0.62,6,7,7.94,0,4,0,23.4,0,8.45,1
STU4512,Karan Verma,Computer Science,3,0.837,2.73,0.742,4,0,3.75,0,2,0,0.5,0,10.0,0
STU4513,Aditya Joshi,Information Tech.,2,0.773,7.64,0.634,5,10,8.92,0,3,1,0.5,1,8.7,0
STU4514,Sai Reddy,Biotechnology,8,0.566,1.18,0.608,6,3,2.0,1,3,0,4.0,0,4.72,1
STU4515,Sai Kumar,Computer Science,7,0.869,4.96,0.74,9,8,6.37,0,3,2,29.4,1,6.79,0
STU4516,Reyan Kumar,Information Tech.,3,0.848,3.95,0.754,6,8,6.45,0,5,1,27.8,1,3.94,1
STU4517,Amit Singh,Information Tech.,8,0.519,2.15,0.325,5,5,3.91,0,1,1,8.8,0,7.15,2
STU4518,Aditya Joshi,Biotechnology,1,0.824,3.85,0.769,7,8,6.35,0,3,2,9.7,0,5.92,0
STU4519,Nikhil Yadav,Mechanical Eng.,8,0.725,2.75,0.592,4,5,8.06,0,4,4,4.8,1,5.81,1
STU4520,Rahul Gupta,Biotechnology,2,0.554,1.61,0.451,2,2,1.07,0,3,1,3.4,1,3.76,2
STU4521,Reyan Sharma,Computer Science,4,0.661,3.9,0.511,6,7,6.51,0,1,1,20.3,0,9.01,1
STU4522,Vivaan Nair,Computer Science,3,0.374,0.44,0.324,3,1,1.0,1,3,3,1.3,0,4.83,2
STU4523,Suresh Reddy,Computer Science,3,0.953,3.68,0.657,10,4,3.57,1,2,0,8.0,1,7.45,0
STU4524,Kavya Nair,Electrical Eng.,2,0.861,3.47,0.843,5,7,8.76,0,2,0,12.1,1,8.32,0
STU4525,Rohan Pandey,Computer Science,4,0.508,1.56,0.453,5,2,4.34,0,4,2,1.3,1,6.66,1
STU4526,Pooja Singh,Mechanical Eng.,3,0.762,1.65,0.639,3,5,3.15,1,3,2,8.8,0,5.26,1
STU4527,Arjun Singh,Civil Eng.,8,0.777,6.14,0.544,7,7,5.1,0,5,0,10.3,0,7.42,0
STU4528,Vihaan Yadav,Computer Science,5,0.81,2.52,0.773,5,5,9.64,1,4,1,16.3,1,7.12,0
STU4529,Priya Yadav,Information Tech.,3,0.663,3.07,0.534,4,5,1.84,0,3,1,3.2,0,5.83,2
STU4530,Aarav Pandey,Mechanical Eng.,7,0.641,2.12,0.708,4,6,3.4,1,1,1,4.2,1,8.01,1
STU4531,Rahul Pandey,Computer Science,3,0.731,4.13,0.706,2,8,8.49,0,3,2,10.1,0,9.92,0
STU4532,Riya Reddy,Mechanical Eng.,1,0.741,5.49,0.82,4,7,9.22,0,2,1,49.0,0,6.98,0
STU4533,Reyan Reddy,Computer Science,8,0.938,4.25,0.858,6,7,5.29,0,5,1,2.9,0,7.26,0
STU4534,Pooja Rao,Electronics,1,0.791,2.09,0.82,1,7,3.02,1,2,1,51.1,1,6.96,1
STU4535,Sneha Mehta,Mechanical Eng.,7,0.744,3.28,0.716,7,8,9.69,0,2,2,15.0,1,8.33,0
STU4536,Aarav Singh,Computer Science,3,0.937,5.35,0.798,4,6,8.69,0,3,1,21.0,1,8.98,0
STU4537,Arjun Patel,Electrical Eng.,3,0.594,4.72,0.553,5,10,6.86,0,2,2,1.1,0,8.45,1
STU4538,Sneha Yadav,Electrical Eng.,1,0.565,2.82,0.425,0,7,3.88,0,2,1,4.3,0,9.47,2
STU4539,Priya Singh,Mechanical Eng.,5,0.823,4.15,0.948,5,7,5.4,0,3,1,0.7,0,10.0,0
STU4540,Pooja Mishra,Mechanical Eng.,8,0.809,3.02,0.718,3,5,5.18,0,1,0,5.6,1,6.26,1
STU4541,Arjun Sharma,Electronics,4,0.748,2.86,0.676,4,5,6.16,0,1,2,47.7,1,9.84,1
STU4542,Kavya Verma,Civil Eng.,2,0.555,4.53,0.539,1,6,8.4,0,2,1,1.3,0,8.31,1
STU4543,Riya Sharma,Computer Science,3,0.665,4.8,0.489,3,8,7.26,0,4,1,9.9,1,6.86,1
STU4544,Karan Nair,Biotechnology,4,0.785,3.37,0.839,4,6,3.35,1,3,1,0.5,0,7.1,0
STU4545,Riya Reddy,Mechanical Eng.,3,1.0,5.09,0.797,4,9,8.25,1,3,0,15.0,1,7.06,0
STU4546,Rohan Mishra,Electrical Eng.,1,0.863,2.93,0.652,6,6,6.13,0,3,1,2.6,1,6.76,0
STU4547,Vivaan Singh,Civil Eng.,6,1.0,5.96,0.883,1,13,6.87,0,2,0,1.7,0,5.09,0
STU4548,Rahul Rao,Computer Science,3,0.806,4.12,0.597,5,9,8.43,0,5,1,4.9,0,7.67,1
STU4549,Priya Verma,Mechanical Eng.,7,0.754,2.84,0.834,4,6,3.28,1,1,1,17.7,0,7.66,0
STU4550,Sai Gupta,Electrical Eng.,4,0.558,2.05,0.479,3,1,5.43,0,3,1,1.4,1,7.93,1
STU4551,Pooja Kumar,Mechanical Eng.,6,0.838,3.1,0.432,3,6,4.44,1,4,0,3.1,0,6.99,1
STU4552,Rahul Singh,Mechanical Eng.,2,0.725,3.35,0.673,7,8,2.36,1,4,2,0.5,0,8.84,1
STU4553,Nikhil Rao,Civil Eng.,1,0.874,4.77,0.842,9,7,6.19,0,2,2,41.5,0,10.0,0
STU4554,Karan Mishra,Electronics,5,0.879,6.87,0.749,1,14,10.0,1,2,0,10.8,1,8.9,0
STU4555,Amit Patel,Information Tech.,3,0.76,3.17,0.549,3,7,1.82,1,4,1,15.3,0,8.42,1
STU4556,Amit Pandey,Computer Science,8,0.748,3.96,0.663,2,7,5.44,0,1,1,12.6,0,7.26,1
STU4557,Rahul Mishra,Electronics,2,0.767,3.5,0.642,4,5,6.78,0,4,1,1.9,1,7.19,0
STU4558,Rohan Patel,Biotechnology,4,0.837,2.93,0.656,7,8,5.75,0,4,1,10.8,1,8.45,1
STU4559,Sneha Singh,Civil Eng.,6,0.638,4.75,0.468,5,6,5.27,0,4,0,1.7,0,6.46,1
STU4560,Rahul Mishra,Civil Eng.,1,0.581,4.01,0.539,4,6,2.9,1,1,2,6.2,0,1.62,1
STU4561,Reyan Rao,Biotechnology,7,0.751,2.5,0.766,5,2,5.97,0,4,2,10.1,1,6.32,1
STU4562,Priya Rao,Information Tech.,2,0.935,4.06,0.888,4,8,3.99,1,3,1,9.8,0,3.49,0
STU4563,Karan Patel,Electrical Eng.,7,0.928,3.12,0.662,6,7,1.12,1,4,2,1.5,0,4.64,1
STU4564,Amit Nair,Electronics,5,0.574,3.03,0.578,6,6,7.89,0,1,1,0.5,1,6.39,1
STU4565,Arjun Verma,Computer Science,3,0.747,4.87,0.749,6,9,7.42,0,1,0,19.2,1,6.25,1
STU4566,Nikhil Gupta,Electrical Eng.,1,0.519,2.42,0.607,0,6,5.6,0,2,2,15.5,0,4.79,2
STU4567,Pooja Pandey,Electronics,8,0.569,0.87,0.417,4,2,5.96,0,1,1,1.0,1,4.63,2
STU4568,Aditya Singh,Mechanical Eng.,7,0.899,4.1,0.803,4,6,7.65,0,3,2,1.6,0,6.13,0
STU4569,Vihaan Rao,Electrical Eng.,2,0.762,4.09,0.743,7,4,5.95,0,5,1,26.8,1,6.12,0
STU4570,Ishita Pandey,Computer Science,7,0.717,4.05,0.593,5,7,7.31,0,2,2,17.6,1,6.66,1
STU4571,Sneha Verma,Information Tech.,4,0.942,6.91,0.903,6,8,4.91,0,4,0,66.7,0,6.94,0
STU4572,Karan Sharma,Information Tech.,4,0.7,4.89,0.628,3,8,8.12,0,1,1,3.5,1,8.71,0
STU4573,Suresh Reddy,Electrical Eng.,6,0.952,4.02,0.772,7,7,6.14,1,2,0,8.0,1,5.02,0
STU4574,Amit Joshi,Computer Science,6,0.772,4.28,0.619,7,7,5.89,0,1,0,3.2,1,5.19,1
STU4575,Rahul Mehta,Civil Eng.,6,0.646,2.36,0.706,1,6,2.96,1,2,3,11.7,0,8.88,1
STU4576,Kavya Gupta,Computer Science,5,0.868,4.94,0.681,2,6,6.07,0,5,2,1.5,1,8.19,0
STU4577,Priya Kumar,Mechanical Eng.,6,0.856,3.58,0.654,6,4,3.84,0,1,2,1.6,1,4.75,1
STU4578,Sai Sharma,Biotechnology,3,0.937,3.65,0.878,5,6,4.22,0,3,1,0.9,1,4.01,0
STU4579,Sai Mishra,Computer Science,5,0.671,2.41,0.601,6,4,3.87,1,3,1,14.2,0,5.26,1
STU4580,Aditya Gupta,Mechanical Eng.,2,0.776,1.13,0.567,5,4,3.37,1,5,2,8.2,1,5.55,1
STU4581,Rohan Yadav,Electrical Eng.,6,0.785,4.32,0.655,6,6,9.75,0,1,0,11.5,0,9.15,0
STU4582,Vivaan Gupta,Computer Science,1,0.718,4.79,0.565,3,8,8.16,0,2,2,25.4,1,3.31,1
STU4583,Sneha Joshi,Computer Science,1,0.678,4.27,0.546,5,6,9.34,1,1,2,16.2,0,6.07,1
STU4584,Nikhil Verma,Electrical Eng.,2,0.599,3.27,0.792,5,4,3.05,1,3,3,7.4,0,9.16,1
STU4585,Rahul Yadav,Computer Science,1,0.648,3.41,0.553,3,7,5.64,0,2,1,49.9,1,6.72,1
STU4586,Amit Singh,Mechanical Eng.,6,0.87,3.39,0.694,7,6,2.91,0,4,1,7.3,1,5.99,1
STU4587,Kavya Joshi,Electrical Eng.,2,0.767,2.06,0.893,1,3,4.11,0,3,3,1.4,0,5.22,1
STU4588,Ananya Joshi,Mechanical Eng.,6,0.584,3.33,0.615,5,5,3.66,1,3,2,59.0,0,7.52,1
STU4589,Amit Singh,Electronics,8,0.535,3.62,0.554,1,6,7.98,0,3,2,0.5,1,4.15,1
STU4590,Ananya Mishra,Biotechnology,5,0.529,1.57,0.393,2,2,4.71,0,1,2,9.6,1,5.65,2
STU4591,Pooja Pandey,Electronics,3,0.671,4.09,0.723,6,6,7.64,1,3,2,4.4,1,3.54,0
STU4592,Suresh Mehta,Biotechnology,4,0.798,5.86,0.8,2,9,6.71,0,5,0,8.4,1,6.98,0
STU4593,Kavya Yadav,Mechanical Eng.,4,0.871,3.25,0.798,2,5,10.0,1,4,2,9.8,1,7.2,0
STU4594,Arjun Patel,Mechanical Eng.,7,0.65,2.91,0.414,5,6,2.54,1,4,0,3.3,1,2.83,1
STU4595,Reyan Rao,Computer Science,4,1.0,5.36,0.898,3,7,8.02,0,4,1,9.8,0,9.22,0
STU4596,Rohan Mehta,Information Tech.,1,0.682,7.1,0.787,6,12,7.79,0,1,1,16.9,1,8.58,0
STU4597,Priya Kumar,Mechanical Eng.,5,0.657,2.47,0.613,6,5,3.55,1,2,0,3.7,0,7.92,1
STU4598,Ishita Yadav,Electronics,7,0.834,3.5,0.713,3,5,7.51,0,1,1,5.8,1,4.54,0
STU4599,Priya Yadav,Civil Eng.,5,0.8,2.45,0.697,7,6,6.17,0,2,0,3.7,1,5.05,1
STU4600,Nikhil Singh,Computer Science,8,0.755,4.88,0.664,1,8,5.05,0,1,0,20.6,0,8.68,1
STU4601,Riya Singh,Information Tech.,4,0.805,2.11,0.644,6,6,3.85,0,3,1,15.5,0,7.61,1
STU4602,Aditya Nair,Electrical Eng.,7,0.808,2.77,0.723,2,2,4.06,0,3,1,24.6,0,8.74,1
STU4603,Arjun Mishra,Mechanical Eng.,6,0.625,2.66,0.706,3,6,9.6,0,4,0,2.2,1,7.45,1
STU4604,Suresh Mehta,Biotechnology,5,0.826,4.71,0.877,4,7,5.5,0,4,0,0.9,0,6.45,1
STU4605,Nikhil Yadav,Electronics,2,0.905,5.51,0.739,7,9,7.06,0,5,0,1.5,0,8.23,0
STU4606,Sneha Verma,Civil Eng.,4,0.694,4.19,0.753,3,7,3.92,1,1,0,2.1,1,3.74,0
STU4607,Vihaan Mishra,Biotechnology,4,0.854,1.26,0.844,5,6,3.94,1,1,1,9.1,0,6.53,1
STU4608,Suresh Rao,Electronics,8,0.701,5.03,0.694,4,5,7.66,0,3,1,42.4,1,10.0,0
STU4609,Nikhil Yadav,Computer Science,3,0.651,0.83,0.629,2,5,2.8,1,2,2,5.3,0,5.2,1
STU4610,Reyan Pandey,Biotechnology,4,0.589,3.47,0.437,2,7,4.67,0,2,3,38.2,1,3.51,2
STU4611,Nikhil Patel,Civil Eng.,1,0.769,3.92,0.652,5,7,5.57,0,2,0,0.5,0,7.41,1
STU4612,Priya Patel,Mechanical Eng.,6,0.636,4.09,0.655,4,5,5.72,0,2,2,31.4,0,5.09,1
STU4613,Ananya Gupta,Information Tech.,2,0.732,4.18,0.538,6,5,5.14,0,3,1,2.4,0,6.35,1
STU4614,Suresh Mishra,Computer Science,5,0.565,3.88,0.404,4,6,6.29,0,3,1,29.2,1,8.85,1
STU4615,Rohan Joshi,Civil Eng.,6,0.764,1.71,0.719,4,5,6.89,0,3,1,0.7,0,8.07,1
STU4616,Priya Patel,Computer Science,1,0.832,4.73,0.67,6,8,6.97,1,3,0,35.5,1,6.21,0
STU4617,Rohan Sharma,Computer Science,2,0.858,3.18,0.854,4,7,3.53,0,2,1,2.7,0,7.57,1
STU4618,Vivaan Gupta,Mechanical Eng.,6,0.654,2.4,0.513,1,3,4.93,0,2,2,4.3,1,3.48,1
STU4619,Aditya Mehta,Mechanical Eng.,6,0.835,2.48,0.776,6,5,7.89,0,2,3,8.1,1,7.72,0
STU4620,Sneha Mehta,Civil Eng.,3,0.846,6.03,0.794,3,11,7.29,1,2,2,5.8,0,6.5,0
STU4621,Rahul Sharma,Civil Eng.,8,0.786,4.3,0.659,5,9,2.75,0,4,2,13.2,0,1.58,1
STU4622,Reyan Nair,Electronics,8,1.0,4.71,0.876,4,6,6.2,1,4,1,44.2,1,4.68,0
STU4623,Aditya Rao,Computer Science,4,0.608,1.65,0.479,2,3,1.54,1,3,2,11.2,0,5.44,1
STU4624,Reyan Gupta,Information Tech.,5,0.774,0.66,0.694,1,2,5.59,0,2,3,15.3,1,8.02,1
STU4625,Priya Patel,Information Tech.,6,0.886,5.71,0.701,5,8,9.3,0,3,1,1.1,1,7.83,0
STU4626,Nikhil Mehta,Computer Science,4,0.672,3.52,0.583,0,8,3.6,0,3,0,11.9,0,5.55,1
STU4627,Vihaan Sharma,Electrical Eng.,1,0.55,2.7,0.57,7,10,3.83,0,3,2,7.3,0,7.61,1
STU4628,Reyan Pandey,Electrical Eng.,4,0.694,5.46,0.511,6,7,7.03,1,3,1,26.0,0,7.6,0
STU4629,Kavya Yadav,Biotechnology,2,0.885,3.74,0.748,3,7,2.41,1,3,1,5.9,0,7.52,0
STU4630,Priya Pandey,Information Tech.,8,0.947,3.48,0.904,8,7,4.23,0,3,3,13.7,1,7.3,0
STU4631,Vivaan Gupta,Computer Science,4,0.773,4.05,0.488,9,7,6.69,0,4,1,3.1,0,5.73,1
STU4632,Priya Singh,Biotechnology,4,0.75,3.33,0.861,4,8,4.23,0,1,3,3.6,1,7.48,1
STU4633,Amit Pandey,Computer Science,3,0.866,4.32,0.884,6,8,5.03,0,4,2,5.7,0,8.24,1
STU4634,Pooja Patel,Electrical Eng.,7,0.731,3.07,0.505,5,2,6.99,0,1,0,4.3,0,9.62,1
STU4635,Karan Nair,Mechanical Eng.,4,0.909,4.41,0.607,8,5,6.34,0,1,0,3.5,0,5.95,0
STU4636,Sai Yadav,Mechanical Eng.,3,0.743,2.71,0.672,2,4,6.03,0,5,1,0.6,1,6.16,1
STU4637,Aditya Joshi,Civil Eng.,7,0.818,5.05,0.624,4,7,4.82,0,5,2,21.7,1,8.03,0
STU4638,Arjun Joshi,Civil Eng.,1,0.697,4.51,0.723,6,7,6.24,1,1,0,0.8,0,8.39,0
STU4639,Karan Singh,Computer Science,8,0.597,2.75,0.576,6,5,5.25,0,3,2,26.2,0,5.66,2
STU4640,Priya Mishra,Biotechnology,7,0.382,4.02,0.356,4,4,6.42,1,2,1,1.6,1,5.71,1
STU4641,Aditya Reddy,Computer Science,3,0.841,2.33,0.7,7,2,4.51,0,3,2,0.8,0,5.57,1
STU4642,Karan Yadav,Mechanical Eng.,8,0.796,5.35,0.877,5,5,5.13,0,4,0,9.9,0,6.68,0
STU4643,Vihaan Joshi,Information Tech.,3,0.752,5.0,0.752,5,6,3.52,1,5,0,8.4,0,4.46,0
STU4644,Arjun Sharma,Information Tech.,7,0.544,4.46,0.55,5,9,5.43,0,3,0,8.1,1,7.38,1
STU4645,Kavya Joshi,Electronics,7,0.724,5.03,0.772,4,8,3.88,1,2,1,10.3,0,3.06,1
STU4646,Sai Mehta,Mechanical Eng.,1,0.634,3.16,0.469,4,4,3.27,1,3,1,4.1,1,4.48,1
STU4647,Rohan Verma,Civil Eng.,3,0.693,4.72,0.753,3,5,6.02,0,2,2,13.1,0,7.14,1
STU4648,Vivaan Singh,Electronics,7,0.85,5.25,0.738,11,7,5.93,0,5,0,8.4,0,5.12,0
STU4649,Sneha Verma,Civil Eng.,4,0.779,4.11,0.735,4,8,7.07,0,4,1,4.9,1,6.37,0
STU4650,Amit Reddy,Civil Eng.,7,0.576,3.48,0.502,6,7,4.64,1,3,3,21.0,0,6.16,1
STU4651,Riya Sharma,Electrical Eng.,1,0.645,5.02,0.393,8,8,6.32,0,2,1,15.6,1,10.0,1
STU4652,Riya Nair,Computer Science,8,0.634,4.76,0.667,2,7,6.6,0,2,0,6.0,1,4.63,1
STU4653,Vivaan Mehta,Mechanical Eng.,1,0.938,3.01,0.661,6,3,6.39,0,1,2,22.6,0,7.34,1
STU4654,Vihaan Joshi,Electronics,8,0.8,0.53,0.624,5,1,3.85,0,4,0,30.3,0,4.31,1
STU4655,Reyan Yadav,Mechanical Eng.,3,0.639,3.53,0.53,8,7,5.8,0,3,1,9.2,1,4.83,1
STU4656,Riya Patel,Electrical Eng.,3,0.417,1.35,0.18,2,3,6.23,0,2,1,2.9,1,5.29,2
STU4657,Rahul Sharma,Electrical Eng.,2,0.714,2.47,0.533,3,7,5.51,0,3,1,29.7,1,6.37,1
STU4658,Nikhil Mishra,Civil Eng.,1,0.66,1.35,0.618,4,5,1.33,1,4,2,2.5,0,7.98,1
STU4659,Rohan Rao,Mechanical Eng.,5,0.761,3.06,0.65,4,5,5.82,1,1,1,0.6,1,8.86,0
STU4660,Sai Mehta,Civil Eng.,4,0.927,5.96,0.808,4,9,9.93,1,4,0,4.8,0,7.15,0
STU4661,Arjun Sharma,Civil Eng.,6,0.841,4.68,0.666,9,11,4.78,0,4,0,15.6,1,5.95,0
STU4662,Nikhil Mehta,Information Tech.,6,0.619,3.82,0.562,4,8,4.04,0,5,1,30.8,1,7.28,1
STU4663,Ananya Yadav,Electrical Eng.,3,0.821,4.63,0.706,3,8,6.25,0,2,0,12.2,0,6.98,0
STU4664,Ishita Rao,Mechanical Eng.,7,0.887,4.62,0.635,4,8,6.12,0,2,0,36.4,1,5.69,1
STU4665,Rohan Mishra,Electrical Eng.,6,0.568,1.37,0.491,5,4,7.89,0,2,1,1.2,0,8.56,1
STU4666,Rahul Gupta,Computer Science,1,0.752,2.91,0.553,5,5,2.98,0,2,2,0.8,0,8.81,1
STU4667,Pooja Mishra,Civil Eng.,8,0.611,1.93,0.64,3,3,6.96,0,2,2,11.1,1,8.99,1
STU4668,Karan Joshi,Information Tech.,1,1.0,4.62,0.861,2,7,6.68,0,3,0,40.6,1,9.45,0
STU4669,Aditya Reddy,Electrical Eng.,7,0.483,1.05,0.687,4,1,5.22,0,3,3,8.4,1,6.31,2
STU4670,Karan Joshi,Mechanical Eng.,8,0.884,3.64,0.892,5,7,6.18,0,4,1,0.6,0,4.9,0
STU4671,Nikhil Nair,Electrical Eng.,4,0.597,4.92,0.524,3,8,7.56,1,1,1,3.0,0,3.67,1
STU4672,Riya Nair,Information Tech.,1,0.928,2.83,0.894,7,7,7.24,0,3,0,3.4,1,3.44,0
STU4673,Sai Patel,Information Tech.,5,0.628,4.12,0.356,5,5,3.21,1,4,2,4.9,1,5.6,1
STU4674,Ishita Sharma,Information Tech.,2,0.813,4.75,0.828,5,10,7.14,0,4,1,0.5,0,8.05,0
STU4675,Aditya Nair,Civil Eng.,7,0.567,4.07,0.428,3,9,5.37,0,4,1,28.2,1,8.13,1
STU4676,Priya Rao,Mechanical Eng.,4,0.619,4.53,0.566,8,5,5.65,0,4,0,8.7,1,7.13,1
STU4677,Ishita Gupta,Computer Science,5,0.838,3.26,0.682,2,5,5.65,0,5,1,13.3,1,5.4,1
STU4678,Aditya Mishra,Biotechnology,1,0.873,3.74,0.724,4,6,5.2,0,2,2,0.8,0,7.74,0
STU4679,Pooja Singh,Computer Science,7,0.804,4.38,0.705,4,5,7.88,0,3,2,0.7,0,5.21,1
STU4680,Pooja Mishra,Mechanical Eng.,1,0.832,3.58,0.757,5,6,5.33,1,1,1,10.6,1,4.61,0
STU4681,Nikhil Kumar,Electronics,8,0.812,2.17,0.728,6,5,3.26,1,1,1,26.2,0,7.08,0
STU4682,Reyan Joshi,Mechanical Eng.,3,0.595,1.92,0.535,2,4,4.71,1,2,0,9.0,1,4.19,1
STU4683,Rohan Mishra,Civil Eng.,4,0.566,3.35,0.347,3,3,5.86,0,1,0,25.2,1,5.38,2
STU4684,Aarav Gupta,Electronics,2,0.755,3.92,0.913,5,8,7.96,0,2,0,20.0,1,5.63,0
STU4685,Suresh Mehta,Electrical Eng.,3,0.656,3.13,0.613,3,5,6.71,0,2,1,0.9,1,7.32,1
STU4686,Suresh Kumar,Electrical Eng.,6,0.813,4.16,0.776,4,6,3.8,0,1,2,2.7,0,7.2,1
STU4687,Arjun Patel,Computer Science,1,0.809,3.59,0.695,5,9,10.0,0,5,1,12.9,1,9.11,0
STU4688,Karan Verma,Electrical Eng.,2,0.662,3.6,0.509,2,7,6.03,0,1,2,7.0,1,5.76,1
STU4689,Riya Mishra,Electrical Eng.,4,0.917,5.81,0.84,5,8,8.05,0,4,1,4.1,0,7.11,0
STU4690,Vivaan Pandey,Information Tech.,5,0.864,4.65,0.807,6,6,5.2,0,2,1,6.5,0,7.88,1
STU4691,Reyan Mehta,Electrical Eng.,2,0.904,5.43,0.944,5,10,6.57,0,5,1,7.1,0,6.02,0
STU4692,Priya Rao,Civil Eng.,3,0.689,3.44,0.828,7,7,7.18,0,4,3,29.0,1,5.51,1
STU4693,Aditya Joshi,Electronics,5,0.906,5.32,0.964,6,8,7.94,0,3,1,1.3,1,6.23,0
STU4694,Arjun Kumar,Electrical Eng.,5,0.783,3.01,0.528,4,4,7.61,0,3,1,3.9,1,6.19,1
STU4695,Rahul Nair,Mechanical Eng.,2,0.831,3.84,0.701,4,7,7.24,0,1,2,9.3,0,7.23,1
STU4696,Pooja Verma,Information Tech.,7,0.931,3.24,0.872,8,7,4.87,0,5,0,14.4,1,6.41,0
STU4697,Sneha Verma,Information Tech.,8,0.744,2.62,0.63,3,5,4.36,0,4,2,12.0,1,6.01,1
STU4698,Amit Kumar,Information Tech.,7,0.664,3.42,0.593,4,4,6.17,0,4,0,34.1,1,5.41,1
STU4699,Riya Nair,Mechanical Eng.,6,0.611,3.62,0.336,3,6,7.37,0,3,2,19.1,0,5.53,1
STU4700,Aditya Kumar,Mechanical Eng.,2,0.829,2.34,0.837,5,5,5.05,0,2,2,9.8,0,7.68,1
STU4701,Nikhil Rao,Information Tech.,3,0.856,5.32,0.582,9,8,7.63,0,4,1,2.9,0,7.91,0
STU4702,Rohan Rao,Computer Science,2,0.973,4.3,0.718,5,8,8.41,0,2,1,7.2,1,6.74,0
STU4703,Ishita Joshi,Civil Eng.,4,0.49,3.34,0.34,3,7,3.67,0,3,2,14.2,0,6.0,2
STU4704,Reyan Rao,Mechanical Eng.,7,0.843,3.34,0.749,5,8,3.83,1,1,1,21.8,1,8.33,0
STU4705,Arjun Mishra,Electronics,5,0.714,3.63,0.48,2,6,5.22,0,5,3,38.5,0,6.44,1
STU4706,Riya Gupta,Information Tech.,5,0.715,3.95,0.538,4,5,6.12,0,1,1,11.2,0,6.82,1
STU4707,Karan Joshi,Electrical Eng.,3,0.627,2.97,0.679,8,5,4.45,0,2,3,9.0,1,9.08,1
STU4708,Rahul Joshi,Computer Science,2,0.954,6.16,0.848,6,12,8.2,0,3,1,0.5,0,9.39,0
STU4709,Riya Rao,Electronics,8,0.866,4.82,0.823,7,5,6.35,0,4,1,0.9,0,5.75,0
STU4710,Suresh Rao,Computer Science,6,0.611,3.7,0.426,6,3,5.58,1,3,0,2.0,1,8.6,1
STU4711,Karan Pandey,Computer Science,2,0.71,2.25,0.633,3,5,2.63,1,2,1,0.7,0,5.48,1
STU4712,Nikhil Gupta,Information Tech.,8,0.793,2.72,0.701,8,5,2.87,1,1,3,6.1,1,3.97,1
STU4713,Priya Mishra,Information Tech.,8,0.794,4.32,0.635,1,7,6.06,0,4,1,4.9,0,9.17,1
STU4714,Karan Mehta,Civil Eng.,5,0.9,4.17,0.805,5,7,1.23,1,5,1,12.2,0,4.09,1
STU4715,Reyan Nair,Civil Eng.,8,0.67,2.61,0.413,0,7,7.53,0,4,1,9.2,1,6.34,1
STU4716,Suresh Yadav,Biotechnology,5,0.503,4.35,0.497,1,7,5.18,0,3,1,10.9,1,5.87,1
STU4717,Priya Nair,Computer Science,3,0.876,6.35,0.749,7,11,10.0,0,5,1,7.7,0,10.0,0
STU4718,Rahul Sharma,Computer Science,7,0.75,3.22,0.65,3,2,10.0,0,3,1,3.9,0,6.29,1
STU4719,Ishita Nair,Electronics,2,0.77,3.32,0.778,7,5,5.14,0,3,3,36.6,1,5.46,1
STU4720,Sneha Nair,Mechanical Eng.,1,0.825,2.31,0.786,0,4,5.29,1,3,2,1.1,1,5.97,1
STU4721,Suresh Sharma,Computer Science,7,0.556,4.76,0.469,4,4,7.49,0,3,2,33.5,0,8.2,1
STU4722,Rahul Gupta,Electrical Eng.,2,0.741,4.24,0.555,2,7,8.91,0,4,2,4.5,1,7.55,1
STU4723,Priya Sharma,Electronics,3,0.59,2.51,0.664,4,5,2.22,1,3,1,8.6,0,4.47,1
STU4724,Vihaan Patel,Computer Science,5,0.538,2.08,0.351,7,4,1.93,1,2,3,1.4,0,6.7,2
STU4725,Riya Mishra,Electrical Eng.,5,0.757,4.14,0.744,8,7,4.26,0,2,0,0.9,0,8.72,0
STU4726,Ishita Rao,Electrical Eng.,1,0.855,4.27,0.61,6,7,6.67,0,1,1,6.7,0,4.08,1
STU4727,Kavya Yadav,Computer Science,1,0.805,4.23,0.816,1,9,6.49,0,3,0,16.2,0,5.72,1
STU4728,Rohan Gupta,Electrical Eng.,3,0.697,4.48,0.728,2,8,7.64,0,2,1,3.8,1,8.21,0
STU4729,Nikhil Verma,Information Tech.,2,0.727,3.62,0.463,5,7,3.1,1,1,1,9.9,0,3.71,1
STU4730,Kavya Reddy,Electronics,5,0.791,1.99,0.757,3,8,1.0,1,3,2,3.9,1,5.02,1
STU4731,Riya Reddy,Electrical Eng.,6,0.93,6.21,0.874,6,8,7.22,0,3,2,5.9,0,9.45,0
STU4732,Reyan Joshi,Computer Science,4,0.601,1.67,0.611,8,2,3.84,1,4,2,28.4,0,7.27,1
STU4733,Rohan Sharma,Computer Science,4,0.541,0.37,0.523,2,4,1.46,1,3,1,23.2,0,6.38,2
STU4734,Ishita Yadav,Computer Science,4,0.457,1.57,0.315,2,7,5.79,0,4,2,8.7,1,8.08,2
STU4735,Vivaan Pandey,Electronics,5,0.614,1.63,0.531,2,3,7.09,0,5,3,3.3,1,7.71,1
STU4736,Vihaan Patel,Electronics,7,0.567,4.38,0.677,4,9,5.26,0,4,0,2.6,0,5.97,1
STU4737,Rohan Sharma,Electronics,5,1.0,4.04,0.789,5,6,4.58,0,3,0,37.0,1,8.11,0
STU4738,Kavya Verma,Mechanical Eng.,7,0.698,5.0,0.66,4,9,5.18,0,2,0,2.7,1,5.7,1
STU4739,Suresh Mishra,Computer Science,8,0.819,2.16,0.853,6,6,4.76,0,5,1,19.8,1,6.14,1
STU4740,Pooja Kumar,Electronics,4,0.968,3.74,0.772,6,6,2.8,1,2,2,5.5,1,2.86,0
STU4741,Pooja Reddy,Biotechnology,1,0.758,3.29,0.54,4,9,4.07,0,2,2,50.9,1,5.36,1
STU4742,Rohan Yadav,Electrical Eng.,4,0.755,4.16,0.552,5,10,6.54,0,3,1,5.5,1,7.1,1
STU4743,Riya Mehta,Electronics,1,0.625,4.59,0.602,4,6,6.14,0,1,2,5.2,0,6.89,1
STU4744,Reyan Singh,Electronics,3,0.653,2.84,0.46,4,6,5.84,0,5,2,12.2,1,8.41,1
STU4745,Priya Mehta,Information Tech.,6,1.0,6.16,0.886,4,11,3.51,1,3,1,39.1,0,5.26,0
STU4746,Suresh Joshi,Computer Science,4,0.848,5.14,0.9,2,5,5.14,0,3,0,44.9,1,5.83,1
STU4747,Pooja Nair,Biotechnology,6,0.672,1.71,0.599,5,4,1.15,1,3,1,14.7,0,4.37,1
STU4748,Suresh Gupta,Information Tech.,4,0.855,2.45,0.692,4,2,5.86,0,3,1,16.9,1,7.19,1
STU4749,Karan Nair,Information Tech.,1,0.86,4.4,0.786,6,8,8.36,0,1,2,9.9,1,10.0,0
STU4750,Riya Kumar,Biotechnology,1,0.702,2.98,0.625,5,6,2.55,1,3,2,16.9,0,1.61,1
STU4751,Nikhil Gupta,Civil Eng.,6,0.809,4.58,0.773,5,7,4.33,0,4,0,23.6,1,5.42,1
STU4752,Aarav Yadav,Computer Science,7,0.606,2.44,0.707,6,3,6.16,0,3,0,8.0,1,6.22,1
STU4753,Rohan Patel,Information Tech.,8,0.722,4.74,0.69,2,7,8.01,0,4,2,11.6,1,3.56,1
STU4754,Vivaan Yadav,Computer Science,1,0.637,1.55,0.777,8,5,4.6,0,2,1,9.2,1,6.16,1
STU4755,Ananya Singh,Electronics,3,0.817,3.76,0.781,0,6,4.12,0,2,0,9.9,1,5.6,1
STU4756,Aarav Nair,Electrical Eng.,4,0.544,2.34,0.413,7,7,1.56,1,2,0,26.5,0,4.68,1
STU4757,Riya Patel,Computer Science,6,0.851,6.04,0.994,5,11,5.71,0,2,0,5.3,0,4.73,0
STU4758,Ishita Yadav,Electrical Eng.,1,0.674,3.02,0.594,3,7,9.58,0,4,1,2.8,1,7.72,1
STU4759,Rohan Pandey,Electronics,6,0.71,5.46,0.534,1,8,6.05,0,4,0,7.3,1,4.72,1
STU4760,Vihaan Yadav,Computer Science,6,0.618,1.59,0.788,3,4,5.46,0,2,2,2.8,1,5.12,1
STU4761,Aarav Rao,Computer Science,3,0.411,2.25,0.297,3,3,6.14,0,3,4,8.3,1,6.48,2
STU4762,Riya Nair,Electrical Eng.,7,0.574,1.63,0.44,5,2,5.48,0,4,1,28.1,1,8.48,1
STU4763,Pooja Mehta,Computer Science,3,0.607,3.46,0.491,7,8,3.87,1,2,1,11.5,0,6.9,1
STU4764,Priya Joshi,Biotechnology,7,0.676,2.74,0.625,4,4,7.15,0,2,1,23.2,0,8.25,1
STU4765,Kavya Pandey,Information Tech.,5,0.413,2.17,0.465,4,3,5.95,1,5,1,2.2,0,10.0,1
STU4766,Pooja Gupta,Civil Eng.,1,0.779,3.9,0.436,5,7,5.54,0,3,2,27.7,0,7.45,1
STU4767,Aarav Singh,Computer Science,1,0.853,3.61,0.861,4,6,3.55,1,5,1,11.0,0,4.18,0
STU4768,Sneha Rao,Civil Eng.,7,0.765,4.48,0.633,4,7,8.11,0,2,0,0.5,0,6.42,1
STU4769,Ananya Verma,Civil Eng.,6,0.814,3.85,0.691,4,10,6.83,0,4,2,12.0,0,5.51,1
STU4770,Ananya Singh,Civil Eng.,1,0.759,5.51,0.855,6,7,4.39,0,2,2,36.3,0,6.07,0
STU4771,Pooja Rao,Biotechnology,7,0.59,4.43,0.553,2,8,7.5,1,2,0,1.0,1,6.51,1
STU4772,Ishita Joshi,Information Tech.,5,0.773,4.32,0.74,4,7,4.5,0,3,0,10.5,0,4.65,1
STU4773,Reyan Sharma,Mechanical Eng.,1,0.816,3.35,0.729,5,8,3.94,1,2,1,29.6,1,7.84,0
STU4774,Riya Joshi,Electronics,8,0.516,1.88,0.541,2,3,3.98,1,2,1,0.5,0,7.99,1
STU4775,Sai Reddy,Electrical Eng.,1,0.674,3.25,0.768,5,6,1.96,0,2,1,12.0,0,5.91,1
STU4776,Nikhil Yadav,Biotechnology,3,0.696,3.15,0.379,3,6,6.44,0,1,2,7.7,0,5.13,1
STU4777,Karan Yadav,Civil Eng.,1,1.0,2.44,1.0,6,3,1.84,0,4,1,5.1,0,5.77,0
STU4778,Pooja Sharma,Civil Eng.,4,0.758,3.28,0.837,7,3,3.04,1,3,2,11.9,1,4.81,1
STU4779,Rahul Reddy,Electrical Eng.,2,0.374,0.07,0.387,3,2,1.35,1,1,2,0.6,0,7.72,2
STU4780,Amit Rao,Mechanical Eng.,1,0.408,1.67,0.3,5,6,5.33,0,2,1,16.8,1,4.45,2
STU4781,Karan Reddy,Computer Science,3,0.874,4.65,0.671,5,7,5.2,0,1,1,0.5,0,7.74,0
STU4782,Rohan Joshi,Mechanical Eng.,7,1.0,2.66,1.0,4,5,4.85,0,3,2,4.4,1,7.6,0
STU4783,Amit Yadav,Mechanical Eng.,5,0.658,2.28,0.501,4,6,3.41,1,1,1,8.4,0,7.64,1
STU4784,Nikhil Gupta,Computer Science,5,0.685,3.15,0.768,7,6,3.16,1,4,0,5.7,1,6.3,1
STU4785,Vivaan Verma,Information Tech.,6,0.79,3.47,0.75,4,7,6.43,0,1,1,4.4,0,6.33,1
STU4786,Vivaan Kumar,Computer Science,6,0.657,3.82,0.796,7,11,4.4,1,2,2,21.3,0,10.0,0
STU4787,Priya Sharma,Information Tech.,2,0.446,3.78,0.369,4,6,6.13,1,4,1,32.8,0,5.26,1
STU4788,Vihaan Singh,Computer Science,8,0.859,3.36,0.612,2,6,3.73,1,4,0,24.8,1,7.41,1
STU4789,Aarav Kumar,Computer Science,3,0.643,2.92,0.579,4,6,5.86,0,1,3,8.9,1,6.79,1
STU4790,Ishita Sharma,Biotechnology,1,0.913,4.66,0.673,2,10,8.11,0,4,1,25.9,0,8.05,0
STU4791,Reyan Joshi,Biotechnology,5,0.722,5.33,0.917,4,8,6.67,0,3,1,30.4,1,7.61,0
STU4792,Rohan Gupta,Computer Science,5,0.723,2.72,0.714,4,6,4.68,0,4,2,6.3,1,4.45,1
STU4793,Suresh Sharma,Computer Science,4,0.899,4.9,0.887,8,8,6.01,0,3,1,4.0,1,4.39,0
STU4794,Ishita Sharma,Computer Science,7,0.866,3.44,0.857,8,6,5.02,0,3,4,1.2,1,4.21,1
STU4795,Nikhil Sharma,Electrical Eng.,2,0.809,4.54,0.659,5,7,5.52,0,5,0,7.8,1,5.85,0
STU4796,Rahul Mehta,Mechanical Eng.,4,0.766,3.61,0.677,7,5,4.85,0,2,2,35.1,1,6.9,1
STU4797,Aditya Mehta,Mechanical Eng.,8,0.815,3.51,0.744,4,11,5.17,0,3,1,9.9,0,5.31,0
STU4798,Pooja Rao,Information Tech.,7,0.824,4.2,0.936,2,5,5.92,0,3,2,13.2,0,4.19,1
STU4799,Karan Sharma,Information Tech.,7,0.625,4.51,0.447,5,5,3.51,0,1,2,1.4,0,7.71,1
STU4800,Sai Pandey,Biotechnology,5,0.58,3.32,0.449,5,6,3.47,1,1,1,1.9,1,3.27,1
STU4801,Reyan Joshi,Electrical Eng.,7,0.483,3.39,0.398,2,6,2.72,1,1,3,7.5,1,6.68,1
STU4802,Rohan Gupta,Mechanical Eng.,6,0.782,2.25,0.636,3,5,2.3,1,3,3,36.3,0,4.34,1
STU4803,Karan Sharma,Electrical Eng.,1,0.745,4.8,0.524,6,6,3.07,1,3,0,5.4,0,8.11,0
STU4804,Ananya Joshi,Information Tech.,1,0.879,4.51,0.521,1,6,5.82,0,3,0,25.2,0,5.8,1
STU4805,Amit Patel,Computer Science,8,0.777,3.21,0.516,6,5,3.71,0,1,2,1.5,1,2.95,1
STU4806,Sneha Mishra,Information Tech.,4,0.632,3.81,0.679,4,8,6.53,0,3,3,11.5,1,6.89,1
STU4807,Ananya Gupta,Mechanical Eng.,8,0.779,4.84,0.701,6,6,5.57,0,5,1,11.0,0,5.16,1
STU4808,Reyan Gupta,Mechanical Eng.,1,0.615,1.74,0.637,6,4,1.56,1,2,0,23.6,0,6.93,1
STU4809,Priya Nair,Mechanical Eng.,2,0.603,1.9,0.484,2,4,6.81,0,3,2,0.5,0,7.64,1
STU4810,Aarav Sharma,Information Tech.,4,0.879,4.22,0.781,2,5,7.12,0,4,0,2.5,1,6.0,0
STU4811,Sneha Patel,Computer Science,8,1.0,4.48,1.0,8,5,3.51,0,4,1,3.0,0,4.25,0
STU4812,Vivaan Joshi,Mechanical Eng.,8,0.966,5.81,1.0,5,10,6.34,0,3,0,35.9,1,4.93,0
STU4813,Sai Gupta,Electronics,3,0.717,3.01,0.74,5,5,3.79,0,4,1,2.0,0,5.08,1
STU4814,Nikhil Reddy,Biotechnology,1,0.902,3.76,0.832,7,8,5.7,1,2,3,0.5,0,9.16,0
STU4815,Rahul Joshi,Computer Science,7,0.946,3.51,0.903,3,6,2.97,0,4,1,9.2,0,5.63,1
STU4816,Pooja Joshi,Electrical Eng.,1,0.523,2.26,0.508,6,3,1.91,0,2,0,9.0,0,7.28,2
STU4817,Vivaan Reddy,Information Tech.,6,0.909,4.04,0.801,6,8,4.73,0,2,1,22.3,1,3.75,0
STU4818,Rahul Reddy,Information Tech.,7,0.831,3.47,0.708,8,5,5.25,0,1,1,35.7,0,3.12,1
STU4819,Riya Joshi,Biotechnology,8,0.928,4.63,0.947,8,7,4.7,0,4,2,9.3,1,4.71,0
STU4820,Kavya Sharma,Information Tech.,3,0.85,3.81,0.635,5,8,3.13,1,3,1,31.9,0,7.12,0
STU4821,Pooja Verma,Mechanical Eng.,7,0.748,4.38,0.822,6,5,4.7,0,2,2,15.5,1,5.89,1
STU4822,Suresh Verma,Computer Science,2,0.987,3.57,0.86,5,6,6.04,0,2,3,3.7,0,8.41,0
STU4823,Aditya Joshi,Information Tech.,4,0.878,5.93,0.659,5,7,5.41,0,5,0,31.6,1,8.9,0
STU4824,Sneha Mishra,Electronics,4,0.721,4.34,0.595,2,5,5.87,0,4,4,13.2,0,5.04,1
STU4825,Sneha Verma,Mechanical Eng.,6,0.803,3.54,0.635,4,6,4.16,0,3,0,6.4,0,7.75,1
STU4826,Nikhil Mehta,Electronics,8,0.854,3.44,0.711,1,5,7.84,1,3,2,13.7,1,9.85,0
STU4827,Ananya Rao,Mechanical Eng.,2,0.724,2.83,0.593,4,5,3.15,1,3,0,6.2,0,7.8,1
STU4828,Ishita Singh,Civil Eng.,6,0.81,4.08,0.666,7,8,6.48,0,2,0,1.5,1,4.07,0
STU4829,Karan Pandey,Mechanical Eng.,4,0.747,3.41,0.642,6,5,7.86,0,5,2,15.2,0,4.02,1
STU4830,Reyan Mehta,Civil Eng.,1,0.664,3.59,0.591,5,4,6.46,0,1,0,20.9,1,6.13,1
STU4831,Karan Mehta,Biotechnology,7,0.635,3.33,0.647,4,7,5.09,0,3,0,15.7,0,5.79,1
STU4832,Pooja Kumar,Electronics,2,0.568,3.4,0.486,3,5,4.44,0,2,1,3.1,1,7.85,1
STU4833,Rohan Kumar,Civil Eng.,1,0.868,2.16,0.814,3,7,7.57,0,3,2,37.7,0,5.53,1
STU4834,Aarav Verma,Mechanical Eng.,7,0.679,2.63,0.611,6,5,2.65,0,3,0,0.5,1,6.54,1
STU4835,Karan Patel,Computer Science,8,0.293,2.62,0.318,1,5,3.56,1,3,1,4.9,0,4.12,2
STU4836,Amit Gupta,Electronics,1,0.783,3.39,0.709,1,3,4.7,0,1,2,3.6,1,7.03,1
STU4837,Riya Gupta,Civil Eng.,6,0.87,5.63,0.719,7,7,7.98,0,3,1,0.6,1,6.57,0
STU4838,Karan Kumar,Computer Science,1,0.63,6.34,0.475,5,6,6.26,0,2,0,6.2,1,7.52,1
STU4839,Arjun Mehta,Biotechnology,3,0.655,3.88,0.611,4,7,3.56,0,2,1,11.7,1,5.41,1
STU4840,Vihaan Yadav,Electrical Eng.,2,0.574,1.98,0.644,5,4,4.88,0,1,2,25.7,1,2.49,1
STU4841,Nikhil Joshi,Civil Eng.,6,0.626,2.87,0.54,8,6,4.27,1,4,1,54.9,1,7.2,1
STU4842,Aarav Verma,Mechanical Eng.,1,0.903,3.94,0.743,5,8,4.08,0,3,2,19.8,0,8.33,0
STU4843,Sneha Gupta,Information Tech.,8,0.775,4.82,0.672,5,9,7.46,0,3,0,7.6,0,5.73,1
STU4844,Rohan Rao,Information Tech.,7,0.709,4.01,0.582,9,6,2.76,1,4,2,15.4,0,7.28,1
STU4845,Nikhil Joshi,Electronics,2,0.915,4.5,0.756,5,8,8.72,1,3,0,22.3,1,6.51,0
STU4846,Nikhil Gupta,Computer Science,5,0.808,3.71,0.583,8,7,7.16,0,3,1,7.5,1,4.72,0
STU4847,Ishita Sharma,Computer Science,8,0.647,6.41,0.558,0,8,7.68,1,2,0,18.4,1,6.2,0
STU4848,Priya Reddy,Electrical Eng.,7,0.664,3.44,0.621,2,5,4.57,1,2,2,7.9,0,6.04,1
STU4849,Riya Verma,Computer Science,6,0.732,2.34,0.551,3,7,5.2,0,3,2,5.9,0,4.18,2
STU4850,Vivaan Rao,Mechanical Eng.,6,0.67,4.56,0.515,6,5,2.63,1,3,3,9.0,0,8.22,1
STU4851,Reyan Singh,Computer Science,1,0.905,1.54,0.72,8,5,4.45,0,4,3,13.5,1,3.58,1
STU4852,Arjun Kumar,Mechanical Eng.,4,0.614,0.0,0.414,3,3,6.49,0,4,5,15.6,0,5.97,2
STU4853,Karan Nair,Biotechnology,5,0.724,5.35,0.556,6,7,8.09,0,2,0,5.3,1,5.77,1
STU4854,Aarav Kumar,Electronics,8,0.628,4.08,0.546,9,6,3.29,1,1,1,10.2,0,8.42,1
STU4855,Priya Rao,Computer Science,4,0.868,3.93,0.647,8,6,4.77,0,3,1,28.9,1,3.72,1
STU4856,Sneha Mishra,Civil Eng.,7,0.602,2.0,0.528,3,5,5.2,0,2,2,44.9,1,8.04,1
STU4857,Arjun Verma,Computer Science,5,0.755,2.74,0.609,6,6,2.71,1,1,1,3.1,0,6.17,1
STU4858,Vivaan Joshi,Biotechnology,6,0.609,3.67,0.455,5,6,6.68,0,4,0,2.6,0,4.76,1
STU4859,Vivaan Sharma,Electrical Eng.,6,0.711,2.57,0.678,3,5,4.05,0,2,2,13.5,1,5.58,1
STU4860,Arjun Mehta,Electrical Eng.,3,0.733,5.23,0.595,5,9,5.11,0,5,3,6.4,1,6.2,1
STU4861,Nikhil Verma,Mechanical Eng.,8,0.647,2.12,0.535,3,5,4.6,0,4,2,0.5,1,7.43,2
STU4862,Ananya Mishra,Electrical Eng.,3,0.647,3.56,0.712,5,9,3.92,0,4,1,5.1,1,5.02,1
STU4863,Priya Verma,Electrical Eng.,7,0.926,5.08,0.742,2,10,5.49,0,2,2,19.7,1,7.78,0
STU4864,Amit Kumar,Civil Eng.,5,0.7,3.98,0.787,1,7,5.07,1,2,1,19.2,1,6.61,1
STU4865,Reyan Joshi,Computer Science,8,0.779,4.92,0.667,4,9,4.76,0,3,2,8.2,1,7.24,1
STU4866,Vivaan Nair,Mechanical Eng.,6,0.744,3.89,0.556,5,7,4.04,0,2,2,7.7,1,4.63,1
STU4867,Pooja Reddy,Mechanical Eng.,5,0.968,4.36,0.816,3,7,6.14,0,2,1,10.4,0,6.41,0
STU4868,Rahul Pandey,Computer Science,2,0.91,5.08,0.826,6,7,8.81,0,2,1,3.0,0,7.84,0
STU4869,Reyan Gupta,Mechanical Eng.,3,0.874,4.47,0.912,5,8,5.78,1,2,2,9.0,1,6.88,0
STU4870,Pooja Joshi,Mechanical Eng.,8,0.562,3.79,0.586,5,3,7.49,0,2,2,0.5,0,7.18,1
STU4871,Aarav Nair,Information Tech.,6,0.571,1.25,0.521,6,5,2.72,0,4,1,7.7,1,9.58,1
STU4872,Pooja Patel,Electronics,2,0.938,4.89,0.97,8,8,5.82,0,2,1,4.9,1,7.78,0
STU4873,Rohan Gupta,Biotechnology,7,0.635,4.39,0.383,5,7,3.31,1,1,0,13.5,0,7.3,1
STU4874,Sai Mehta,Mechanical Eng.,4,0.733,3.07,0.684,4,5,2.55,1,3,2,12.2,0,6.21,1
STU4875,Suresh Kumar,Information Tech.,3,0.574,2.55,0.548,5,6,4.02,0,5,2,5.8,0,7.17,2
STU4876,Arjun Kumar,Information Tech.,2,0.584,2.5,0.558,9,8,7.88,0,2,1,0.5,1,7.72,1
STU4877,Nikhil Mehta,Electrical Eng.,1,0.975,4.32,0.716,7,8,7.4,0,1,2,3.5,0,10.0,0
STU4878,Ananya Sharma,Civil Eng.,8,0.773,2.18,0.594,5,7,5.99,0,3,1,12.0,1,6.69,1
STU4879,Sai Sharma,Civil Eng.,8,0.756,0.94,0.664,4,4,2.43,1,5,1,0.9,0,7.23,1
STU4880,Sneha Gupta,Mechanical Eng.,4,0.834,3.51,0.862,3,5,5.11,0,4,0,1.4,1,10.0,0
STU4881,Pooja Singh,Mechanical Eng.,7,0.7,2.91,0.821,2,6,6.1,0,3,1,12.5,1,8.01,1
STU4882,Pooja Rao,Computer Science,3,0.684,4.17,0.549,8,8,5.85,0,2,0,16.9,0,6.24,1
STU4883,Priya Reddy,Information Tech.,1,0.646,2.35,0.45,5,4,1.81,1,3,1,4.7,0,4.22,1
STU4884,Suresh Patel,Electrical Eng.,5,0.672,2.39,0.687,2,4,3.72,1,1,1,8.1,0,5.22,1
STU4885,Sneha Reddy,Mechanical Eng.,1,0.876,1.57,1.0,5,3,5.37,0,3,0,35.0,1,7.32,0
STU4886,Ananya Mehta,Electrical Eng.,5,0.558,2.95,0.613,7,6,6.57,1,4,1,34.9,0,10.0,0
STU4887,Vivaan Pandey,Computer Science,8,0.588,1.35,0.454,3,3,1.11,0,5,2,4.4,0,6.42,2
STU4888,Priya Nair,Computer Science,7,0.574,2.08,0.802,3,5,5.18,0,2,2,19.9,1,5.86,1
STU4889,Pooja Pandey,Electronics,8,0.86,3.34,0.843,5,7,5.79,0,1,1,10.8,1,6.19,0
STU4890,Sai Yadav,Information Tech.,5,0.934,2.78,0.761,6,7,7.2,0,3,3,44.5,1,6.89,0
STU4891,Ananya Gupta,Mechanical Eng.,5,0.792,3.87,0.906,4,7,6.89,0,4,0,7.8,1,4.65,0
STU4892,Kavya Joshi,Electrical Eng.,5,0.818,4.29,0.65,3,6,6.67,0,4,1,17.9,0,6.18,0
STU4893,Sneha Mishra,Mechanical Eng.,4,0.698,2.18,0.566,5,8,3.9,0,2,3,17.5,0,5.27,1
STU4894,Sneha Verma,Electrical Eng.,8,0.773,3.02,0.768,2,5,1.68,0,2,0,8.3,1,10.0,1
STU4895,Pooja Sharma,Electrical Eng.,6,0.764,1.78,0.685,3,4,4.71,0,3,2,19.1,1,8.08,1
STU4896,Rahul Joshi,Mechanical Eng.,7,0.768,2.92,0.695,4,6,7.5,0,2,2,3.6,0,5.32,1
STU4897,Ananya Kumar,Civil Eng.,7,0.834,4.35,0.754,6,12,8.29,0,4,0,1.6,1,4.66,0
STU4898,Aditya Singh,Mechanical Eng.,5,0.889,4.9,0.912,4,8,6.92,0,3,0,6.6,1,4.73,0
STU4899,Amit Reddy,Biotechnology,7,0.585,4.95,0.294,5,7,6.36,0,4,2,34.5,0,9.45,1
STU4900,Amit Yadav,Mechanical Eng.,5,0.833,5.81,0.778,7,7,6.26,0,3,1,8.3,0,4.45,1
STU4901,Reyan Gupta,Computer Science,7,0.751,2.86,0.647,3,3,4.39,0,4,1,12.1,1,9.21,1
STU4902,Riya Kumar,Biotechnology,5,0.787,3.42,0.633,11,6,5.24,1,2,2,11.7,0,7.0,1
STU4903,Vihaan Mishra,Mechanical Eng.,3,0.716,3.41,0.569,7,7,8.84,0,4,2,1.7,0,7.21,1
STU4904,Kavya Reddy,Electrical Eng.,6,0.682,1.58,0.351,5,2,3.61,1,2,1,5.9,0,4.02,1
STU4905,Vihaan Mehta,Mechanical Eng.,2,0.709,4.89,0.559,4,8,8.73,0,3,1,14.7,0,9.89,0
STU4906,Riya Sharma,Computer Science,1,0.488,2.53,0.568,3,3,4.86,0,2,2,42.9,1,7.44,1
STU4907,Arjun Sharma,Biotechnology,8,0.955,5.92,0.943,8,8,8.15,1,3,0,2.2,1,9.07,0
STU4908,Karan Rao,Mechanical Eng.,1,0.506,1.05,0.436,4,4,2.69,0,2,2,6.3,0,5.32,2
STU4909,Vivaan Reddy,Civil Eng.,7,0.764,4.59,0.547,2,6,6.67,0,2,0,1.2,1,8.2,1
STU4910,Amit Singh,Information Tech.,2,0.59,2.0,0.613,1,6,4.03,0,5,1,3.3,0,8.87,1
STU4911,Rohan Mehta,Electrical Eng.,4,0.863,1.82,0.908,5,3,2.67,0,2,1,5.7,0,6.87,1
STU4912,Aditya Kumar,Electronics,5,0.768,4.43,0.794,5,9,5.94,0,4,3,9.3,1,4.88,1
STU4913,Vivaan Sharma,Electronics,7,0.701,3.44,0.534,3,10,7.52,0,5,2,3.1,1,8.19,1
STU4914,Ishita Joshi,Mechanical Eng.,6,0.791,2.52,0.625,2,4,3.81,1,1,2,3.1,0,7.5,1
STU4915,Kavya Kumar,Civil Eng.,6,0.93,1.78,1.0,1,8,2.5,1,3,2,18.1,0,8.77,0
STU4916,Riya Sharma,Computer Science,3,0.878,5.74,0.669,3,9,5.32,0,2,0,39.4,1,7.65,0
STU4917,Arjun Patel,Computer Science,7,0.669,2.86,0.65,4,4,5.33,0,1,2,4.7,0,8.58,1
STU4918,Sneha Gupta,Biotechnology,7,0.845,4.04,0.583,6,6,6.6,0,3,1,14.0,1,8.09,0
STU4919,Sneha Gupta,Computer Science,1,0.57,3.98,0.483,4,6,7.4,0,5,1,3.6,0,4.78,1
STU4920,Ananya Kumar,Electrical Eng.,2,0.761,3.88,0.743,7,9,5.38,0,1,2,31.6,1,8.11,1
STU4921,Aarav Nair,Computer Science,5,1.0,4.03,0.897,6,9,9.21,0,3,0,13.4,1,7.98,0
STU4922,Sneha Gupta,Biotechnology,7,0.761,3.54,0.737,6,8,5.95,1,3,1,19.5,1,10.0,0
STU4923,Ananya Singh,Computer Science,1,0.77,3.91,0.57,6,5,4.81,0,4,1,0.6,1,3.85,1
STU4924,Vihaan Pandey,Electronics,7,0.668,1.65,0.52,2,4,2.28,1,1,1,11.0,1,3.65,1
STU4925,Vivaan Verma,Electronics,1,0.745,4.8,0.718,3,5,4.97,0,3,1,9.0,1,7.8,1
STU4926,Aditya Verma,Computer Science,1,0.833,4.87,0.819,9,9,4.83,1,3,1,4.2,1,9.17,0
STU4927,Pooja Pandey,Electronics,8,0.891,4.95,0.824,1,7,7.42,0,3,2,3.7,0,7.01,0
STU4928,Vivaan Nair,Biotechnology,7,0.721,4.01,0.743,4,8,6.42,1,5,0,10.4,0,6.72,0
STU4929,Ananya Mishra,Electrical Eng.,5,0.301,0.0,0.105,5,1,3.14,1,4,1,14.7,0,6.32,2
STU4930,Amit Pandey,Mechanical Eng.,7,0.826,4.26,0.697,1,4,5.84,0,1,4,0.5,1,5.88,1
STU4931,Vivaan Sharma,Electrical Eng.,4,0.999,3.58,1.0,3,8,6.84,0,3,2,10.1,1,8.83,0
STU4932,Sai Gupta,Computer Science,2,0.726,4.27,0.781,8,9,8.56,0,2,2,2.2,1,6.7,1
STU4933,Rahul Rao,Biotechnology,6,0.5,1.91,0.513,4,4,7.28,0,2,1,1.8,1,8.44,1
STU4934,Kavya Patel,Mechanical Eng.,6,0.869,4.7,0.767,4,4,7.02,0,3,0,11.7,0,4.72,0
STU4935,Nikhil Joshi,Electrical Eng.,6,0.887,1.95,0.902,5,5,5.62,0,2,3,4.5,0,9.78,1
STU4936,Priya Reddy,Electrical Eng.,2,0.825,4.03,0.785,3,6,6.28,0,3,0,7.0,0,3.07,1
STU4937,Vivaan Kumar,Computer Science,1,1.0,5.49,0.748,8,9,8.0,0,5,3,5.4,1,5.49,0
STU4938,Priya Mehta,Computer Science,6,0.787,2.29,0.808,3,4,2.83,0,1,0,12.5,1,9.91,1
STU4939,Suresh Nair,Civil Eng.,6,0.881,4.9,0.706,4,7,4.8,0,5,0,7.6,0,6.62,1
STU4940,Priya Reddy,Electrical Eng.,4,0.629,2.29,0.642,1,5,3.95,1,3,1,39.7,0,5.0,1
STU4941,Reyan Verma,Biotechnology,4,0.818,4.6,0.575,4,6,6.26,0,3,1,5.2,0,4.58,1
STU4942,Vivaan Reddy,Mechanical Eng.,5,0.709,2.82,0.798,4,5,7.96,0,4,2,16.2,1,6.6,1
STU4943,Amit Singh,Mechanical Eng.,2,0.774,4.53,0.669,7,8,4.31,0,2,3,3.6,1,6.81,1
STU4944,Aditya Pandey,Biotechnology,6,0.704,3.35,0.522,2,9,1.0,0,3,1,8.5,1,6.18,1
STU4945,Amit Joshi,Computer Science,8,0.786,3.96,0.638,6,7,4.68,0,3,0,9.7,0,6.98,1
STU4946,Ananya Patel,Civil Eng.,8,0.593,3.73,0.5,4,8,7.33,1,2,1,4.8,0,3.98,1
STU4947,Reyan Verma,Computer Science,1,0.789,2.29,0.71,1,3,6.58,0,5,2,7.7,1,7.22,1
STU4948,Nikhil Singh,Biotechnology,1,0.632,3.44,0.701,3,9,6.36,0,4,1,3.9,1,7.52,1
STU4949,Rahul Reddy,Mechanical Eng.,4,0.763,4.81,0.693,3,7,4.94,0,1,0,0.5,0,7.11,1
STU4950,Pooja Pandey,Information Tech.,7,0.761,3.04,0.468,8,5,2.94,0,1,1,2.9,0,5.94,1
STU4951,Rohan Patel,Information Tech.,8,0.573,2.1,0.392,5,5,6.53,1,3,2,14.5,1,4.75,1
STU4952,Karan Patel,Information Tech.,7,0.436,1.8,0.668,4,3,3.83,0,1,2,17.7,0,4.49,2
STU4953,Ishita Rao,Electrical Eng.,3,0.813,6.46,0.745,0,11,9.87,0,3,1,3.9,0,10.0,0
STU4954,Priya Kumar,Biotechnology,5,0.611,4.58,0.645,0,7,6.64,0,1,0,6.3,1,5.6,1
STU4955,Sai Kumar,Civil Eng.,4,0.758,1.82,0.652,6,5,4.34,0,3,3,0.5,0,5.0,1
STU4956,Kavya Kumar,Electronics,7,0.508,1.16,0.357,6,5,4.28,0,1,1,3.2,0,5.75,2
STU4957,Rahul Singh,Mechanical Eng.,5,0.892,2.84,0.755,3,6,5.31,0,2,1,18.1,0,4.4,1
STU4958,Karan Kumar,Electrical Eng.,4,0.651,1.28,0.598,4,5,5.02,1,3,2,11.2,1,7.65,1
STU4959,Arjun Yadav,Civil Eng.,4,0.772,4.13,0.649,4,11,7.73,0,3,2,2.8,1,5.04,1
STU4960,Pooja Verma,Computer Science,6,0.63,6.7,0.759,5,11,5.87,0,5,0,3.6,0,8.71,1
STU4961,Kavya Nair,Biotechnology,4,0.669,1.29,0.541,4,4,4.04,0,4,3,20.4,0,3.79,2
STU4962,Priya Joshi,Computer Science,3,0.773,4.56,0.59,6,8,9.28,0,2,2,2.8,1,7.28,1
STU4963,Riya Pandey,Electronics,2,0.654,5.25,0.67,7,10,5.6,1,1,0,4.9,1,7.3,0
STU4964,Nikhil Joshi,Computer Science,8,0.811,5.01,0.823,3,12,7.04,0,4,1,13.1,1,8.53,0
STU4965,Aarav Kumar,Computer Science,1,0.677,3.11,0.612,2,5,4.28,0,5,2,9.9,1,5.88,1
STU4966,Arjun Kumar,Civil Eng.,8,0.722,3.69,0.589,3,5,6.23,0,4,2,7.4,0,5.6,1
STU4967,Kavya Rao,Electrical Eng.,5,0.701,2.45,0.441,4,7,6.12,0,1,3,27.6,1,9.39,2
STU4968,Sneha Verma,Computer Science,4,0.631,2.2,0.69,5,3,1.72,1,5,2,3.0,0,5.84,1
STU4969,Priya Kumar,Mechanical Eng.,1,0.836,5.15,0.839,6,9,9.53,0,2,1,16.2,1,7.55,0
STU4970,Reyan Pandey,Mechanical Eng.,4,0.82,5.75,0.694,7,9,8.08,0,4,1,2.1,1,4.15,1
STU4971,Reyan Reddy,Information Tech.,2,0.763,2.67,0.693,5,5,4.71,0,5,2,11.5,1,6.76,1
STU4972,Pooja Verma,Electronics,2,0.647,2.76,0.56,5,5,3.3,0,2,2,24.5,0,5.98,1
STU4973,Karan Patel,Electronics,2,0.581,2.72,0.686,7,3,6.2,0,5,1,7.3,0,4.42,1
STU4974,Karan Mishra,Biotechnology,4,0.674,3.97,0.503,4,5,5.67,0,2,3,15.5,1,5.3,1
STU4975,Karan Rao,Electronics,7,0.965,4.8,0.807,6,9,6.21,0,5,1,20.6,0,7.03,0
STU4976,Rohan Verma,Computer Science,1,0.896,4.52,0.734,5,4,5.88,0,2,1,1.8,1,7.61,0
STU4977,Kavya Sharma,Biotechnology,2,0.848,2.55,0.794,4,5,6.51,0,5,1,14.7,1,5.12,0
STU4978,Sai Verma,Computer Science,7,0.942,4.69,0.853,5,7,8.39,1,1,2,30.3,1,5.7,0
STU4979,Priya Mishra,Computer Science,6,0.671,3.18,0.624,7,3,6.64,0,4,1,10.3,1,7.2,1
STU4980,Aditya Verma,Mechanical Eng.,5,0.805,4.23,0.636,4,10,3.4,0,3,2,2.5,0,4.51,1
STU4981,Ishita Joshi,Computer Science,3,0.78,4.27,0.851,4,6,8.23,0,3,0,1.6,1,7.11,0
STU4982,Ishita Mishra,Computer Science,3,0.792,2.81,0.667,3,6,8.78,0,2,2,3.6,0,10.0,1
STU4983,Priya Pandey,Electrical Eng.,3,0.755,4.74,0.798,5,7,10.0,0,4,1,1.3,1,7.92,0
STU4984,Sai Kumar,Electronics,3,0.752,3.53,0.991,3,5,3.25,1,2,2,8.6,1,7.82,0
STU4985,Ananya Nair,Electrical Eng.,3,0.772,4.09,0.608,5,7,5.99,0,3,1,0.9,0,4.55,1
STU4986,Vivaan Kumar,Mechanical Eng.,3,0.735,1.79,0.696,5,4,1.34,0,2,0,3.0,0,4.02,1
STU4987,Vivaan Reddy,Information Tech.,4,0.81,3.28,0.716,4,6,6.61,0,5,1,7.0,1,5.56,1
STU4988,Kavya Nair,Mechanical Eng.,1,0.697,2.14,0.83,2,3,4.4,1,1,4,7.7,1,4.33,1
STU4989,Sai Mehta,Information Tech.,5,0.788,4.33,0.681,3,6,9.35,0,2,2,10.0,0,4.62,1
STU4990,Vihaan Singh,Computer Science,7,0.713,2.16,0.667,3,6,3.95,1,2,1,14.7,0,6.53,1
STU4991,Riya Pandey,Mechanical Eng.,1,0.95,3.8,0.877,3,7,2.12,1,3,3,0.6,0,6.33,1
STU4992,Aarav Rao,Information Tech.,5,0.484,2.29,0.425,5,5,4.56,0,2,2,1.0,1,4.67,1
STU4993,Kavya Rao,Computer Science,2,0.588,2.61,0.605,8,4,1.55,0,3,1,0.8,0,4.12,1
STU4994,Priya Pandey,Biotechnology,6,0.847,4.17,0.772,4,9,7.0,0,4,1,6.6,0,7.24,0
STU4995,Vivaan Mishra,Mechanical Eng.,8,0.774,3.55,0.745,4,6,1.37,1,4,1,0.5,1,5.45,0
STU4996,Sai Reddy,Biotechnology,6,0.831,4.97,0.769,3,5,5.56,0,3,0,16.4,0,8.53,0
STU4997,Pooja Kumar,Electronics,7,0.81,3.24,0.668,6,6,1.34,1,1,2,3.0,0,7.44,1
STU4998,Vivaan Singh,Biotechnology,6,0.781,3.88,0.676,5,6,4.86,0,3,0,33.6,0,5.25,1
STU4999,Suresh Patel,Computer Science,5,0.668,3.38,0.657,4,7,8.79,0,2,1,8.0,0,7.51,1
STU5000,Reyan Mishra,Electronics,4,0.779,2.58,0.756,2,7,6.22,0,4,2,7.1,0,5.06,1
STU5001,Vihaan Rao,Information Tech.,8,0.687,2.12,0.743,2,6,3.77,1,2,3,18.2,0,8.84,1
STU5002,Rahul Nair,Biotechnology,2,0.728,4.53,0.841,5,7,5.44,0,3,0,15.0,1,7.11,1
STU5003,Riya Reddy,Computer Science,7,0.833,3.75,0.697,5,6,5.54,0,2,1,11.2,1,8.45,1
STU5004,Priya Nair,Computer Science,3,0.877,4.98,0.803,5,8,6.45,1,4,1,32.8,1,6.28,0
STU5005,Amit Patel,Electronics,4,0.787,4.03,0.689,6,8,2.77,0,1,2,6.6,0,7.67,1
STU5006,Sai Joshi,Computer Science,4,0.931,3.13,0.728,2,4,6.69,0,3,3,19.8,0,8.35,0
STU5007,Rohan Mehta,Computer Science,1,0.853,2.34,0.824,5,5,1.0,1,1,0,5.7,0,7.6,0
STU5008,Sai Pandey,Electrical Eng.,8,0.85,3.26,0.843,5,9,4.24,0,4,2,21.9,0,3.85,1
STU5009,Ananya Mishra,Electrical Eng.,1,1.0,2.96,0.792,3,5,4.52,1,5,0,3.6,0,6.49,0
STU5010,Rohan Mehta,Civil Eng.,2,0.718,3.39,0.609,3,6,6.77,0,3,2,4.1,1,9.01,1
STU5011,Reyan Reddy,Computer Science,4,0.748,5.09,0.626,6,12,5.55,0,3,0,13.6,1,4.98,0
STU5012,Nikhil Kumar,Electrical Eng.,6,0.818,2.87,0.585,2,5,2.69,1,5,3,2.9,0,6.75,1
STU5013,Aarav Yadav,Mechanical Eng.,2,0.693,3.07,0.62,9,3,3.53,1,3,0,3.1,0,7.09,1
STU5014,Ananya Pandey,Electronics,3,0.714,2.81,0.528,6,5,5.9,0,3,2,4.4,1,8.03,1
STU5015,Sneha Singh,Mechanical Eng.,6,0.658,4.41,0.608,4,10,5.34,0,3,1,13.6,0,7.2,1
STU5016,Karan Joshi,Mechanical Eng.,6,0.757,2.1,0.708,4,6,4.34,0,3,2,26.4,1,7.41,1
STU5017,Amit Nair,Civil Eng.,1,0.58,3.91,0.561,6,5,4.54,0,1,1,13.5,1,7.14,1
STU5018,Amit Gupta,Civil Eng.,4,0.774,4.65,0.741,4,8,6.89,0,4,0,21.1,1,9.2,0
STU5019,Vivaan Nair,Computer Science,3,0.712,2.84,0.794,4,5,4.46,1,3,1,9.4,1,5.05,1
STU5020,Rahul Patel,Civil Eng.,4,0.707,3.98,0.555,7,8,5.32,1,1,0,0.9,0,7.21,1
STU5021,Sai Reddy,Civil Eng.,3,0.596,5.17,0.461,3,7,9.84,0,4,0,1.3,1,10.0,1
STU5022,Riya Gupta,Electrical Eng.,8,0.498,2.75,0.514,4,6,2.65,0,2,1,9.7,0,4.39,2
STU5023,Aditya Joshi,Information Tech.,5,0.613,2.55,0.538,3,8,1.8,1,1,1,4.8,1,4.29,1
STU5024,Reyan Singh,Computer Science,3,0.832,4.19,0.862,5,3,7.07,0,3,2,3.0,1,8.06,0
STU5025,Karan Mehta,Biotechnology,5,0.771,3.4,0.75,6,7,4.14,1,4,2,7.5,1,8.73,1
STU5026,Rahul Rao,Mechanical Eng.,1,0.739,3.53,0.857,8,8,4.86,0,4,0,13.2,1,6.22,1
STU5027,Kavya Singh,Civil Eng.,5,0.568,1.86,0.502,2,2,3.94,1,5,1,5.8,0,6.35,2
STU5028,Sai Joshi,Computer Science,2,0.773,3.31,0.548,2,5,4.98,1,4,2,19.5,1,7.15,0
STU5029,Karan Nair,Electronics,8,0.581,4.93,0.557,4,7,8.7,0,1,1,16.1,0,6.73,1
STU5030,Ishita Rao,Electrical Eng.,6,0.482,4.25,0.427,3,6,7.1,0,2,0,15.9,0,10.0,1
STU5031,Ishita Mishra,Biotechnology,3,0.783,5.31,0.758,5,7,7.22,1,4,1,50.5,1,5.5,0
STU5032,Aditya Nair,Electrical Eng.,1,0.676,3.54,0.675,5,6,2.67,1,2,1,4.2,0,5.96,1
STU5033,Amit Mehta,Electronics,6,0.798,1.91,0.665,9,6,3.2,1,3,0,12.4,1,6.15,0
STU5034,Nikhil Sharma,Computer Science,4,0.703,2.1,0.532,4,7,1.0,1,3,2,23.2,0,1.36,2
STU5035,Ananya Pandey,Computer Science,3,0.91,2.79,0.804,0,7,3.88,1,2,1,10.4,0,4.65,0
STU5036,Sneha Mishra,Biotechnology,3,0.703,4.22,0.395,4,9,7.41,0,5,3,18.7,1,4.79,1
STU5037,Suresh Verma,Mechanical Eng.,5,0.817,3.96,0.743,5,9,6.53,0,3,2,6.4,1,8.26,0
STU5038,Sneha Pandey,Information Tech.,5,0.74,4.25,0.625,3,10,5.06,0,3,2,10.7,0,3.47,1
STU5039,Arjun Yadav,Computer Science,3,0.92,3.85,0.914,5,7,5.46,0,5,1,0.7,0,8.33,0
STU5040,Suresh Yadav,Civil Eng.,7,0.764,4.71,0.489,5,10,4.12,0,3,0,51.0,0,4.11,1
STU5041,Karan Joshi,Electrical Eng.,3,0.865,4.06,0.779,5,8,5.91,0,2,1,19.3,0,8.5,0
STU5042,Sneha Kumar,Biotechnology,2,0.595,3.11,0.693,6,5,7.03,1,3,1,24.4,0,4.6,1
STU5043,Pooja Pandey,Electrical Eng.,8,0.635,2.12,0.639,4,4,2.27,0,4,3,14.2,0,6.44,2
STU5044,Suresh Singh,Computer Science,4,0.772,4.55,0.793,6,9,6.1,0,4,0,2.5,0,8.51,0
STU5045,Vivaan Patel,Electrical Eng.,2,0.843,2.27,0.792,1,7,7.36,0,4,2,0.5,1,8.24,1
STU5046,Amit Kumar,Information Tech.,7,0.408,1.79,0.201,2,5,4.67,0,4,2,24.0,1,4.2,2
STU5047,Nikhil Mehta,Computer Science,7,0.723,4.08,0.668,4,6,6.9,0,2,2,6.1,1,9.1,1
STU5048,Aarav Kumar,Computer Science,7,0.802,6.14,0.762,3,9,10.0,0,4,1,3.7,1,8.98,0
STU5049,Vivaan Rao,Information Tech.,2,0.557,5.16,0.393,4,5,5.29,0,4,1,9.9,1,2.34,1
STU5050,Ananya Joshi,Information Tech.,4,0.689,3.63,0.608,4,7,6.29,0,2,3,6.6,1,7.09,1
STU5051,Vivaan Reddy,Computer Science,1,0.594,4.48,0.245,3,8,4.02,1,1,0,12.7,0,10.0,1
STU5052,Ishita Reddy,Civil Eng.,4,0.474,3.85,0.393,6,5,5.86,0,5,0,7.9,1,8.77,1
STU5053,Priya Joshi,Computer Science,1,0.652,2.09,0.543,4,5,6.42,1,4,1,14.3,1,6.03,1
STU5054,Karan Patel,Electronics,3,0.715,3.76,0.783,2,7,5.89,0,4,1,23.0,1,7.75,1
STU5055,Nikhil Gupta,Mechanical Eng.,6,0.662,2.3,0.536,3,3,3.46,1,4,1,2.6,0,5.33,1
STU5056,Priya Reddy,Mechanical Eng.,2,0.825,4.88,0.716,6,7,5.91,0,3,0,4.8,0,8.6,0
STU5057,Rohan Pandey,Civil Eng.,3,0.674,4.5,0.599,5,10,8.42,0,3,0,6.9,0,6.06,0
STU5058,Sneha Reddy,Information Tech.,8,0.91,2.39,0.76,7,4,6.4,1,3,2,39.3,1,9.09,0
STU5059,Rahul Verma,Computer Science,7,0.693,2.43,0.696,6,5,7.42,0,1,1,5.5,1,8.88,1
STU5060,Amit Yadav,Computer Science,7,0.894,3.48,0.605,4,6,5.03,0,4,2,5.8,1,7.66,1
STU5061,Sneha Gupta,Mechanical Eng.,2,0.446,1.2,0.515,7,3,7.0,0,3,1,12.7,1,10.0,2
STU5062,Riya Pandey,Biotechnology,8,0.628,3.2,0.564,7,7,6.06,0,3,2,6.5,1,8.63,1
STU5063,Rohan Kumar,Information Tech.,5,0.817,3.36,0.865,1,7,3.6,1,3,1,36.2,0,7.92,1
STU5064,Aditya Gupta,Information Tech.,2,0.676,2.57,0.333,4,7,6.14,0,3,2,27.0,1,8.87,1
STU5065,Reyan Joshi,Mechanical Eng.,2,0.641,4.25,0.333,3,7,3.52,1,2,1,8.6,0,7.34,1
STU5066,Ishita Sharma,Mechanical Eng.,2,0.567,4.7,0.481,4,8,4.23,0,2,0,12.4,0,7.11,1
STU5067,Pooja Rao,Computer Science,1,0.79,2.54,0.761,3,6,5.88,1,2,3,0.7,1,5.54,1
STU5068,Rahul Pandey,Information Tech.,5,0.817,3.47,0.68,3,6,6.09,0,2,2,14.3,0,5.63,1
STU5069,Arjun Kumar,Mechanical Eng.,1,0.794,4.13,0.773,6,6,3.12,0,5,1,14.7,0,6.71,0
STU5070,Aarav Nair,Electrical Eng.,8,0.712,4.28,0.739,2,7,7.61,0,2,3,5.3,0,8.38,1
STU5071,Sneha Patel,Mechanical Eng.,7,0.559,2.32,0.57,4,4,6.64,1,2,1,3.0,1,7.03,1
STU5072,Reyan Verma,Electrical Eng.,4,0.716,3.06,0.655,2,5,4.09,0,3,1,29.6,1,5.36,1
STU5073,Ananya Nair,Mechanical Eng.,4,0.51,1.7,0.469,7,4,2.42,1,3,2,6.7,0,5.48,1
STU5074,Priya Kumar,Mechanical Eng.,5,0.706,4.89,0.573,4,8,5.21,0,2,0,12.7,1,6.47,1
STU5075,Suresh Nair,Electrical Eng.,7,0.916,4.11,0.819,6,7,4.61,0,4,1,0.5,1,6.88,0
STU5076,Rohan Rao,Mechanical Eng.,8,0.512,3.34,0.358,4,4,5.73,0,4,1,6.4,1,6.32,1
STU5077,Vihaan Rao,Information Tech.,4,0.825,3.6,0.664,4,6,4.77,0,2,1,20.4,0,8.53,1
STU5078,Vihaan Patel,Civil Eng.,3,0.814,0.88,0.784,5,0,1.49,1,2,0,5.9,0,5.25,1
STU5079,Amit Gupta,Computer Science,1,0.798,2.51,0.672,8,3,4.72,0,5,0,11.1,0,5.26,1
STU5080,Karan Joshi,Mechanical Eng.,7,0.861,5.33,0.701,3,8,4.89,0,4,2,2.8,1,6.32,0
STU5081,Kavya Rao,Computer Science,2,0.708,4.09,0.682,0,9,6.77,0,3,1,6.5,0,5.05,1
STU5082,Amit Singh,Mechanical Eng.,3,0.696,4.35,0.665,3,8,4.1,1,1,0,31.5,0,9.86,0
STU5083,Suresh Nair,Civil Eng.,2,0.528,4.94,0.453,2,8,8.86,1,3,2,10.0,1,8.84,0
STU5084,Amit Mishra,Computer Science,4,0.768,4.08,0.676,6,6,1.68,1,3,1,27.9,0,5.48,1
STU5085,Ananya Joshi,Computer Science,7,0.633,2.04,0.612,4,4,8.12,0,2,1,27.9,0,9.99,1
STU5086,Nikhil Singh,Mechanical Eng.,7,0.648,3.29,0.68,6,8,5.05,0,3,3,34.6,0,6.15,1
STU5087,Priya Yadav,Civil Eng.,1,0.843,6.14,0.779,5,8,7.22,0,3,2,27.1,0,7.11,0
STU5088,Karan Gupta,Electrical Eng.,4,0.801,4.85,0.602,5,7,5.66,0,2,0,0.5,1,5.43,0
STU5089,Arjun Nair,Mechanical Eng.,6,0.761,5.92,0.662,5,11,7.78,1,4,2,32.6,1,5.64,0
STU5090,Ananya Pandey,Information Tech.,6,0.93,3.41,0.796,8,6,4.73,0,4,3,1.8,0,6.8,1
STU5091,Vivaan Reddy,Electrical Eng.,1,0.782,2.35,0.598,5,8,3.3,1,2,2,0.5,0,7.91,1
STU5092,Riya Gupta,Electrical Eng.,2,0.838,3.27,0.804,7,7,8.34,0,4,1,0.7,0,5.92,1
STU5093,Karan Rao,Computer Science,2,0.678,2.27,0.668,6,6,5.27,0,1,1,5.1,1,6.15,1
STU5094,Vivaan Rao,Civil Eng.,6,0.851,4.75,0.839,4,5,5.94,0,4,0,11.6,0,6.42,0
STU5095,Riya Mishra,Electrical Eng.,2,0.693,5.01,0.524,4,10,7.97,1,2,1,6.2,1,8.78,0
STU5096,Arjun Reddy,Computer Science,5,0.798,2.95,0.734,4,4,3.44,0,1,2,0.5,1,5.25,1
STU5097,Riya Nair,Mechanical Eng.,4,0.76,4.62,0.684,7,9,6.69,0,3,1,7.8,1,8.36,0
STU5098,Vivaan Singh,Computer Science,5,0.616,3.47,0.585,2,6,4.32,0,3,0,7.0,0,7.58,1
STU5099,Kavya Verma,Computer Science,3,0.786,4.73,0.721,3,8,5.24,0,5,0,17.0,0,5.38,0
STU5100,Aditya Sharma,Electrical Eng.,5,0.758,4.84,0.681,4,6,5.64,0,2,1,3.9,1,6.17,0
STU5101,Ishita Verma,Mechanical Eng.,7,0.938,1.47,0.831,3,1,2.5,0,2,2,2.9,0,5.89,1
STU5102,Ishita Verma,Mechanical Eng.,2,0.793,3.51,0.824,3,6,3.94,1,3,0,3.5,0,5.4,0
STU5103,Rahul Pandey,Mechanical Eng.,1,0.888,2.46,0.713,7,5,8.2,0,3,2,4.3,0,5.85,1
STU5104,Reyan Joshi,Electrical Eng.,4,0.909,4.34,0.801,6,6,7.27,0,2,2,11.0,1,9.85,0
STU5105,Aarav Reddy,Electrical Eng.,4,0.778,4.34,0.808,4,5,5.37,0,3,0,7.7,1,3.4,0
STU5106,Sneha Patel,Civil Eng.,4,0.636,2.22,0.491,6,1,5.99,0,4,1,4.9,1,7.21,1
STU5107,Reyan Rao,Computer Science,3,0.51,2.97,0.383,8,6,4.91,0,4,1,5.6,0,8.93,1
STU5108,Ananya Sharma,Electronics,4,0.675,4.48,0.68,5,7,8.21,0,5,3,5.6,0,6.01,1
STU5109,Sai Yadav,Computer Science,7,0.832,3.81,0.606,8,6,5.1,0,2,1,43.1,1,6.58,1
STU5110,Amit Yadav,Electronics,6,0.702,3.45,0.698,6,6,5.96,0,4,1,3.2,1,8.41,1
STU5111,Kavya Mehta,Mechanical Eng.,3,0.762,2.93,0.637,4,7,7.79,0,2,2,20.4,1,1.86,1
STU5112,Vivaan Pandey,Mechanical Eng.,2,0.481,3.12,0.474,4,6,3.95,1,3,1,14.8,0,6.09,2
STU5113,Karan Sharma,Civil Eng.,1,0.759,2.6,0.561,6,4,8.62,0,3,0,0.5,1,4.76,1
STU5114,Vivaan Mehta,Civil Eng.,2,0.83,2.45,0.865,3,8,2.44,1,5,2,59.8,1,7.47,0
STU5115,Pooja Verma,Electrical Eng.,5,0.551,4.1,0.374,0,6,8.76,1,4,2,16.9,0,6.2,1
STU5116,Sai Singh,Biotechnology,8,0.775,3.27,0.77,3,4,4.75,1,5,1,13.8,1,9.64,0
STU5117,Suresh Joshi,Information Tech.,8,0.875,2.83,0.67,0,6,5.01,0,4,0,6.2,0,4.79,1
STU5118,Vivaan Gupta,Mechanical Eng.,4,0.83,0.71,0.928,3,2,1.72,1,5,2,9.7,1,6.33,1
STU5119,Aarav Mehta,Civil Eng.,5,0.657,2.94,0.584,1,7,4.59,0,4,2,3.5,0,4.8,1
STU5120,Rohan Joshi,Electronics,3,0.859,4.14,0.968,6,6,3.42,1,3,0,0.5,0,5.6,0
STU5121,Vihaan Patel,Computer Science,8,0.964,4.8,0.785,3,8,4.28,0,2,1,21.7,1,6.28,1
STU5122,Kavya Pandey,Computer Science,2,0.908,6.49,0.773,6,8,5.23,0,2,2,27.2,0,6.61,0
STU5123,Rohan Nair,Biotechnology,4,1.0,6.25,1.0,7,11,7.42,0,1,0,2.1,1,10.0,0
STU5124,Reyan Rao,Biotechnology,6,0.689,2.34,0.478,6,5,5.92,0,3,2,18.6,0,9.34,1
STU5125,Ishita Singh,Mechanical Eng.,8,0.781,3.34,0.633,1,6,6.12,0,3,2,16.2,1,5.49,1
STU5126,Kavya Nair,Mechanical Eng.,3,0.644,2.97,0.629,7,5,3.31,0,3,1,2.4,0,6.07,1
STU5127,Ishita Mishra,Computer Science,2,0.701,3.02,0.529,5,6,3.74,1,5,2,6.6,0,4.03,1
STU5128,Priya Rao,Electronics,2,0.845,4.81,0.812,6,6,9.1,0,5,2,6.6,1,5.22,0
STU5129,Reyan Pandey,Electronics,3,0.76,6.1,0.701,8,11,4.03,1,2,1,17.1,0,5.01,0
STU5130,Nikhil Sharma,Electrical Eng.,1,0.707,3.35,0.485,6,8,8.81,0,2,1,21.8,0,10.0,1
STU5131,Pooja Nair,Mechanical Eng.,2,0.797,2.65,0.814,2,5,5.01,0,3,2,1.2,0,3.47,1
STU5132,Nikhil Nair,Electrical Eng.,4,1.0,5.62,0.774,6,9,5.5,1,2,1,9.9,1,7.69,0
STU5133,Pooja Mishra,Electrical Eng.,5,0.496,3.55,0.524,1,5,7.64,0,4,1,17.2,0,8.12,1
STU5134,Riya Mishra,Electrical Eng.,7,1.0,4.89,0.913,5,10,8.04,0,3,0,18.5,1,6.08,0
STU5135,Aarav Joshi,Electrical Eng.,3,0.762,4.83,0.64,4,10,5.28,0,3,2,1.9,0,7.74,1
STU5136,Pooja Patel,Computer Science,1,0.876,4.0,0.678,5,7,4.72,0,4,1,8.9,1,7.57,0
STU5137,Amit Patel,Electrical Eng.,2,0.893,3.85,0.837,2,8,5.39,0,4,2,23.4,1,6.55,1
STU5138,Ananya Yadav,Mechanical Eng.,5,0.987,4.98,0.801,2,10,6.18,0,1,0,4.6,0,6.58,0
STU5139,Kavya Nair,Electrical Eng.,6,0.637,3.11,0.694,3,7,7.28,0,4,2,6.6,0,6.74,1
STU5140,Aarav Mehta,Computer Science,1,0.695,3.06,0.75,4,4,5.51,0,3,0,19.6,1,5.13,1
STU5141,Aarav Nair,Information Tech.,3,0.78,4.66,0.866,4,7,6.74,0,2,0,1.1,1,7.32,0
STU5142,Kavya Mehta,Information Tech.,2,0.643,2.15,0.607,7,5,8.78,0,1,4,23.6,1,6.72,1
STU5143,Aarav Yadav,Civil Eng.,6,0.981,5.58,0.843,6,9,6.26,0,3,0,4.5,1,7.17,0
STU5144,Reyan Patel,Electronics,2,0.759,4.2,0.653,5,8,6.12,0,2,1,0.5,1,5.74,0
STU5145,Priya Pandey,Electrical Eng.,7,0.523,2.92,0.433,3,6,2.46,1,2,3,3.2,0,4.56,2
STU5146,Aditya Reddy,Civil Eng.,7,0.538,0.34,0.509,1,3,1.0,1,3,3,1.1,0,4.32,2
STU5147,Aditya Kumar,Civil Eng.,6,0.504,2.34,0.497,4,1,6.28,1,4,1,1.2,1,9.17,1
STU5148,Pooja Singh,Mechanical Eng.,3,0.697,3.11,0.751,8,7,5.31,0,2,2,14.2,0,4.11,1
STU5149,Priya Yadav,Biotechnology,5,0.853,4.31,0.77,5,8,4.47,0,1,1,2.9,0,9.53,1
STU5150,Ishita Mishra,Civil Eng.,5,0.574,1.3,0.376,6,7,5.99,0,4,0,32.8,1,8.18,1
STU5151,Pooja Kumar,Biotechnology,4,0.734,4.56,0.62,7,7,5.38,0,1,0,8.7,1,3.8,1
STU5152,Ananya Sharma,Electrical Eng.,8,0.723,3.89,0.806,6,4,7.76,0,5,1,7.4,1,6.29,0
STU5153,Suresh Kumar,Computer Science,8,0.754,3.43,0.523,5,6,5.67,0,3,1,6.8,1,3.78,1
STU5154,Vivaan Nair,Mechanical Eng.,7,0.802,3.51,0.796,3,7,4.01,0,2,1,14.2,1,7.37,1
STU5155,Nikhil Verma,Civil Eng.,7,0.88,4.57,0.753,4,7,7.48,1,2,0,7.2,0,9.54,0
STU5156,Riya Rao,Information Tech.,2,0.977,2.66,0.791,4,7,5.07,0,1,1,1.7,0,6.93,0
STU5157,Arjun Mehta,Civil Eng.,3,0.803,4.72,0.763,5,7,6.55,0,2,1,25.5,0,9.16,1
STU5158,Ishita Kumar,Electrical Eng.,2,0.712,0.58,0.796,2,3,4.55,0,1,1,6.7,0,6.69,1
STU5159,Riya Nair,Computer Science,4,0.518,2.72,0.5,3,5,4.2,0,3,0,0.9,0,8.01,1
STU5160,Aarav Nair,Computer Science,4,0.71,3.88,0.613,5,11,5.67,1,2,2,9.0,1,7.23,0
STU5161,Amit Joshi,Computer Science,1,0.697,3.24,0.498,3,5,5.53,0,3,2,12.5,1,6.68,1
STU5162,Riya Kumar,Electronics,2,0.548,1.75,0.483,2,5,6.46,0,3,1,3.9,1,8.33,1
STU5163,Ishita Reddy,Information Tech.,3,0.712,4.4,0.507,3,5,4.96,0,2,0,19.3,1,6.21,1
STU5164,Vihaan Nair,Computer Science,8,0.629,1.05,0.535,4,4,1.83,0,1,2,13.3,0,8.17,2
STU5165,Sai Mishra,Mechanical Eng.,1,0.672,3.31,0.598,0,5,4.63,0,1,3,12.6,1,5.82,1
STU5166,Aarav Reddy,Electrical Eng.,6,1.0,4.31,0.664,4,9,7.09,0,1,0,6.6,1,8.15,0
STU5167,Sneha Patel,Computer Science,3,0.801,3.5,0.86,7,8,4.91,0,4,0,39.2,0,5.2,1
STU5168,Rahul Joshi,Electrical Eng.,7,1.0,4.9,0.776,6,8,5.01,0,2,0,3.8,0,3.67,0
STU5169,Amit Pandey,Biotechnology,4,0.946,4.18,0.833,6,5,7.47,0,4,2,10.3,1,7.89,0
STU5170,Kavya Mehta,Electronics,7,0.673,3.74,0.659,1,6,4.08,0,3,3,4.4,1,2.98,1
STU5171,Amit Joshi,Computer Science,5,0.711,2.66,0.771,4,5,2.41,0,3,2,16.4,0,9.59,1
STU5172,Rahul Singh,Computer Science,7,0.719,4.29,0.568,4,8,5.18,0,3,1,0.6,1,5.92,1
STU5173,Amit Sharma,Electrical Eng.,5,0.782,5.03,0.453,5,7,4.53,0,4,1,0.6,0,6.22,1
STU5174,Aarav Nair,Biotechnology,3,0.612,3.24,0.659,6,8,3.57,1,2,1,20.0,0,5.51,1
STU5175,Nikhil Sharma,Electronics,3,0.726,4.48,0.529,6,9,5.15,0,1,1,6.8,1,6.8,1
STU5176,Suresh Pandey,Mechanical Eng.,5,0.871,5.69,0.82,4,7,6.48,0,3,0,5.0,1,7.56,0
STU5177,Arjun Verma,Computer Science,1,0.851,5.27,0.808,4,8,5.48,1,2,0,11.2,1,5.13,0
STU5178,Ishita Yadav,Electrical Eng.,5,0.765,3.37,0.364,7,6,6.11,0,3,1,14.5,0,2.24,1
STU5179,Aarav Kumar,Computer Science,4,0.832,5.98,0.587,4,11,9.13,0,3,1,2.7,1,5.76,0
STU5180,Nikhil Reddy,Computer Science,8,0.853,3.74,0.722,3,5,4.81,0,3,2,2.5,0,5.57,1
STU5181,Reyan Singh,Computer Science,2,0.775,5.16,0.44,4,9,6.06,0,3,1,38.1,1,7.32,1
STU5182,Ishita Sharma,Electronics,3,0.928,4.03,0.701,8,8,4.48,1,3,0,10.7,1,6.67,0
STU5183,Aarav Yadav,Computer Science,1,0.517,3.47,0.478,2,7,3.81,1,4,0,5.9,0,7.5,1
STU5184,Suresh Gupta,Civil Eng.,6,0.832,3.82,0.74,4,4,4.33,0,4,0,19.4,0,3.34,1
STU5185,Reyan Rao,Electronics,4,0.805,3.67,0.755,3,6,4.54,0,3,1,8.9,1,4.76,1
STU5186,Aarav Kumar,Computer Science,2,0.688,4.22,0.664,6,8,6.22,0,3,1,3.3,0,6.07,1
STU5187,Vihaan Rao,Information Tech.,1,0.75,4.81,0.507,5,9,10.0,0,4,0,2.8,1,10.0,0
STU5188,Nikhil Gupta,Computer Science,8,0.773,2.92,0.567,6,2,4.07,0,3,2,6.1,1,10.0,0
STU5189,Rahul Patel,Electronics,8,0.931,5.52,0.914,8,9,4.67,0,3,1,23.6,1,3.97,0
STU5190,Sai Mishra,Computer Science,3,0.557,4.19,0.654,1,8,5.37,0,4,1,0.8,0,8.58,1
STU5191,Karan Kumar,Information Tech.,1,0.803,3.2,0.626,3,7,6.29,1,3,1,3.0,0,7.04,0
STU5192,Ishita Mehta,Civil Eng.,4,0.684,3.48,0.642,4,7,6.03,1,1,0,26.8,1,7.81,1
STU5193,Pooja Mehta,Civil Eng.,5,0.963,5.69,0.947,5,12,8.07,1,4,1,1.6,1,5.04,0
STU5194,Sai Rao,Mechanical Eng.,3,0.436,1.42,0.416,5,4,1.0,1,1,3,11.9,0,7.74,2
STU5195,Riya Reddy,Mechanical Eng.,2,0.914,0.52,0.798,4,3,1.0,1,4,2,2.9,0,1.3,1
STU5196,Kavya Reddy,Electrical Eng.,6,0.56,1.66,0.44,3,3,4.51,0,4,0,11.2,0,3.99,2
STU5197,Pooja Verma,Electronics,7,0.861,2.23,0.973,7,4,7.69,0,5,3,5.8,1,6.82,0
STU5198,Aarav Singh,Computer Science,3,0.638,1.15,0.584,5,3,2.37,1,1,2,1.3,0,4.64,1
STU5199,Rohan Rao,Information Tech.,4,0.537,0.88,0.522,5,4,1.0,1,3,1,10.5,0,5.35,2
STU5200,Arjun Nair,Electrical Eng.,7,0.858,5.65,0.805,0,8,6.64,0,3,1,13.8,1,5.76,0
STU5201,Ananya Kumar,Electrical Eng.,2,0.873,3.74,0.705,7,8,5.99,0,2,0,13.7,1,6.15,0
STU5202,Karan Kumar,Computer Science,4,0.516,2.56,0.47,4,3,3.32,1,1,2,12.2,0,5.66,2
STU5203,Arjun Singh,Computer Science,8,0.737,1.33,0.631,4,5,3.53,1,3,2,8.3,0,5.66,1
STU5204,Karan Pandey,Electrical Eng.,8,0.714,2.9,0.609,3,6,3.56,1,3,3,8.8,0,6.34,1
STU5205,Sai Rao,Biotechnology,3,0.735,1.63,0.693,3,4,5.72,0,1,0,12.1,1,8.33,1
STU5206,Sai Singh,Mechanical Eng.,1,0.715,2.83,0.552,3,7,4.25,0,3,1,14.1,0,4.92,1
STU5207,Ishita Rao,Computer Science,4,0.788,6.42,0.589,1,9,6.49,1,4,2,12.8,0,9.37,0
STU5208,Ishita Reddy,Electrical Eng.,5,0.59,3.1,0.582,3,5,1.0,0,4,1,10.6,0,5.39,2
STU5209,Kavya Sharma,Computer Science,7,0.796,2.88,0.663,1,4,3.79,0,5,2,2.0,0,8.41,1
STU5210,Nikhil Nair,Mechanical Eng.,5,0.833,3.81,0.715,5,7,3.25,1,3,0,2.8,1,5.36,0
STU5211,Aarav Reddy,Mechanical Eng.,3,0.794,2.87,0.522,2,5,4.99,0,5,0,3.6,1,4.94,1
STU5212,Priya Singh,Computer Science,8,0.746,2.37,0.768,6,6,4.42,0,4,1,30.3,1,6.47,1
STU5213,Sai Joshi,Electronics,6,0.96,6.17,0.917,2,10,7.1,1,2,1,17.1,1,10.0,0
STU5214,Ishita Mishra,Information Tech.,2,0.815,1.16,0.805,7,4,1.78,0,2,0,9.7,1,3.08,1
STU5215,Karan Reddy,Biotechnology,1,0.505,3.25,0.493,6,6,5.59,0,3,1,3.5,1,7.9,1
STU5216,Vihaan Kumar,Electrical Eng.,2,0.493,4.35,0.292,2,8,6.62,0,3,0,1.4,0,7.3,1
STU5217,Priya Reddy,Mechanical Eng.,4,0.952,3.64,0.879,5,9,9.21,0,3,0,27.5,0,8.49,0
STU5218,Ananya Reddy,Electronics,3,0.605,4.14,0.483,3,5,4.54,0,3,1,26.8,0,4.19,1
STU5219,Karan Mehta,Electronics,1,0.609,3.48,0.452,5,3,6.15,0,4,1,1.4,0,7.67,1
STU5220,Vivaan Reddy,Mechanical Eng.,3,0.7,3.36,0.68,8,7,1.89,0,3,0,19.1,0,6.1,1
STU5221,Arjun Kumar,Civil Eng.,3,0.522,3.0,0.635,6,4,1.0,0,1,1,7.1,0,2.63,2
STU5222,Amit Patel,Information Tech.,3,0.709,3.87,0.787,3,5,7.19,0,4,2,4.7,0,7.39,1
STU5223,Pooja Verma,Computer Science,2,0.714,5.7,0.705,5,10,5.49,0,2,0,16.1,1,6.21,0
STU5224,Amit Gupta,Computer Science,4,0.714,3.56,0.64,7,5,7.86,0,5,1,11.4,0,6.72,1
STU5225,Vihaan Yadav,Electrical Eng.,4,0.811,4.44,0.709,6,10,2.75,1,1,0,18.2,0,5.74,1
STU5226,Sai Rao,Civil Eng.,7,0.774,5.37,0.606,7,9,6.54,0,5,1,0.9,0,8.92,0
STU5227,Suresh Reddy,Civil Eng.,6,0.829,6.9,0.719,6,10,9.24,0,1,1,4.6,1,8.6,0
STU5228,Reyan Rao,Civil Eng.,7,0.795,4.11,0.807,5,6,6.34,0,2,3,4.6,1,5.02,1
STU5229,Pooja Sharma,Mechanical Eng.,7,0.84,2.87,0.938,5,6,6.05,0,1,1,4.8,1,7.71,0
STU5230,Sneha Rao,Civil Eng.,2,1.0,6.15,0.818,3,7,5.52,0,4,1,8.4,1,6.58,0
STU5231,Sneha Patel,Computer Science,5,0.666,2.31,0.4,3,1,2.36,1,4,2,4.0,0,4.6,1
STU5232,Ishita Nair,Computer Science,1,0.958,3.49,0.81,3,4,8.21,0,3,2,7.1,1,5.23,0
STU5233,Rohan Rao,Electrical Eng.,6,0.827,3.06,0.835,4,7,4.28,0,5,3,5.5,0,7.74,1
STU5234,Ananya Pandey,Biotechnology,1,0.563,2.77,0.714,4,4,6.51,0,3,1,15.9,0,5.93,1
STU5235,Ishita Sharma,Civil Eng.,2,0.582,3.34,0.655,4,4,2.37,0,3,4,11.1,0,7.35,1
STU5236,Sai Mehta,Mechanical Eng.,3,0.619,2.22,0.686,5,5,3.14,1,4,4,12.7,1,4.0,1
STU5237,Nikhil Rao,Electrical Eng.,3,0.94,4.17,0.761,6,10,8.37,0,2,1,2.8,1,10.0,0
STU5238,Vivaan Kumar,Information Tech.,4,0.724,4.6,0.569,4,9,4.81,0,2,1,4.7,1,10.0,1
STU5239,Kavya Rao,Electrical Eng.,2,0.584,5.27,0.393,6,7,8.41,1,5,1,0.5,1,8.5,0
STU5240,Pooja Mishra,Computer Science,5,0.717,3.62,0.579,7,5,5.34,0,5,1,1.4,1,8.94,1
STU5241,Pooja Yadav,Electrical Eng.,5,0.472,2.75,0.517,5,4,1.82,1,5,2,3.7,0,4.73,2
STU5242,Aarav Mishra,Mechanical Eng.,1,0.641,4.2,0.74,3,6,7.28,0,5,1,0.8,0,6.19,1
STU5243,Suresh Singh,Information Tech.,7,0.641,2.78,0.611,6,6,4.32,0,1,0,11.1,1,8.45,1
STU5244,Aditya Sharma,Mechanical Eng.,1,0.781,4.07,0.677,6,6,6.9,0,4,2,75.4,1,7.34,1
STU5245,Suresh Rao,Computer Science,7,0.893,4.25,0.697,6,5,5.55,0,3,3,1.3,0,4.2,1
STU5246,Vihaan Rao,Mechanical Eng.,7,0.786,2.57,0.696,8,3,2.41,1,5,0,20.7,0,5.86,0
STU5247,Priya Nair,Computer Science,8,0.629,4.25,0.586,6,11,5.83,0,3,2,1.5,0,4.55,1
STU5248,Suresh Mishra,Information Tech.,3,0.714,3.96,0.496,8,8,9.89,0,3,1,13.3,0,7.63,1
STU5249,Karan Reddy,Civil Eng.,8,0.738,3.22,0.756,4,5,6.49,0,3,1,12.4,1,8.83,0
STU5250,Riya Pandey,Electrical Eng.,7,0.678,2.73,0.568,3,7,5.38,1,2,1,28.0,1,9.24,1
STU5251,Karan Verma,Mechanical Eng.,3,0.712,3.62,0.727,7,5,7.65,0,1,1,1.5,0,7.79,1
STU5252,Rahul Mehta,Electrical Eng.,2,0.606,5.32,0.544,2,8,5.92,0,4,1,4.5,1,9.18,1
STU5253,Aditya Verma,Electronics,3,0.648,4.65,0.613,8,7,5.92,1,4,2,1.1,1,5.95,1
STU5254,Pooja Nair,Computer Science,3,0.62,1.7,0.488,7,4,3.32,1,1,2,6.3,0,9.06,1
STU5255,Amit Singh,Computer Science,4,0.401,4.32,0.327,4,6,5.97,0,4,1,29.1,1,5.49,2
STU5256,Arjun Sharma,Civil Eng.,7,0.829,3.8,0.81,7,7,7.57,1,3,2,18.3,1,5.81,0
STU5257,Rahul Singh,Information Tech.,2,0.528,2.33,0.462,5,2,3.83,0,3,3,15.4,0,5.32,2
STU5258,Riya Gupta,Civil Eng.,1,0.791,2.72,0.602,2,5,8.35,0,2,0,9.1,1,6.16,1
STU5259,Arjun Sharma,Electronics,6,0.862,4.76,0.787,3,10,5.32,0,4,1,25.8,1,7.53,0
STU5260,Ananya Sharma,Information Tech.,2,0.594,1.48,0.573,5,5,3.72,1,4,3,7.2,1,8.37,1
STU5261,Karan Kumar,Computer Science,7,0.888,4.19,0.936,5,6,7.5,0,3,2,1.9,0,7.28,0
STU5262,Vihaan Joshi,Civil Eng.,5,0.783,2.34,0.82,7,3,4.93,0,3,3,21.8,1,7.04,1
STU5263,Vivaan Nair,Information Tech.,3,0.764,5.04,0.681,5,5,7.02,1,1,0,3.9,1,4.62,0
STU5264,Vivaan Pandey,Civil Eng.,6,0.672,3.07,0.55,2,7,4.92,1,3,2,0.7,0,6.65,1
STU5265,Arjun Kumar,Civil Eng.,1,0.87,3.45,0.76,4,7,5.38,1,2,2,1.6,0,9.8,0
STU5266,Rohan Singh,Electronics,2,0.781,3.83,0.65,6,7,6.49,0,2,2,11.3,0,9.49,1
STU5267,Karan Mehta,Electronics,6,0.893,4.19,0.854,1,10,6.08,1,3,1,11.2,0,4.85,1
STU5268,Riya Reddy,Electrical Eng.,6,0.412,2.47,0.475,1,5,1.51,0,5,0,3.6,1,4.66,2
STU5269,Aarav Pandey,Computer Science,1,0.729,2.93,0.78,4,6,3.26,1,3,1,15.6,1,10.0,0
STU5270,Ananya Singh,Civil Eng.,7,0.554,3.59,0.457,6,4,7.36,0,2,1,17.8,0,7.96,1
STU5271,Sai Reddy,Computer Science,3,0.664,1.68,0.547,4,6,5.24,0,3,2,30.4,1,9.3,1
STU5272,Sneha Kumar,Mechanical Eng.,1,0.765,1.99,0.647,5,4,4.45,0,4,2,10.6,0,9.2,1
STU5273,Ananya Gupta,Civil Eng.,1,0.957,3.7,0.668,5,5,2.78,1,4,1,18.1,1,3.83,0
STU5274,Riya Yadav,Electrical Eng.,1,0.593,2.64,0.413,4,5,3.34,1,4,1,16.8,1,7.31,1
STU5275,Pooja Mishra,Electronics,6,0.603,1.64,0.539,3,7,1.46,1,3,2,3.6,0,5.77,1
STU5276,Suresh Gupta,Mechanical Eng.,7,0.665,1.9,0.636,6,7,5.3,0,4,0,4.5,1,9.72,1
STU5277,Sneha Nair,Information Tech.,6,0.532,1.23,0.528,2,2,4.3,1,1,0,7.8,0,9.82,1
STU5278,Ishita Pandey,Electrical Eng.,5,0.806,2.23,0.648,4,6,3.57,1,2,1,0.5,0,4.57,0
STU5279,Arjun Sharma,Electrical Eng.,4,0.779,4.67,0.652,7,8,5.36,0,2,2,4.2,0,10.0,1
STU5280,Sai Yadav,Computer Science,2,0.743,3.2,0.641,3,7,6.23,0,3,2,7.7,1,7.17,1
STU5281,Ishita Joshi,Electrical Eng.,6,0.89,5.39,0.763,2,9,9.69,0,5,1,1.4,1,9.04,0
STU5282,Pooja Joshi,Mechanical Eng.,1,0.672,2.02,0.674,0,5,2.48,0,4,3,1.6,0,1.0,2
STU5283,Vivaan Kumar,Electronics,5,0.706,5.11,0.505,6,10,7.82,0,1,0,7.5,1,9.16,0
STU5284,Rahul Singh,Electronics,1,0.745,3.81,0.555,6,4,7.45,0,2,3,15.8,0,3.36,1
STU5285,Aarav Reddy,Computer Science,7,0.565,1.7,0.479,3,5,3.94,1,2,3,21.5,0,5.92,2
STU5286,Kavya Nair,Electrical Eng.,1,0.751,3.45,0.539,2,4,5.91,1,2,1,9.5,1,5.78,1
STU5287,Nikhil Patel,Computer Science,7,0.943,5.58,0.658,5,8,4.58,0,3,0,7.7,1,7.21,0
STU5288,Suresh Sharma,Civil Eng.,8,0.695,5.91,0.476,7,9,5.87,0,5,1,5.8,0,7.08,1
STU5289,Rohan Joshi,Information Tech.,4,0.622,5.14,0.535,2,7,8.52,0,5,0,2.6,1,8.61,1
STU5290,Sneha Reddy,Information Tech.,5,0.76,3.85,0.747,7,6,6.71,0,3,1,1.9,1,9.26,0
STU5291,Aditya Pandey,Mechanical Eng.,6,0.681,4.32,0.678,1,5,6.52,1,4,0,18.8,1,5.15,1
STU5292,Reyan Sharma,Computer Science,4,0.755,3.77,0.838,2,6,4.64,1,3,1,7.5,0,6.02,0
STU5293,Sneha Sharma,Electronics,5,0.747,2.71,0.682,5,6,2.53,0,2,1,18.7,0,4.24,1
STU5294,Priya Nair,Electrical Eng.,2,0.505,4.05,0.478,6,8,5.08,1,3,0,14.6,0,4.87,1
STU5295,Pooja Mishra,Electrical Eng.,2,0.868,4.62,0.756,8,6,7.91,0,3,0,2.6,1,10.0,0
STU5296,Ananya Reddy,Information Tech.,7,0.554,2.35,0.478,6,7,2.45,1,4,0,8.6,0,3.45,1
STU5297,Aarav Reddy,Mechanical Eng.,4,0.661,1.58,0.803,7,5,3.39,0,2,2,7.0,0,4.54,1
STU5298,Kavya Mehta,Mechanical Eng.,2,0.648,3.17,0.609,5,8,5.75,0,2,1,6.6,1,10.0,1
STU5299,Rohan Pandey,Civil Eng.,1,0.695,4.02,0.66,3,4,3.53,1,2,2,9.4,0,5.83,1
STU5300,Rahul Gupta,Mechanical Eng.,2,0.929,3.14,0.721,7,6,3.91,1,5,2,48.3,0,6.06,1
STU5301,Ananya Joshi,Electrical Eng.,8,0.789,3.76,0.751,7,7,4.65,1,3,0,20.1,1,7.12,0
STU5302,Riya Sharma,Electrical Eng.,2,0.808,2.49,0.793,6,2,2.77,1,4,1,28.1,0,3.66,0
STU5303,Nikhil Singh,Computer Science,2,0.69,1.79,0.732,6,8,3.55,0,4,2,0.5,0,4.41,1
STU5304,Aditya Mehta,Computer Science,1,0.826,3.79,0.806,7,6,6.91,0,2,3,1.8,1,5.96,1
STU5305,Priya Singh,Electronics,5,0.716,1.64,0.631,5,5,2.89,1,3,1,1.1,1,7.74,1
STU5306,Nikhil Pandey,Electronics,8,0.686,1.39,0.6,4,5,2.3,1,4,2,3.7,0,6.9,1
STU5307,Pooja Nair,Civil Eng.,2,0.922,4.72,0.822,6,8,4.24,0,3,2,7.0,1,5.14,0
STU5308,Reyan Reddy,Computer Science,2,0.762,3.59,0.697,5,8,6.96,0,5,2,12.3,0,6.85,1
STU5309,Arjun Pandey,Electrical Eng.,3,0.98,2.64,1.0,7,8,5.11,0,2,3,8.3,0,7.93,0
STU5310,Sai Verma,Computer Science,6,0.928,5.31,0.942,5,7,4.57,0,1,1,28.0,1,2.08,1
STU5311,Ananya Pandey,Information Tech.,6,0.649,4.65,0.66,6,8,5.59,0,4,0,33.7,1,7.22,1
STU5312,Aditya Gupta,Electronics,3,0.665,2.16,0.801,6,6,2.01,0,4,2,2.1,0,6.97,1
STU5313,Riya Sharma,Computer Science,6,0.826,4.46,0.478,5,5,6.49,0,5,0,23.0,1,5.29,1
STU5314,Pooja Singh,Computer Science,8,0.749,3.6,0.628,3,8,6.27,0,3,1,7.9,0,8.05,1
STU5315,Nikhil Verma,Biotechnology,5,0.785,2.57,0.706,7,8,4.68,0,5,2,7.2,0,6.43,1
STU5316,Priya Reddy,Computer Science,2,0.889,4.82,0.732,2,10,7.51,0,4,1,18.4,0,10.0,0
STU5317,Karan Yadav,Information Tech.,2,0.54,2.58,0.393,2,6,3.25,0,4,2,1.2,0,5.03,1
STU5318,Nikhil Gupta,Biotechnology,5,0.93,4.42,0.666,5,10,7.76,0,3,0,25.7,1,8.39,0
STU5319,Aditya Nair,Mechanical Eng.,5,0.739,4.97,0.634,0,8,5.81,0,2,3,13.3,1,4.1,1
STU5320,Sai Yadav,Electrical Eng.,7,0.71,4.54,0.729,8,5,4.83,0,5,0,25.0,0,6.58,1
STU5321,Vivaan Pandey,Civil Eng.,3,0.647,2.98,0.66,4,5,5.46,0,3,0,62.4,1,8.11,1
STU5322,Ishita Gupta,Electrical Eng.,7,0.864,4.17,0.702,8,7,5.29,0,3,1,8.8,1,5.64,1
STU5323,Nikhil Yadav,Computer Science,6,0.689,3.03,0.642,8,6,7.94,0,3,3,1.2,1,9.4,1
STU5324,Aarav Joshi,Civil Eng.,6,0.662,3.54,0.732,4,6,3.35,1,3,1,2.2,0,7.66,1
STU5325,Reyan Mishra,Mechanical Eng.,7,0.684,3.37,0.464,7,6,3.97,1,3,1,4.7,0,6.45,1
STU5326,Amit Verma,Computer Science,1,0.574,4.73,0.5,2,8,7.57,0,1,1,1.3,1,6.78,1
STU5327,Arjun Yadav,Electrical Eng.,7,0.616,2.94,0.583,5,8,4.31,0,4,0,20.3,0,1.0,2
STU5328,Aarav Patel,Mechanical Eng.,5,0.719,6.69,0.648,3,10,7.3,0,3,1,4.2,1,6.02,1
STU5329,Ananya Nair,Computer Science,3,0.711,3.59,0.725,6,7,8.9,1,3,1,44.7,0,9.65,0
STU5330,Arjun Joshi,Biotechnology,7,0.863,4.57,0.627,6,4,4.7,0,1,3,14.6,0,5.92,1
STU5331,Arjun Gupta,Computer Science,6,0.779,2.82,0.601,4,6,6.86,1,1,1,2.3,0,7.87,1
STU5332,Aditya Kumar,Information Tech.,4,0.893,3.56,0.872,6,8,3.19,1,2,1,7.8,0,5.12,0
STU5333,Sai Mishra,Computer Science,1,0.916,4.79,0.654,7,10,7.01,0,4,1,7.5,1,4.53,0
STU5334,Sai Mishra,Computer Science,3,0.69,3.84,0.702,5,8,5.9,0,1,1,8.1,1,8.12,1
STU5335,Sneha Nair,Computer Science,7,0.736,3.34,0.707,10,6,6.45,0,5,1,9.2,0,4.72,1
STU5336,Sai Verma,Electrical Eng.,5,0.733,3.43,0.734,4,7,4.21,0,2,1,0.5,0,5.79,1
STU5337,Arjun Verma,Civil Eng.,8,0.461,2.97,0.368,7,5,2.18,1,2,0,13.9,0,6.31,1
STU5338,Aditya Reddy,Information Tech.,4,0.698,6.1,0.679,7,11,6.51,0,2,1,8.0,0,5.73,1
STU5339,Nikhil Reddy,Electronics,6,0.635,1.37,0.454,1,3,1.37,0,1,1,18.8,0,8.24,1
STU5340,Aarav Sharma,Computer Science,4,0.691,2.79,0.58,7,6,4.87,0,4,2,20.3,1,10.0,1
STU5341,Suresh Nair,Computer Science,5,0.844,4.56,0.763,7,8,7.38,0,4,1,3.1,0,5.76,0
STU5342,Rahul Patel,Computer Science,7,0.794,3.46,0.625,5,6,5.88,0,3,1,0.6,1,5.38,1
STU5343,Kavya Patel,Electronics,5,0.575,4.7,0.54,5,9,9.4,0,2,1,14.6,0,7.03,1
STU5344,Sai Patel,Computer Science,4,0.884,5.55,0.681,6,10,7.55,0,2,1,45.7,1,9.34,0
STU5345,Arjun Reddy,Computer Science,1,0.621,0.0,0.586,7,2,4.19,0,3,1,7.1,1,7.13,2
STU5346,Ananya Mishra,Civil Eng.,4,0.793,2.95,0.888,4,5,5.55,0,5,1,3.6,1,8.02,0
STU5347,Vivaan Yadav,Computer Science,5,0.789,1.53,0.585,8,6,5.41,0,2,1,2.0,1,8.99,1
STU5348,Nikhil Singh,Computer Science,7,0.633,1.27,0.568,2,4,2.34,0,4,2,4.1,0,4.07,2
STU5349,Pooja Patel,Mechanical Eng.,1,0.988,5.97,0.728,1,10,3.62,0,3,1,4.8,0,6.99,1
STU5350,Reyan Sharma,Mechanical Eng.,6,0.655,4.03,0.506,5,7,4.38,0,2,0,6.6,0,6.41,1
STU5351,Vihaan Patel,Computer Science,3,0.629,3.57,0.637,7,5,1.43,0,3,2,12.8,0,6.2,2
STU5352,Aarav Reddy,Electronics,7,0.795,3.58,0.672,4,7,5.59,0,1,1,3.8,0,8.75,1
STU5353,Rahul Mishra,Electronics,2,0.732,4.41,0.733,0,6,5.0,0,4,2,0.6,1,6.23,1
STU5354,Pooja Reddy,Mechanical Eng.,2,0.652,0.53,0.623,1,3,2.15,0,2,1,5.6,0,4.39,2
STU5355,Suresh Verma,Electronics,7,1.0,5.14,0.894,6,3,6.31,0,4,4,23.2,1,5.0,0
STU5356,Riya Kumar,Mechanical Eng.,7,0.771,3.1,0.591,5,5,6.93,1,1,1,8.3,1,10.0,0
STU5357,Rohan Reddy,Biotechnology,2,0.751,3.15,0.745,7,6,5.95,0,5,0,40.2,1,6.71,1
STU5358,Ananya Nair,Mechanical Eng.,3,0.658,4.06,0.623,4,5,4.85,1,2,0,8.4,1,3.99,1
STU5359,Reyan Nair,Civil Eng.,6,0.571,4.38,0.361,3,8,6.68,0,4,0,3.9,0,9.49,1
STU5360,Vihaan Mehta,Mechanical Eng.,3,0.758,4.16,0.585,5,6,6.86,0,4,0,2.6,0,3.98,1
STU5361,Reyan Joshi,Electrical Eng.,4,0.816,2.2,0.457,7,5,6.11,0,5,1,14.2,1,4.04,1
STU5362,Suresh Joshi,Civil Eng.,8,0.692,3.28,0.486,7,5,3.85,0,3,1,9.2,1,5.59,1
STU5363,Karan Singh,Mechanical Eng.,3,0.847,4.97,0.731,4,9,6.05,1,4,0,11.1,1,5.83,0
STU5364,Karan Singh,Civil Eng.,3,0.92,3.73,0.723,5,7,7.89,0,2,1,16.9,0,7.93,0
STU5365,Rohan Gupta,Computer Science,5,0.963,4.87,0.784,6,8,4.31,1,2,1,15.5,0,2.82,0
STU5366,Sneha Gupta,Electrical Eng.,3,0.806,3.86,0.864,3,7,9.7,0,3,1,0.5,1,8.5,0
STU5367,Karan Kumar,Mechanical Eng.,5,0.754,3.34,0.782,6,10,4.45,0,2,0,19.5,0,8.64,1
STU5368,Arjun Kumar,Biotechnology,4,0.638,5.51,0.505,4,8,5.56,1,5,2,9.1,1,4.9,1
STU5369,Karan Pandey,Information Tech.,2,0.622,2.43,0.639,4,4,4.16,0,1,1,6.0,0,5.57,1
STU5370,Sneha Yadav,Electrical Eng.,8,0.768,5.05,0.813,5,6,5.95,1,3,1,9.3,1,5.34,0
STU5371,Kavya Patel,Electrical Eng.,7,0.697,4.97,0.689,5,9,2.02,1,3,0,11.4,0,6.18,1
STU5372,Vihaan Kumar,Information Tech.,7,0.771,3.53,0.724,8,9,4.41,0,3,1,1.9,1,4.39,1
STU5373,Priya Patel,Electronics,1,0.924,2.36,0.941,4,4,3.32,1,3,1,6.5,0,3.83,1
STU5374,Vivaan Gupta,Electronics,2,0.894,2.8,0.882,4,5,5.77,1,1,3,4.9,0,6.46,1
STU5375,Nikhil Gupta,Electrical Eng.,6,0.862,5.81,0.654,8,8,7.49,0,3,2,5.2,0,7.85,0
STU5376,Vivaan Kumar,Information Tech.,4,0.916,5.57,0.806,6,8,6.79,0,2,1,1.1,1,7.31,0
STU5377,Pooja Nair,Computer Science,1,0.674,4.04,0.552,6,4,1.0,1,5,2,2.1,0,4.51,1
STU5378,Ananya Rao,Information Tech.,2,0.969,4.84,0.987,3,9,9.58,0,4,1,2.1,1,9.08,0
STU5379,Sneha Rao,Electrical Eng.,4,0.615,5.07,0.496,5,10,6.09,0,5,0,5.6,1,7.24,0
STU5380,Aarav Pandey,Civil Eng.,4,0.835,3.13,0.676,6,3,3.95,0,1,2,27.0,0,4.08,1
STU5381,Kavya Mishra,Biotechnology,5,0.767,2.68,0.793,3,8,5.81,0,2,0,2.8,0,1.93,1
STU5382,Rahul Pandey,Electrical Eng.,3,0.713,5.1,0.668,6,11,5.85,0,2,1,6.5,1,7.69,1
STU5383,Suresh Kumar,Civil Eng.,5,0.783,5.21,0.916,4,4,4.17,0,1,0,4.5,1,5.79,0
STU5384,Kavya Sharma,Electrical Eng.,5,0.566,2.54,0.423,3,2,5.9,0,2,1,18.6,0,4.77,2
STU5385,Priya Nair,Biotechnology,2,0.551,2.04,0.444,6,4,4.29,0,3,2,0.6,0,9.21,1
STU5386,Amit Rao,Electrical Eng.,8,0.547,3.46,0.605,6,8,4.69,0,2,1,2.6,0,9.31,1
STU5387,Pooja Pandey,Mechanical Eng.,4,0.868,4.39,0.653,5,8,4.13,1,3,2,2.8,1,8.53,1
STU5388,Vihaan Mehta,Electrical Eng.,7,0.802,1.43,0.854,6,4,2.63,1,4,2,59.5,1,6.2,1
STU5389,Aditya Gupta,Information Tech.,3,0.501,4.01,0.33,7,8,5.79,0,3,3,10.1,1,1.04,2
STU5390,Sneha Kumar,Electrical Eng.,4,0.952,3.29,0.918,4,5,6.67,1,2,1,1.8,1,9.12,0
STU5391,Arjun Patel,Computer Science,1,0.791,4.8,0.527,5,10,6.53,0,2,2,3.8,1,5.3,1
STU5392,Rohan Nair,Electrical Eng.,2,0.762,3.18,0.69,4,6,7.14,0,3,2,2.2,1,6.14,1
STU5393,Ananya Patel,Mechanical Eng.,5,0.614,4.77,0.416,2,5,6.15,1,2,0,1.6,1,8.46,1
STU5394,Vivaan Patel,Civil Eng.,3,0.884,3.14,0.988,4,5,4.43,0,3,2,19.1,1,9.99,0
STU5395,Sneha Verma,Mechanical Eng.,8,0.745,3.03,0.564,2,6,7.18,1,2,1,8.2,0,9.93,1
STU5396,Vihaan Pandey,Mechanical Eng.,7,0.853,2.91,0.685,6,5,2.78,0,4,0,12.0,0,6.15,1
STU5397,Vivaan Rao,Electrical Eng.,6,0.778,0.78,0.754,3,2,3.7,0,4,0,4.8,0,7.44,1
STU5398,Sai Pandey,Computer Science,3,0.856,2.4,0.71,2,5,3.57,1,3,2,9.7,0,4.08,1
STU5399,Aarav Gupta,Computer Science,3,0.71,4.7,0.709,6,8,7.66,0,2,0,3.6,1,4.38,1
STU5400,Aarav Patel,Information Tech.,1,0.659,2.09,0.522,6,3,7.39,0,2,0,4.4,0,9.16,1
STU5401,Karan Yadav,Biotechnology,5,0.561,0.86,0.426,3,5,6.47,0,4,2,12.7,1,7.52,2
STU5402,Pooja Kumar,Biotechnology,8,0.767,1.49,0.687,6,4,7.64,0,3,1,2.0,1,4.69,1
STU5403,Ananya Kumar,Biotechnology,3,0.829,4.71,0.624,3,8,3.74,1,2,1,11.5,0,6.04,1
STU5404,Riya Gupta,Biotechnology,4,0.879,3.77,0.831,4,7,6.2,0,2,0,22.9,0,7.97,1
STU5405,Sai Verma,Information Tech.,8,0.851,2.94,0.854,6,5,5.25,1,2,0,1.5,0,8.21,0
STU5406,Karan Singh,Electronics,6,0.604,5.29,0.599,6,10,7.19,0,4,1,27.3,1,8.29,1
STU5407,Amit Nair,Mechanical Eng.,6,0.886,3.1,0.862,4,6,5.27,0,2,1,1.0,0,5.93,1
STU5408,Suresh Mishra,Electrical Eng.,3,0.864,3.74,0.585,4,7,4.73,1,3,2,5.1,1,4.89,1
STU5409,Ananya Singh,Mechanical Eng.,6,0.716,4.01,0.598,6,3,6.58,0,3,1,11.3,0,7.19,1
STU5410,Reyan Gupta,Electronics,3,0.786,3.61,0.685,6,8,7.25,1,3,3,9.8,0,8.62,0
STU5411,Vivaan Sharma,Electrical Eng.,3,0.729,3.6,0.802,5,6,4.16,0,4,0,1.2,0,7.88,1
STU5412,Kavya Mehta,Mechanical Eng.,1,0.856,4.54,0.712,7,9,5.38,0,4,1,19.2,1,9.46,0
STU5413,Ishita Gupta,Information Tech.,5,0.667,2.79,0.37,8,8,3.38,1,3,2,43.4,0,6.08,1
STU5414,Nikhil Pandey,Electronics,4,0.727,1.75,0.554,5,5,1.0,1,1,2,2.4,0,3.3,2
STU5415,Reyan Joshi,Mechanical Eng.,6,0.742,3.36,0.602,3,6,5.9,1,3,4,27.1,0,8.73,0
STU5416,Vihaan Joshi,Electrical Eng.,8,0.598,1.26,0.323,5,3,6.72,0,3,1,9.8,0,7.16,2
STU5417,Aarav Mehta,Information Tech.,2,0.789,4.15,0.807,3,11,6.02,0,3,1,33.0,1,4.5,0
STU5418,Reyan Yadav,Electronics,3,0.966,1.03,0.712,7,4,1.6,1,3,3,2.3,0,6.6,1
STU5419,Rohan Singh,Electronics,5,0.686,4.2,0.662,3,7,4.8,0,2,0,18.8,0,8.98,1
STU5420,Vivaan Sharma,Electronics,1,0.658,2.21,0.483,4,4,1.06,0,3,0,0.7,1,6.01,1
STU5421,Vihaan Kumar,Computer Science,4,0.704,4.6,0.784,3,6,8.24,0,2,1,25.8,1,10.0,0
STU5422,Nikhil Sharma,Civil Eng.,5,0.686,3.84,0.59,5,4,3.33,1,4,1,13.5,1,5.13,1
STU5423,Vihaan Mehta,Mechanical Eng.,3,0.83,3.29,0.699,5,8,8.01,0,2,1,5.5,1,6.09,1
STU5424,Aarav Reddy,Computer Science,8,0.872,4.66,0.838,6,6,7.39,0,4,3,2.5,0,8.76,0
STU5425,Sneha Mishra,Electronics,5,0.737,3.43,0.562,5,6,3.7,1,1,1,20.3,0,5.47,1
STU5426,Amit Patel,Mechanical Eng.,1,0.833,2.75,0.807,5,5,3.23,1,3,2,11.1,0,8.14,0
STU5427,Sneha Mishra,Mechanical Eng.,2,0.805,2.75,0.676,3,7,6.2,0,4,1,5.4,1,7.17,1
STU5428,Reyan Singh,Civil Eng.,1,0.735,3.86,0.602,4,5,3.81,1,2,1,7.0,0,8.34,1
STU5429,Vivaan Sharma,Civil Eng.,6,0.598,4.56,0.53,1,8,5.7,0,4,0,21.0,1,7.85,1
STU5430,Pooja Patel,Electrical Eng.,6,0.839,3.5,0.647,7,7,4.53,0,3,1,5.0,1,4.74,0
STU5431,Amit Gupta,Electrical Eng.,2,0.672,1.3,0.586,4,1,1.94,1,3,1,1.1,0,2.0,1
STU5432,Suresh Mishra,Information Tech.,3,0.67,1.68,0.637,8,2,1.04,1,2,2,29.1,1,6.72,1
STU5433,Pooja Pandey,Computer Science,8,0.693,3.71,0.392,4,5,5.95,0,3,2,5.9,1,7.8,1
STU5434,Kavya Yadav,Computer Science,4,0.855,4.14,0.879,1,7,4.38,0,3,1,5.1,0,4.48,1
STU5435,Sneha Yadav,Civil Eng.,6,0.699,1.42,0.71,3,4,4.39,0,3,0,2.7,1,7.76,1
STU5436,Vihaan Kumar,Civil Eng.,1,0.707,3.39,0.451,4,6,6.89,0,3,0,27.3,0,9.57,1
STU5437,Riya Mehta,Computer Science,4,0.608,3.87,0.346,4,8,7.85,0,3,1,2.9,1,6.08,1
STU5438,Karan Patel,Electrical Eng.,1,0.864,3.39,0.861,6,5,4.95,0,2,2,12.1,1,3.01,1
STU5439,Suresh Nair,Electronics,4,0.748,1.88,0.75,5,4,4.82,0,2,2,25.5,0,8.19,1
STU5440,Kavya Patel,Electronics,8,0.778,3.69,0.763,4,6,6.5,1,1,1,0.5,1,9.24,0
STU5441,Vivaan Kumar,Civil Eng.,2,0.38,2.46,0.199,2,4,2.79,0,2,3,21.2,0,4.51,2
STU5442,Sneha Kumar,Computer Science,7,0.697,2.54,0.81,4,8,5.95,0,4,1,6.3,0,8.18,1
STU5443,Sneha Gupta,Mechanical Eng.,5,0.725,3.84,0.577,6,3,6.6,0,4,1,12.9,0,7.58,1
STU5444,Karan Reddy,Electrical Eng.,5,0.662,3.41,0.62,6,8,6.86,1,2,1,5.6,1,6.86,1
STU5445,Rahul Verma,Electronics,2,0.814,3.08,0.758,3,7,1.63,1,5,1,14.3,0,6.53,1
STU5446,Pooja Yadav,Electrical Eng.,2,0.771,2.13,0.853,7,6,3.98,1,3,5,3.5,0,5.29,1
STU5447,Aarav Yadav,Electronics,3,0.782,3.23,0.716,6,6,3.74,1,5,1,0.5,0,4.14,0
STU5448,Rohan Verma,Biotechnology,6,0.834,2.74,0.792,3,7,5.7,0,4,0,35.4,0,7.44,1
STU5449,Kavya Pandey,Civil Eng.,6,0.606,3.22,0.538,5,5,6.46,0,4,0,0.5,0,7.42,1
STU5450,Nikhil Nair,Mechanical Eng.,1,0.742,4.9,0.548,5,8,8.49,0,1,1,20.9,1,2.96,1
STU5451,Rahul Kumar,Computer Science,4,0.754,3.63,0.447,2,6,4.51,0,2,1,2.2,0,4.23,1
STU5452,Ishita Rao,Computer Science,2,0.639,2.85,0.579,2,5,4.5,0,1,4,6.0,1,5.14,1
STU5453,Amit Sharma,Computer Science,4,0.848,4.02,0.622,6,7,7.8,0,4,1,20.7,0,8.28,1
STU5454,Amit Yadav,Mechanical Eng.,1,0.621,2.08,0.594,3,3,6.09,1,2,2,2.8,1,4.09,1
STU5455,Reyan Joshi,Mechanical Eng.,4,1.0,6.09,0.914,8,8,8.04,0,4,0,24.1,0,6.84,0
STU5456,Pooja Rao,Civil Eng.,6,0.674,4.65,0.619,8,10,6.08,0,2,0,8.3,0,10.0,0
STU5457,Aarav Sharma,Computer Science,7,1.0,3.74,0.795,6,11,3.19,1,4,1,5.5,0,6.08,0
STU5458,Aarav Yadav,Electrical Eng.,5,0.881,0.94,0.897,7,4,2.83,0,1,3,13.0,0,6.08,1
STU5459,Amit Pandey,Computer Science,3,0.669,2.0,0.649,2,6,2.4,1,2,2,5.0,1,5.61,1
STU5460,Sneha Patel,Mechanical Eng.,1,0.883,3.65,0.677,2,7,6.82,0,2,1,5.1,1,8.81,0
STU5461,Suresh Mehta,Computer Science,1,0.634,2.05,0.777,4,5,7.88,1,3,2,15.9,1,7.44,1
STU5462,Amit Verma,Electronics,3,0.955,5.83,0.838,2,10,9.2,0,2,1,4.4,1,7.36,0
STU5463,Sneha Pandey,Mechanical Eng.,6,0.815,5.9,0.6,5,11,7.19,0,4,0,2.7,0,7.43,0
STU5464,Sai Reddy,Electrical Eng.,6,0.719,6.82,0.571,3,12,7.83,0,1,1,19.8,1,9.73,0
STU5465,Amit Sharma,Electronics,1,0.258,2.05,0.081,4,3,4.34,0,2,2,19.6,0,7.03,2
STU5466,Riya Sharma,Information Tech.,3,0.692,3.1,0.758,4,10,3.19,1,4,1,8.3,1,6.06,1
STU5467,Riya Rao,Electrical Eng.,6,0.863,5.75,0.885,6,9,7.2,0,1,1,9.0,0,9.28,0
STU5468,Arjun Mishra,Civil Eng.,6,0.903,3.6,0.887,5,7,6.34,0,5,1,14.3,0,5.96,0
STU5469,Vivaan Verma,Electronics,2,0.726,3.03,0.708,4,5,5.71,0,5,1,8.5,1,1.0,1
STU5470,Rohan Patel,Mechanical Eng.,7,0.786,1.64,0.832,2,3,6.27,0,1,2,6.5,0,7.69,1
STU5471,Aditya Patel,Electronics,8,0.754,5.2,0.654,5,9,6.15,1,2,0,63.3,0,7.63,0
STU5472,Kavya Verma,Civil Eng.,8,0.735,4.4,0.704,1,8,8.07,0,2,2,1.9,0,6.3,1
STU5473,Karan Gupta,Electrical Eng.,2,0.869,3.55,0.701,7,7,8.09,0,4,1,10.8,0,6.94,1
STU5474,Ishita Yadav,Mechanical Eng.,6,0.477,4.32,0.414,5,6,6.59,0,3,2,26.0,0,9.24,1
STU5475,Priya Singh,Biotechnology,4,0.775,4.34,0.743,6,3,7.19,0,3,2,13.9,0,7.97,0
STU5476,Karan Verma,Biotechnology,5,0.718,4.16,0.338,2,4,6.53,0,4,1,25.5,1,9.61,1
STU5477,Aarav Nair,Electronics,5,0.888,3.11,0.737,5,6,4.58,0,1,0,4.9,0,6.86,1
STU5478,Rahul Reddy,Mechanical Eng.,7,0.779,6.05,0.717,3,10,7.01,0,4,1,3.8,1,6.83,0
STU5479,Karan Reddy,Electronics,1,0.768,2.65,0.684,5,5,2.71,1,4,1,22.9,0,7.09,1
STU5480,Vivaan Pandey,Civil Eng.,6,0.96,6.23,0.818,3,8,7.61,0,3,1,6.0,1,7.94,0
STU5481,Rahul Yadav,Electrical Eng.,1,0.565,3.61,0.568,4,7,3.11,0,4,0,14.8,0,6.72,1
STU5482,Karan Verma,Computer Science,4,0.753,4.24,0.607,2,7,6.07,0,4,1,1.9,0,6.41,1
STU5483,Arjun Verma,Biotechnology,5,0.668,3.01,0.479,4,5,3.81,1,2,1,16.9,0,5.11,1
STU5484,Sai Yadav,Mechanical Eng.,2,0.92,5.15,0.946,2,6,6.61,0,3,0,9.6,0,6.02,0
STU5485,Priya Kumar,Mechanical Eng.,2,0.832,3.77,0.853,8,5,5.43,1,3,3,3.8,0,7.57,0
STU5486,Priya Sharma,Mechanical Eng.,8,0.635,1.57,0.512,5,5,2.31,0,1,1,8.2,0,6.86,2
STU5487,Vihaan Reddy,Computer Science,7,0.584,2.74,0.519,4,4,6.34,1,5,2,14.3,1,2.17,1
STU5488,Priya Kumar,Computer Science,3,0.877,3.81,0.874,6,8,4.34,0,1,1,0.5,0,4.98,1
STU5489,Nikhil Singh,Biotechnology,2,0.715,3.09,0.648,2,8,7.26,0,3,0,12.2,0,4.32,1
STU5490,Rahul Patel,Electronics,5,0.549,3.58,0.547,3,5,5.5,0,3,2,9.4,1,5.75,1
STU5491,Karan Sharma,Computer Science,8,0.622,5.16,0.608,5,8,6.29,1,1,0,3.0,0,5.8,0
STU5492,Nikhil Joshi,Electronics,3,0.79,3.44,0.679,5,8,3.58,1,5,2,16.8,1,6.34,1
STU5493,Rohan Mehta,Computer Science,1,0.544,2.43,0.541,3,7,4.32,0,4,2,4.3,1,6.63,1
STU5494,Reyan Mehta,Electronics,4,1.0,5.07,0.804,6,7,4.58,1,3,0,3.9,0,10.0,0
STU5495,Ishita Sharma,Electrical Eng.,5,0.68,4.82,0.652,5,5,7.21,1,2,1,7.6,0,7.84,1
STU5496,Riya Sharma,Biotechnology,2,0.835,5.88,0.744,6,11,8.85,0,1,1,13.5,1,8.81,0
STU5497,Amit Nair,Electrical Eng.,7,0.637,0.45,0.537,5,3,3.89,1,2,2,31.7,0,3.61,2
STU5498,Riya Reddy,Electronics,7,0.7,4.69,0.506,3,8,7.65,0,2,1,1.8,1,6.69,1
STU5499,Amit Sharma,Computer Science,6,0.466,3.36,0.432,4,7,1.16,0,3,0,6.1,1,3.4,2
STU5500,Rahul Yadav,Biotechnology,3,0.822,4.97,0.744,1,6,3.11,1,5,2,0.8,0,7.01,0
STU5501,Riya Nair,Civil Eng.,6,0.562,1.32,0.422,3,4,3.58,0,3,1,17.1,1,6.17,2
STU5502,Karan Patel,Mechanical Eng.,2,0.785,4.29,0.547,4,7,2.79,1,4,1,7.1,1,5.22,1
STU5503,Arjun Rao,Computer Science,6,0.772,4.67,0.531,6,9,2.33,0,3,0,14.7,1,7.42,1
STU5504,Aditya Gupta,Civil Eng.,1,0.691,1.48,0.596,5,5,6.33,0,3,1,4.7,0,6.41,1
STU5505,Priya Rao,Electronics,2,0.951,4.1,0.887,3,8,5.07,0,4,1,22.3,1,8.92,0
STU5506,Rahul Gupta,Computer Science,6,0.719,4.62,0.832,3,8,6.26,1,3,0,9.2,0,9.25,0
STU5507,Aditya Patel,Computer Science,2,0.691,3.67,0.617,7,7,6.88,0,4,2,34.5,0,5.92,1
STU5508,Arjun Sharma,Mechanical Eng.,4,0.529,3.22,0.314,3,6,6.03,1,2,2,1.0,1,8.81,1
STU5509,Rohan Verma,Information Tech.,6,0.77,4.85,0.673,5,8,6.82,1,1,2,8.7,0,7.25,1
STU5510,Vihaan Gupta,Biotechnology,2,0.764,2.87,0.813,6,5,5.36,1,4,1,17.5,1,5.9,0
STU5511,Kavya Rao,Electronics,6,0.649,2.68,0.516,4,5,3.13,0,3,0,11.0,0,6.65,1
STU5512,Riya Mishra,Computer Science,7,0.86,5.26,0.886,4,9,7.62,0,4,1,0.5,0,4.43,0
STU5513,Arjun Mehta,Information Tech.,4,0.795,5.4,0.733,4,9,4.32,0,5,0,43.1,0,5.33,1
STU5514,Aditya Reddy,Computer Science,3,0.593,3.73,0.598,3,6,3.63,1,1,1,4.3,1,6.84,1
STU5515,Karan Reddy,Information Tech.,1,0.786,3.7,0.893,5,5,5.14,0,3,2,3.4,0,6.01,0
STU5516,Kavya Joshi,Electrical Eng.,6,0.675,2.48,0.423,1,2,3.67,1,2,2,8.0,0,8.04,1
STU5517,Rohan Gupta,Electronics,7,0.702,2.19,0.722,4,3,4.67,0,3,0,9.4,0,5.68,1
STU5518,Kavya Gupta,Computer Science,6,0.739,5.19,0.656,6,7,6.19,1,4,2,17.4,0,7.08,0
STU5519,Karan Patel,Computer Science,4,0.668,3.67,0.507,5,6,6.2,1,2,1,6.0,0,6.64,1
STU5520,Ishita Singh,Electrical Eng.,2,0.799,4.49,0.709,7,7,3.7,1,3,1,7.0,0,3.36,0
STU5521,Sai Joshi,Computer Science,7,0.691,2.96,0.791,6,4,4.52,0,4,1,9.2,0,7.06,0
STU5522,Reyan Pandey,Mechanical Eng.,3,0.948,3.52,0.986,6,3,7.65,0,1,1,6.0,1,7.87,0
STU5523,Rahul Mishra,Electronics,4,0.874,4.45,0.586,5,8,6.49,1,4,2,29.5,1,3.47,0
STU5524,Aarav Joshi,Civil Eng.,4,0.858,4.8,0.695,4,8,9.65,0,3,2,22.9,0,3.45,0
STU5525,Suresh Patel,Mechanical Eng.,3,0.695,2.91,0.72,5,6,7.86,0,5,1,7.3,0,6.54,1
STU5526,Rahul Mehta,Computer Science,1,0.618,6.52,0.554,5,11,7.79,0,2,1,0.5,1,9.55,0
STU5527,Ishita Mishra,Mechanical Eng.,3,0.586,2.06,0.525,3,5,2.72,1,1,1,27.7,0,10.0,1
STU5528,Arjun Patel,Electronics,6,0.731,5.22,0.501,3,8,7.03,1,3,2,1.6,0,3.83,1
STU5529,Ananya Pandey,Mechanical Eng.,1,0.752,4.63,0.602,4,9,5.39,0,1,1,3.4,1,9.54,1
STU5530,Reyan Pandey,Mechanical Eng.,8,0.668,1.81,0.466,7,6,4.4,0,5,2,2.0,1,8.41,1
STU5531,Aarav Gupta,Computer Science,7,0.781,2.55,0.537,5,4,5.84,1,1,1,2.4,1,5.7,1
STU5532,Suresh Gupta,Civil Eng.,8,0.787,3.86,0.583,5,8,7.39,1,4,0,19.5,1,10.0,0
STU5533,Suresh Sharma,Civil Eng.,1,0.856,2.91,0.677,6,5,6.5,1,3,1,10.4,1,7.79,0
STU5534,Reyan Sharma,Electrical Eng.,7,0.77,5.19,0.617,6,9,3.74,1,2,1,37.5,0,5.71,1
STU5535,Aarav Pandey,Electronics,2,0.785,3.86,0.622,5,8,6.98,0,1,1,3.2,1,3.89,1
STU5536,Vivaan Pandey,Information Tech.,4,0.815,4.34,0.835,5,7,4.22,0,3,0,8.0,0,6.45,0
STU5537,Nikhil Singh,Electronics,3,0.805,4.4,0.634,4,6,5.93,0,3,2,45.5,1,6.85,1
STU5538,Riya Mehta,Electrical Eng.,7,0.905,3.78,0.957,7,6,4.89,0,2,0,21.0,1,10.0,0
STU5539,Sneha Nair,Biotechnology,1,0.839,3.57,0.707,4,5,5.06,0,5,2,15.7,0,4.82,1
STU5540,Amit Gupta,Mechanical Eng.,7,0.665,5.59,0.643,7,7,7.03,0,2,0,2.5,1,5.51,0
STU5541,Sai Yadav,Civil Eng.,3,0.668,2.04,0.648,5,6,3.42,1,3,4,17.6,1,5.11,1
STU5542,Pooja Verma,Civil Eng.,4,0.874,6.89,0.697,5,11,9.39,0,3,3,5.1,0,10.0,0
STU5543,Vihaan Nair,Information Tech.,3,0.899,1.01,0.776,6,2,1.86,1,1,1,9.1,0,3.49,1
STU5544,Sneha Pandey,Electrical Eng.,5,0.73,4.23,0.606,3,6,4.3,0,5,3,11.3,1,8.65,1
STU5545,Sai Sharma,Electrical Eng.,7,0.57,2.19,0.55,5,3,6.24,0,2,3,11.3,1,4.07,1
STU5546,Reyan Pandey,Electrical Eng.,3,0.797,3.62,0.705,5,5,6.67,0,1,0,15.6,1,7.78,0
STU5547,Karan Verma,Computer Science,1,0.808,3.7,0.652,5,8,5.3,0,2,3,13.0,0,6.77,1
STU5548,Rahul Yadav,Information Tech.,2,0.712,3.03,0.653,3,5,5.39,0,3,0,0.8,1,5.36,1
STU5549,Amit Yadav,Information Tech.,5,0.721,3.68,0.683,3,10,6.32,1,3,0,7.3,1,8.19,0
STU5550,Aarav Yadav,Electronics,6,0.788,1.85,0.894,1,4,5.04,0,3,2,13.1,1,5.07,1
STU5551,Aarav Rao,Mechanical Eng.,2,0.63,3.3,0.573,3,5,8.29,1,1,0,4.2,0,4.58,1
STU5552,Reyan Reddy,Mechanical Eng.,2,0.749,4.75,0.675,3,9,7.18,0,2,0,4.5,0,6.59,0
STU5553,Suresh Singh,Computer Science,4,0.706,4.21,0.678,3,5,7.25,1,4,3,1.6,1,5.52,1
STU5554,Riya Sharma,Computer Science,2,0.821,2.24,0.644,4,5,3.57,0,1,4,6.5,0,6.54,1
STU5555,Amit Kumar,Electrical Eng.,2,0.842,5.19,0.585,5,6,5.34,0,4,2,52.0,0,6.09,1
STU5556,Suresh Reddy,Computer Science,3,0.552,2.01,0.466,5,1,4.9,0,1,2,4.0,1,9.28,1
STU5557,Vivaan Singh,Computer Science,8,0.589,2.61,0.637,5,5,3.49,0,4,3,9.1,0,5.47,2
STU5558,Rohan Sharma,Mechanical Eng.,5,0.955,3.26,0.983,6,7,6.22,1,2,0,16.3,0,7.36,0
STU5559,Reyan Reddy,Mechanical Eng.,5,0.893,4.07,0.615,6,7,4.42,0,3,3,0.5,0,4.24,1
STU5560,Amit Yadav,Electrical Eng.,3,0.865,4.1,0.845,5,7,6.81,0,2,1,27.7,1,6.28,0
STU5561,Amit Sharma,Mechanical Eng.,1,0.717,2.88,0.426,5,2,3.36,1,1,3,5.9,0,4.37,1
STU5562,Karan Kumar,Biotechnology,5,0.88,2.47,0.838,7,5,8.94,0,2,2,24.4,1,9.81,0
STU5563,Vihaan Reddy,Biotechnology,5,0.634,4.15,0.61,6,7,3.71,1,1,3,0.5,0,4.75,1
STU5564,Arjun Kumar,Computer Science,8,0.831,3.52,0.576,2,7,5.94,0,2,2,1.9,0,5.61,1
STU5565,Sai Mishra,Biotechnology,5,0.717,4.26,0.746,4,6,7.08,0,3,2,4.7,0,7.66,0
STU5566,Sneha Sharma,Computer Science,8,0.667,2.41,0.774,1,6,4.36,0,3,2,5.1,0,5.02,1
STU5567,Reyan Mehta,Mechanical Eng.,4,0.81,3.07,0.723,1,5,7.2,0,4,2,22.6,1,9.7,1
STU5568,Riya Reddy,Information Tech.,8,0.771,4.71,0.708,4,7,3.04,1,3,2,0.5,0,9.44,0
STU5569,Vihaan Singh,Electronics,5,0.644,2.39,0.727,4,6,8.4,1,3,0,12.3,1,5.91,0
STU5570,Pooja Sharma,Computer Science,1,0.636,2.39,0.46,3,3,5.53,1,3,2,1.7,1,8.18,1
STU5571,Priya Mehta,Electronics,5,0.564,5.07,0.398,1,9,4.31,0,3,0,20.8,1,4.77,1
STU5572,Kavya Mehta,Civil Eng.,6,0.861,4.24,0.691,6,5,4.9,0,3,2,18.1,1,5.83,1
STU5573,Riya Rao,Biotechnology,1,0.629,3.74,0.57,3,7,7.12,0,4,0,8.3,1,8.38,0
STU5574,Karan Mehta,Information Tech.,5,1.0,4.8,0.903,6,7,4.33,0,2,3,2.9,1,6.55,0
STU5575,Ananya Mehta,Biotechnology,7,0.715,3.74,0.588,3,6,4.0,0,1,1,12.1,0,6.5,1
STU5576,Vihaan Gupta,Electrical Eng.,6,0.909,3.8,0.788,4,2,5.06,1,3,0,2.0,1,8.49,0
STU5577,Arjun Verma,Electronics,1,0.511,3.21,0.406,5,5,3.15,0,2,3,2.5,0,7.91,2
STU5578,Rohan Pandey,Biotechnology,7,0.9,5.3,0.761,4,8,9.14,0,4,0,11.8,0,7.83,0
STU5579,Vivaan Patel,Computer Science,7,0.875,3.92,0.711,5,9,4.37,0,4,1,56.8,0,5.17,1
STU5580,Arjun Gupta,Electronics,3,1.0,6.78,0.824,6,10,7.16,0,1,1,26.6,1,7.15,0
STU5581,Karan Joshi,Computer Science,7,0.558,3.54,0.302,1,5,5.92,0,1,1,10.8,0,4.96,2
STU5582,Vivaan Rao,Biotechnology,5,0.63,2.86,0.545,5,7,3.53,1,3,1,9.3,0,7.47,1
STU5583,Amit Reddy,Computer Science,8,0.756,2.16,0.485,3,4,5.49,0,3,2,77.1,1,6.31,1
STU5584,Riya Verma,Electrical Eng.,7,0.78,4.06,0.777,2,8,7.07,0,2,3,9.5,1,5.13,1
STU5585,Sneha Pandey,Electrical Eng.,7,0.866,5.77,0.724,3,9,5.12,1,4,0,6.5,0,8.95,0
STU5586,Kavya Reddy,Mechanical Eng.,8,0.779,5.55,0.689,6,7,7.89,0,3,0,28.8,0,7.34,0
STU5587,Nikhil Rao,Electronics,1,0.931,3.61,0.8,2,8,7.54,0,2,1,3.2,0,5.92,0
STU5588,Pooja Mishra,Mechanical Eng.,4,1.0,4.24,0.876,6,8,7.34,0,1,1,1.2,1,9.26,0
STU5589,Rohan Rao,Mechanical Eng.,7,0.685,1.82,0.743,5,6,4.58,1,4,1,12.1,1,8.64,0
STU5590,Amit Singh,Computer Science,4,0.728,1.84,0.52,5,4,3.34,0,2,1,1.2,0,2.61,1
STU5591,Karan Nair,Electronics,3,0.745,3.46,0.508,5,7,4.27,0,4,1,5.6,0,8.28,1
STU5592,Ishita Nair,Computer Science,2,0.881,3.17,0.805,4,9,5.89,0,3,3,6.6,1,7.05,1
STU5593,Arjun Joshi,Information Tech.,4,0.808,2.72,0.678,6,6,6.59,0,3,0,9.5,1,8.73,0
STU5594,Vivaan Gupta,Mechanical Eng.,5,0.589,2.93,0.566,3,5,1.16,1,4,1,57.4,0,5.22,1
STU5595,Priya Reddy,Electrical Eng.,3,0.668,3.55,0.673,1,9,5.48,0,4,2,3.0,0,7.33,1
STU5596,Rahul Mehta,Electrical Eng.,1,0.553,1.86,0.387,4,5,5.82,0,2,0,5.7,1,6.2,2
STU5597,Amit Mishra,Electronics,6,0.963,0.99,0.927,7,3,4.94,0,2,2,1.7,1,8.27,1
STU5598,Rohan Mishra,Mechanical Eng.,6,0.826,3.74,0.641,6,9,8.08,0,4,1,11.2,1,6.22,0
STU5599,Sai Singh,Information Tech.,6,0.608,2.0,0.555,8,3,6.34,0,3,1,15.6,0,8.75,1
STU5600,Amit Patel,Electronics,1,0.607,2.19,0.422,4,5,8.12,0,2,1,7.9,0,7.76,1
STU5601,Amit Pandey,Mechanical Eng.,7,0.892,4.88,0.816,4,10,5.07,0,5,1,3.4,1,7.88,0
STU5602,Aditya Nair,Computer Science,1,0.872,4.1,0.783,4,9,7.37,0,2,2,11.6,0,5.4,1
STU5603,Vivaan Pandey,Electrical Eng.,1,0.868,4.31,0.671,3,6,8.77,0,1,3,9.3,0,8.39,0
STU5604,Sneha Reddy,Biotechnology,5,0.717,4.21,0.51,3,5,8.12,0,1,1,2.3,1,8.4,1
STU5605,Suresh Gupta,Computer Science,4,0.702,1.63,0.707,2,4,3.32,1,3,2,6.2,0,9.33,1
STU5606,Vivaan Yadav,Information Tech.,6,0.773,3.99,0.65,0,8,4.99,0,3,0,6.9,0,7.75,1
STU5607,Karan Gupta,Electronics,1,0.619,3.29,0.658,3,4,4.81,0,2,2,48.6,1,5.38,2
STU5608,Rahul Pandey,Computer Science,7,0.61,3.03,0.495,4,6,6.48,0,2,2,22.7,1,5.81,1
STU5609,Rohan Pandey,Electrical Eng.,7,0.783,3.33,0.835,6,4,6.87,0,2,0,15.9,1,8.43,0
STU5610,Ishita Pandey,Civil Eng.,6,0.691,1.67,0.527,3,6,3.82,1,3,1,26.4,0,5.17,1
STU5611,Vihaan Mishra,Electronics,8,0.795,3.2,0.862,3,5,5.64,1,1,0,16.0,0,5.76,0
STU5612,Rahul Yadav,Biotechnology,8,0.781,2.15,0.72,7,4,1.46,1,5,1,28.0,0,3.89,1
STU5613,Kavya Mishra,Information Tech.,5,0.94,4.0,0.886,2,8,8.38,0,2,2,0.7,1,7.75,0
STU5614,Karan Sharma,Mechanical Eng.,8,0.643,3.41,0.479,4,7,4.48,0,5,3,7.3,1,6.74,1
STU5615,Riya Kumar,Computer Science,3,0.819,3.59,0.81,7,7,5.61,1,2,2,16.5,1,6.1,0
STU5616,Amit Kumar,Computer Science,8,0.84,3.74,0.832,3,8,4.88,1,4,1,10.5,1,9.52,0
STU5617,Aditya Yadav,Biotechnology,6,0.781,5.47,0.671,1,9,7.79,0,2,1,2.3,0,8.37,1
STU5618,Pooja Singh,Biotechnology,5,0.735,3.01,0.448,8,8,1.0,1,1,1,5.0,0,8.46,1
STU5619,Aditya Sharma,Information Tech.,6,0.757,4.79,0.57,6,5,5.47,0,4,1,4.6,0,6.88,1
STU5620,Reyan Gupta,Biotechnology,8,0.956,2.57,0.749,7,5,5.29,1,4,1,3.6,1,5.27,0
STU5621,Reyan Singh,Mechanical Eng.,3,0.723,2.77,0.696,4,5,4.59,0,3,1,5.0,0,4.59,1
STU5622,Karan Gupta,Information Tech.,6,0.873,5.47,0.739,6,8,8.95,1,4,1,8.7,1,7.46,0
STU5623,Rohan Joshi,Electrical Eng.,4,0.725,3.92,0.608,0,7,3.73,1,3,1,23.2,0,7.47,1
STU5624,Amit Joshi,Electronics,6,0.674,3.3,0.55,3,6,7.04,0,4,0,16.3,0,6.58,1
STU5625,Ishita Nair,Civil Eng.,6,0.628,4.6,0.712,6,9,6.21,1,2,0,21.6,1,8.41,0
STU5626,Reyan Kumar,Information Tech.,7,0.863,3.27,0.781,2,4,8.02,0,3,1,25.8,0,9.93,0
STU5627,Aditya Rao,Mechanical Eng.,1,0.845,3.83,0.781,4,10,4.17,1,3,1,6.5,0,4.8,0
STU5628,Sai Sharma,Biotechnology,6,0.691,3.18,0.56,5,5,4.03,0,2,1,5.1,0,4.23,1
STU5629,Aditya Joshi,Computer Science,7,0.598,2.65,0.535,3,6,7.69,1,4,0,0.7,0,9.01,0
STU5630,Vihaan Yadav,Civil Eng.,8,0.757,3.38,0.584,5,6,6.35,0,2,1,32.0,1,7.39,1
STU5631,Arjun Yadav,Information Tech.,8,0.754,5.34,0.713,5,9,2.41,1,1,0,0.8,1,6.31,1
STU5632,Pooja Reddy,Civil Eng.,2,0.716,3.57,0.53,5,5,4.42,0,3,3,16.2,0,7.58,1
STU5633,Aditya Joshi,Mechanical Eng.,6,0.714,6.64,0.717,4,10,6.27,0,3,0,5.7,1,4.14,0
STU5634,Priya Joshi,Civil Eng.,3,0.723,2.42,0.577,3,6,7.18,0,2,0,35.7,1,7.95,1
STU5635,Sneha Nair,Electrical Eng.,2,0.794,4.14,0.81,5,3,4.14,1,2,1,6.5,0,6.57,0
STU5636,Kavya Verma,Computer Science,5,0.731,0.0,0.849,5,2,1.0,1,5,1,20.4,0,6.13,1
STU5637,Amit Yadav,Electronics,7,0.74,3.96,0.667,5,6,6.55,0,2,1,4.0,0,5.25,1
STU5638,Nikhil Rao,Mechanical Eng.,8,0.707,3.68,0.767,5,10,3.06,1,3,0,4.3,0,6.06,1
STU5639,Riya Verma,Information Tech.,5,0.551,3.45,0.571,5,7,1.47,0,4,4,10.9,1,4.57,1
STU5640,Priya Singh,Computer Science,2,0.786,1.34,0.564,6,6,1.0,0,3,4,74.5,0,7.18,1
STU5641,Rahul Mishra,Electrical Eng.,4,0.923,5.39,0.841,5,9,7.13,0,5,1,8.7,1,6.98,0
STU5642,Karan Mehta,Electronics,7,0.727,3.09,0.704,5,6,5.76,1,4,2,33.0,1,5.65,1
STU5643,Pooja Joshi,Biotechnology,1,0.573,3.32,0.576,3,7,5.05,0,3,1,18.5,0,4.73,1
STU5644,Kavya Singh,Mechanical Eng.,8,0.613,3.96,0.569,7,8,8.28,0,3,3,19.1,1,9.05,1
STU5645,Ananya Singh,Civil Eng.,8,0.641,2.67,0.594,2,8,6.77,1,3,1,6.9,1,8.8,0
STU5646,Amit Singh,Computer Science,5,0.976,6.5,0.879,5,10,8.73,0,3,0,5.9,0,10.0,0
STU5647,Vihaan Verma,Information Tech.,2,0.75,2.87,0.688,3,5,2.71,0,4,0,2.6,1,5.23,1
STU5648,Ananya Mishra,Information Tech.,2,0.618,4.93,0.434,1,9,5.43,0,2,0,39.9,1,4.81,1
STU5649,Vivaan Yadav,Information Tech.,6,0.806,3.93,0.702,5,5,2.27,1,2,1,38.4,0,5.45,1
STU5650,Ananya Joshi,Biotechnology,3,0.593,2.35,0.389,4,5,5.04,0,2,1,16.5,1,5.26,1
STU5651,Ishita Reddy,Mechanical Eng.,2,0.736,4.96,0.612,5,9,5.0,0,1,1,4.2,1,5.37,1
STU5652,Riya Verma,Civil Eng.,8,0.902,4.63,0.753,4,7,6.75,0,1,1,3.4,0,7.88,0
STU5653,Arjun Patel,Mechanical Eng.,8,0.789,2.43,0.645,6,4,5.59,0,4,3,53.7,0,8.64,1
STU5654,Riya Nair,Information Tech.,2,0.914,4.56,0.717,7,7,6.75,0,3,1,0.8,0,7.77,0
STU5655,Amit Patel,Electrical Eng.,3,0.711,2.84,0.667,2,5,6.91,0,3,2,22.3,1,7.28,1
STU5656,Sai Mishra,Electrical Eng.,3,0.981,6.87,0.851,8,9,9.81,0,3,1,5.3,1,9.42,0
STU5657,Aarav Singh,Computer Science,5,0.707,4.44,0.594,4,7,4.87,0,4,2,6.5,0,6.05,1
STU5658,Amit Verma,Information Tech.,7,0.689,3.0,0.479,6,3,3.62,1,3,0,21.4,1,8.7,1
STU5659,Karan Kumar,Electrical Eng.,6,0.773,5.32,0.666,5,9,5.99,0,4,0,1.1,0,10.0,0
STU5660,Suresh Sharma,Civil Eng.,4,0.654,1.27,0.703,5,4,3.9,1,2,2,5.2,0,5.04,1
STU5661,Riya Yadav,Civil Eng.,5,0.591,3.64,0.648,5,7,8.46,0,5,2,36.4,0,9.72,1
STU5662,Reyan Joshi,Mechanical Eng.,4,0.7,3.18,0.667,7,5,4.93,0,3,1,14.4,0,8.66,1
STU5663,Kavya Mehta,Electronics,6,1.0,5.99,0.87,7,9,4.37,0,2,0,16.9,0,7.26,0
STU5664,Rahul Pandey,Information Tech.,1,0.552,2.08,0.553,4,3,4.56,0,3,1,17.0,0,8.68,1
STU5665,Nikhil Nair,Electrical Eng.,3,0.522,2.03,0.403,4,5,6.94,0,3,1,0.7,0,7.72,1
STU5666,Vihaan Singh,Information Tech.,5,0.523,1.82,0.441,3,2,5.18,0,1,3,2.7,1,7.72,2
STU5667,Kavya Mishra,Computer Science,6,1.0,4.35,0.826,6,7,4.22,0,3,1,8.1,0,6.41,0
STU5668,Aditya Kumar,Electrical Eng.,3,0.813,3.94,0.823,6,6,8.83,0,2,1,5.5,1,7.9,0
STU5669,Amit Nair,Computer Science,8,0.685,2.95,0.695,4,8,3.79,0,1,2,6.4,1,7.28,1
STU5670,Aarav Verma,Mechanical Eng.,3,0.792,4.59,0.709,7,8,5.57,0,5,0,18.2,1,7.43,0
STU5671,Nikhil Patel,Biotechnology,4,0.781,3.85,0.876,7,7,6.8,1,3,0,0.5,0,5.16,0
STU5672,Amit Yadav,Electrical Eng.,8,0.64,2.92,0.617,8,4,2.24,1,4,1,13.0,0,6.59,1
STU5673,Karan Singh,Electrical Eng.,2,0.721,4.58,0.685,3,5,6.46,0,3,1,0.5,0,6.5,1
STU5674,Suresh Nair,Electronics,6,0.681,2.5,0.638,4,6,3.39,1,2,1,0.8,1,5.02,1
STU5675,Ishita Yadav,Computer Science,6,0.671,3.94,0.477,4,9,7.15,0,3,0,6.3,0,8.89,1
STU5676,Vihaan Nair,Mechanical Eng.,2,0.687,3.36,0.529,10,7,3.57,1,3,1,22.1,1,4.39,1
STU5677,Pooja Joshi,Electrical Eng.,8,0.847,5.11,0.757,5,8,6.89,0,5,0,1.9,0,6.58,0
STU5678,Pooja Joshi,Electrical Eng.,6,0.615,3.36,0.549,7,6,7.71,0,2,1,9.7,0,5.39,1
STU5679,Pooja Mishra,Civil Eng.,3,0.935,0.54,0.9,7,3,7.22,0,4,1,13.6,0,6.44,1
STU5680,Suresh Verma,Computer Science,7,0.875,4.62,0.721,5,8,6.0,0,5,0,3.1,1,10.0,0
STU5681,Aarav Pandey,Electrical Eng.,5,0.633,4.62,0.576,4,7,5.04,0,3,2,8.6,1,5.13,1
STU5682,Arjun Singh,Civil Eng.,5,0.444,3.54,0.409,5,5,4.35,0,5,1,29.1,0,6.03,2
STU5683,Sai Joshi,Mechanical Eng.,6,0.712,4.85,0.653,7,8,8.44,0,2,1,8.6,1,10.0,0
STU5684,Sneha Rao,Civil Eng.,4,0.784,2.55,0.707,4,7,4.1,1,5,2,2.1,0,7.02,1
STU5685,Rohan Verma,Biotechnology,1,0.804,3.63,0.583,4,8,3.43,1,4,3,11.9,0,5.78,1
STU5686,Aarav Verma,Biotechnology,5,0.79,5.07,0.485,6,6,6.83,0,1,0,10.8,1,5.8,0
STU5687,Vivaan Mishra,Electronics,6,0.657,3.24,0.498,2,6,3.91,1,5,1,0.5,0,7.38,1
STU5688,Arjun Singh,Computer Science,1,0.734,6.07,0.608,5,10,3.6,1,3,2,1.1,0,5.5,1
STU5689,Rahul Yadav,Electronics,7,0.588,0.91,0.411,6,5,2.61,0,3,3,2.0,0,9.7,2
STU5690,Ishita Patel,Electrical Eng.,3,0.621,3.56,0.553,5,9,4.53,0,3,0,1.8,1,5.85,1
STU5691,Amit Mishra,Biotechnology,8,0.64,2.19,0.685,3,4,5.33,0,1,0,3.6,0,9.64,1
STU5692,Sai Sharma,Civil Eng.,7,0.954,4.85,0.931,3,9,5.99,0,3,2,7.3,1,8.38,0
STU5693,Arjun Kumar,Computer Science,4,0.6,2.32,0.587,7,5,7.4,0,4,1,5.6,1,8.78,1
STU5694,Karan Mehta,Mechanical Eng.,6,0.768,2.37,0.79,4,5,6.55,0,1,3,26.6,0,6.68,1
STU5695,Ananya Mehta,Mechanical Eng.,4,0.803,2.78,0.63,3,5,5.12,0,2,3,11.4,1,5.71,1
STU5696,Suresh Rao,Mechanical Eng.,3,0.624,3.85,0.516,7,7,5.1,0,1,0,25.1,1,6.06,1
STU5697,Amit Yadav,Electronics,3,0.628,3.24,0.627,6,8,6.52,0,3,2,9.0,1,8.84,1
STU5698,Rahul Yadav,Mechanical Eng.,1,0.877,3.71,0.742,3,4,8.05,0,4,1,1.1,0,8.36,0
STU5699,Aarav Yadav,Computer Science,5,0.629,3.51,0.524,9,7,5.75,0,4,2,7.5,0,3.37,1
STU5700,Vivaan Pandey,Civil Eng.,7,0.716,3.08,0.831,3,8,4.56,0,5,1,20.7,1,4.05,1
STU5701,Aditya Kumar,Electrical Eng.,6,1.0,4.84,0.91,7,10,3.51,1,3,0,2.6,0,5.81,0
STU5702,Vivaan Nair,Computer Science,5,0.862,3.61,0.952,9,7,2.61,0,2,2,1.1,1,6.75,0
STU5703,Aarav Pandey,Mechanical Eng.,2,0.757,3.66,0.499,6,5,6.83,0,5,0,4.8,1,6.64,0
STU5704,Arjun Gupta,Computer Science,1,0.961,6.51,0.802,5,11,6.66,0,4,2,5.9,0,6.09,0
STU5705,Riya Reddy,Electronics,8,0.777,4.59,0.74,2,9,6.65,0,3,1,4.4,1,5.22,0
STU5706,Arjun Kumar,Biotechnology,4,0.819,2.41,0.746,9,4,5.24,0,3,0,1.7,1,8.22,0
STU5707,Priya Kumar,Electrical Eng.,1,0.547,4.8,0.286,6,8,8.31,1,5,0,3.5,0,7.67,1
STU5708,Sneha Verma,Electrical Eng.,6,0.743,4.0,0.646,2,6,4.53,1,4,2,13.8,1,9.38,1
STU5709,Suresh Mishra,Information Tech.,1,0.486,3.4,0.684,7,5,7.41,1,2,1,5.9,1,4.88,1
STU5710,Karan Kumar,Computer Science,7,0.714,2.36,0.667,5,4,5.42,0,4,3,12.0,1,7.87,1
STU5711,Reyan Sharma,Computer Science,3,0.707,3.39,0.697,4,6,4.28,0,1,0,9.2,1,7.27,1
STU5712,Rohan Mehta,Civil Eng.,3,0.906,3.57,0.751,4,5,6.69,0,2,1,9.6,0,8.53,1
STU5713,Priya Sharma,Electronics,3,0.912,5.67,0.845,5,7,6.32,1,3,2,3.4,0,8.38,0
STU5714,Vivaan Mishra,Civil Eng.,8,0.727,4.75,0.653,6,6,6.21,0,2,0,8.8,1,5.95,0
STU5715,Suresh Pandey,Biotechnology,8,0.668,2.93,0.713,3,6,5.66,0,1,1,0.5,1,6.37,1
STU5716,Nikhil Gupta,Mechanical Eng.,3,0.811,4.14,0.839,5,5,5.42,0,1,2,6.8,1,6.93,1
STU5717,Aditya Sharma,Electrical Eng.,6,0.792,6.52,0.754,11,6,10.0,0,3,1,10.2,0,6.19,0
STU5718,Suresh Yadav,Biotechnology,3,0.704,2.69,0.64,5,7,7.87,0,4,2,2.4,0,9.22,1
STU5719,Sai Kumar,Information Tech.,1,0.872,2.86,0.617,7,4,6.95,0,5,2,3.6,0,2.63,1
STU5720,Rahul Sharma,Computer Science,8,0.649,3.7,0.412,2,6,5.72,0,2,1,3.0,1,4.63,1
STU5721,Vivaan Reddy,Mechanical Eng.,3,0.718,4.3,0.655,2,9,7.51,1,3,2,0.9,0,4.23,0
STU5722,Arjun Mishra,Electronics,6,0.719,3.9,0.735,7,5,6.54,0,5,1,5.1,0,8.94,1
STU5723,Aditya Patel,Computer Science,5,1.0,3.29,1.0,7,4,5.55,0,2,2,46.3,0,7.05,0
STU5724,Sai Mishra,Information Tech.,5,0.796,3.08,0.627,8,5,4.89,0,4,0,5.2,1,5.51,1
STU5725,Sai Pandey,Electrical Eng.,2,0.898,4.06,0.658,5,8,5.34,0,4,3,7.4,1,6.77,0
STU5726,Suresh Kumar,Computer Science,5,0.839,3.66,0.848,7,6,1.0,1,1,2,12.7,0,5.78,1
STU5727,Ishita Kumar,Electrical Eng.,2,0.828,3.2,0.664,0,6,5.92,0,4,1,12.5,1,4.55,1
STU5728,Aditya Yadav,Electrical Eng.,6,0.908,6.28,0.66,6,9,4.52,0,4,1,35.9,1,6.62,0
STU5729,Aarav Joshi,Mechanical Eng.,5,0.922,6.96,0.781,7,11,8.69,0,1,0,23.4,0,10.0,0
STU5730,Nikhil Patel,Electrical Eng.,8,0.636,5.26,0.521,3,10,5.54,0,1,1,19.0,0,9.48,1
STU5731,Suresh Yadav,Information Tech.,6,0.79,3.68,0.843,7,11,3.12,1,1,4,36.3,0,7.47,1
STU5732,Ananya Joshi,Mechanical Eng.,4,0.828,6.03,0.832,4,9,5.4,0,2,0,3.1,0,7.09,0
STU5733,Reyan Kumar,Biotechnology,2,0.772,2.67,0.621,4,7,3.41,1,3,3,11.5,0,7.69,1
STU5734,Sai Pandey,Electronics,7,0.709,2.93,0.778,4,7,6.45,0,3,0,26.2,0,8.2,1
STU5735,Rohan Patel,Information Tech.,8,0.819,3.19,0.75,8,6,6.08,0,2,1,11.7,1,4.8,1
STU5736,Suresh Patel,Computer Science,1,0.834,3.02,0.856,4,2,7.42,0,5,1,45.5,0,5.58,1
STU5737,Vivaan Pandey,Electrical Eng.,3,0.383,3.32,0.478,3,5,3.92,0,2,1,1.3,0,7.32,2
STU5738,Sai Joshi,Civil Eng.,8,0.709,4.03,0.612,3,6,5.57,0,1,1,6.9,1,5.47,1
STU5739,Ananya Mehta,Computer Science,2,0.5,3.07,0.507,3,6,2.77,0,2,2,45.5,1,3.99,2
STU5740,Sai Sharma,Electrical Eng.,5,0.791,4.06,0.671,5,7,6.9,0,3,1,5.7,1,9.39,1
STU5741,Aditya Patel,Information Tech.,8,0.729,4.12,0.749,6,6,6.54,0,3,0,16.1,1,7.07,0
STU5742,Karan Kumar,Computer Science,1,1.0,6.03,0.909,3,12,6.49,0,2,1,0.5,0,6.83,0
STU5743,Aarav Mishra,Civil Eng.,5,0.801,4.4,0.817,5,9,5.5,0,1,2,14.2,0,4.49,1
STU5744,Rohan Pandey,Biotechnology,1,0.742,5.01,0.82,6,5,6.33,0,4,3,32.7,0,6.09,1
STU5745,Aditya Kumar,Electrical Eng.,5,0.906,4.84,0.87,3,7,8.71,1,5,0,5.8,1,6.99,0
STU5746,Sai Yadav,Mechanical Eng.,3,0.623,1.54,0.552,4,5,4.93,0,2,3,0.5,0,4.85,2
STU5747,Sneha Sharma,Civil Eng.,7,0.603,1.56,0.535,4,6,5.78,0,2,1,0.5,0,4.55,1
STU5748,Aarav Rao,Electrical Eng.,4,0.867,5.5,0.485,5,8,3.33,0,3,0,26.7,0,9.14,1
STU5749,Ananya Verma,Computer Science,7,0.893,2.49,0.733,4,5,3.76,0,4,3,15.4,1,8.67,1
STU5750,Amit Pandey,Computer Science,6,0.821,2.97,0.832,4,6,5.7,0,2,1,1.4,1,6.52,1
STU5751,Vivaan Patel,Civil Eng.,5,0.852,4.61,0.864,5,9,7.71,1,5,2,0.7,1,4.92,0
STU5752,Aarav Gupta,Civil Eng.,5,1.0,4.16,0.827,9,5,4.99,1,3,2,19.6,0,3.39,0
STU5753,Ananya Nair,Mechanical Eng.,8,0.685,4.32,0.633,4,4,5.03,0,3,1,19.9,0,5.7,1
STU5754,Amit Mishra,Biotechnology,7,0.731,5.54,0.639,7,11,4.69,0,3,1,1.5,0,2.35,1
STU5755,Pooja Gupta,Civil Eng.,2,0.823,5.13,0.809,7,7,4.43,0,5,1,4.3,0,5.51,0
STU5756,Suresh Yadav,Mechanical Eng.,3,0.896,2.85,1.0,2,9,6.09,0,4,1,18.2,1,3.19,1
STU5757,Nikhil Nair,Electrical Eng.,1,0.644,3.91,0.65,4,5,2.51,1,1,2,8.9,1,5.58,1
STU5758,Vivaan Kumar,Electronics,2,0.969,3.96,0.805,8,6,8.06,0,2,3,37.6,1,7.77,0
STU5759,Priya Patel,Civil Eng.,3,0.551,3.09,0.488,4,6,4.17,1,3,1,7.9,0,5.91,1
STU5760,Sai Nair,Mechanical Eng.,3,0.696,2.77,0.767,4,2,6.94,0,2,4,13.6,1,10.0,1
STU5761,Priya Mishra,Civil Eng.,8,0.655,0.86,0.449,6,7,2.96,1,4,1,8.6,0,5.52,1
STU5762,Amit Nair,Mechanical Eng.,8,0.655,4.01,0.528,6,6,6.84,0,4,1,34.4,1,10.0,1
STU5763,Ishita Mehta,Electrical Eng.,2,0.642,2.91,0.649,4,4,6.84,0,4,2,6.1,1,7.59,1
STU5764,Ananya Yadav,Civil Eng.,6,0.895,4.99,0.935,4,6,6.27,0,5,0,3.1,1,10.0,0
STU5765,Priya Patel,Civil Eng.,6,0.882,2.72,0.854,0,6,3.51,1,2,3,4.7,1,2.89,1
STU5766,Ananya Nair,Electronics,1,0.513,4.17,0.401,4,7,6.0,0,4,2,23.0,1,4.85,1
STU5767,Ananya Verma,Mechanical Eng.,4,0.805,4.58,0.778,4,6,3.13,1,4,2,8.3,0,5.42,0
STU5768,Pooja Reddy,Electronics,7,0.655,1.72,0.631,2,2,4.99,0,2,2,5.2,0,9.38,1
STU5769,Rahul Singh,Computer Science,2,0.749,3.4,0.709,4,8,7.56,0,4,3,9.4,1,6.84,0
STU5770,Rahul Nair,Computer Science,5,0.736,4.35,0.653,4,6,7.09,0,1,1,1.7,0,5.9,1
STU5771,Rohan Gupta,Biotechnology,6,0.607,4.03,0.551,5,4,5.53,0,4,1,0.5,1,7.75,1
STU5772,Kavya Gupta,Computer Science,4,0.961,4.39,0.774,4,7,3.55,0,3,3,4.0,0,7.7,0
STU5773,Karan Patel,Civil Eng.,1,0.942,5.08,1.0,6,7,6.79,0,2,1,11.1,0,5.66,0
STU5774,Ishita Yadav,Information Tech.,1,0.739,3.78,0.68,5,9,5.54,0,3,1,14.9,0,5.42,1
STU5775,Rahul Gupta,Information Tech.,2,0.648,2.66,0.638,7,4,1.0,1,3,0,21.0,1,8.35,1
STU5776,Sai Pandey,Information Tech.,8,0.708,4.52,0.615,3,7,7.07,0,2,3,31.4,0,9.37,1
STU5777,Riya Verma,Biotechnology,2,0.365,1.87,0.413,7,5,5.45,0,1,1,6.4,0,9.37,2
STU5778,Sai Mishra,Mechanical Eng.,4,0.81,4.18,0.599,7,6,7.9,0,3,0,16.2,0,9.06,0
STU5779,Reyan Patel,Mechanical Eng.,8,0.825,3.29,0.568,8,7,3.31,0,3,0,0.9,1,4.46,1
STU5780,Sneha Mishra,Computer Science,4,0.731,2.85,0.654,5,4,1.0,0,4,1,0.7,0,5.24,1
STU5781,Aditya Joshi,Computer Science,5,0.698,2.71,0.834,4,5,6.06,0,5,1,1.6,1,4.91,1
STU5782,Pooja Sharma,Civil Eng.,8,0.708,2.3,0.758,3,5,6.08,0,3,2,7.1,0,8.58,1
STU5783,Reyan Yadav,Mechanical Eng.,5,0.592,2.35,0.452,8,7,2.12,1,4,1,2.8,0,4.66,1
STU5784,Sai Joshi,Mechanical Eng.,6,0.757,5.42,0.733,7,8,3.54,1,3,1,4.1,0,2.98,0
STU5785,Suresh Patel,Civil Eng.,5,0.741,4.02,0.603,2,6,10.0,0,4,0,12.5,1,8.2,0
STU5786,Arjun Mishra,Computer Science,4,0.879,4.88,0.833,7,10,4.89,0,2,0,5.3,1,8.49,0
STU5787,Riya Gupta,Computer Science,3,1.0,5.99,0.95,3,8,6.96,0,2,1,9.8,0,4.61,0
STU5788,Amit Patel,Information Tech.,4,0.705,3.31,0.727,5,6,4.2,0,3,1,6.4,0,6.03,1
STU5789,Priya Rao,Electronics,5,0.538,1.58,0.327,6,6,1.32,1,1,0,2.2,0,4.4,2
STU5790,Rahul Joshi,Mechanical Eng.,3,0.771,4.16,0.567,7,7,5.16,0,4,3,0.9,1,8.33,1
STU5791,Karan Verma,Civil Eng.,5,0.99,3.72,0.884,5,6,4.97,0,4,0,3.2,1,2.81,0
STU5792,Sai Rao,Mechanical Eng.,7,0.58,2.38,0.419,4,5,4.7,0,2,0,0.7,0,8.45,1
STU5793,Karan Verma,Mechanical Eng.,3,0.818,2.79,0.625,5,4,5.27,0,3,1,11.6,0,5.31,1
STU5794,Suresh Sharma,Computer Science,1,0.934,4.35,0.868,7,8,6.03,0,4,0,19.1,1,6.52,0
STU5795,Rohan Verma,Mechanical Eng.,4,0.744,4.68,0.578,6,6,5.2,1,4,0,5.0,1,8.11,0
STU5796,Nikhil Kumar,Computer Science,7,0.616,2.5,0.78,4,6,2.97,0,2,3,5.9,0,8.55,1
STU5797,Priya Reddy,Electrical Eng.,1,0.823,3.86,0.688,1,7,6.47,0,2,0,20.3,1,7.03,1
STU5798,Aditya Mishra,Electrical Eng.,2,0.774,3.28,0.669,0,6,1.6,1,3,0,3.0,0,4.18,1
STU5799,Kavya Kumar,Electrical Eng.,1,0.772,2.21,0.724,5,7,1.4,1,3,3,1.5,0,4.46,1
STU5800,Nikhil Reddy,Mechanical Eng.,1,0.998,3.73,0.748,3,4,6.98,0,2,1,8.3,1,9.19,0
STU5801,Nikhil Mehta,Computer Science,2,0.742,3.05,0.719,3,6,6.51,1,2,0,12.5,1,5.36,0
STU5802,Rohan Singh,Electrical Eng.,7,0.564,2.69,0.542,4,6,5.39,0,4,2,11.0,1,7.21,1
STU5803,Nikhil Gupta,Information Tech.,4,0.849,6.02,0.729,9,8,2.71,0,3,0,15.0,0,5.83,0
STU5804,Suresh Rao,Biotechnology,5,0.749,2.99,0.701,5,7,4.08,0,5,1,0.7,1,7.59,0
STU5805,Riya Sharma,Mechanical Eng.,4,0.957,5.13,0.904,6,7,4.97,0,4,1,6.7,1,6.55,0
STU5806,Kavya Yadav,Biotechnology,8,0.765,4.71,0.832,6,8,2.31,1,5,3,3.3,0,4.91,0
STU5807,Karan Mehta,Electrical Eng.,8,0.67,2.99,0.853,0,5,4.02,0,2,1,17.1,1,5.3,1
STU5808,Vihaan Joshi,Civil Eng.,5,0.615,4.48,0.447,3,8,6.8,0,4,2,24.7,0,6.1,1
STU5809,Nikhil Nair,Information Tech.,7,0.851,4.63,0.636,2,8,8.35,0,1,0,4.0,1,5.02,1
STU5810,Pooja Sharma,Mechanical Eng.,2,1.0,1.46,0.91,8,4,4.66,0,3,1,1.2,0,7.31,0
STU5811,Karan Kumar,Computer Science,3,0.663,2.24,0.389,1,4,7.01,0,3,1,3.5,0,7.48,1
STU5812,Amit Mehta,Mechanical Eng.,2,0.757,2.56,0.746,4,4,1.67,1,2,1,1.3,0,2.86,1
STU5813,Amit Verma,Information Tech.,4,0.676,3.54,0.619,4,7,6.82,1,4,1,4.7,1,6.32,0
STU5814,Sai Singh,Biotechnology,7,0.664,5.44,0.634,2,9,3.89,0,4,3,9.3,0,5.67,1
STU5815,Nikhil Singh,Computer Science,3,0.794,3.55,0.684,5,5,6.11,0,1,3,43.6,0,5.78,1
STU5816,Sneha Singh,Electronics,6,0.837,5.84,0.779,5,10,5.0,1,3,1,6.1,0,6.29,0
STU5817,Riya Joshi,Computer Science,2,0.469,3.87,0.469,4,6,8.14,0,2,0,3.0,0,7.25,1
STU5818,Vihaan Nair,Information Tech.,4,1.0,5.42,0.92,6,11,3.75,1,3,1,2.2,0,7.74,0
STU5819,Vivaan Nair,Information Tech.,3,0.835,4.63,0.617,5,11,6.76,0,4,2,2.3,0,7.02,1
STU5820,Reyan Kumar,Electronics,7,0.775,4.16,0.715,5,9,4.94,0,2,0,2.6,0,7.55,1
STU5821,Vihaan Mishra,Information Tech.,8,0.667,2.94,0.786,7,8,5.18,0,5,1,17.2,0,4.05,1
STU5822,Karan Verma,Civil Eng.,4,0.818,4.23,0.76,1,8,5.13,0,2,0,0.8,1,4.63,1
STU5823,Reyan Yadav,Computer Science,2,0.861,5.17,0.789,6,8,3.81,1,3,0,71.4,0,3.67,1
STU5824,Suresh Reddy,Information Tech.,1,0.787,3.47,0.864,2,3,5.47,0,3,0,8.9,0,5.93,1
STU5825,Pooja Mehta,Computer Science,7,0.856,3.21,0.696,3,4,5.37,0,2,3,9.4,1,6.71,1
STU5826,Pooja Sharma,Mechanical Eng.,7,0.895,3.5,0.895,5,5,5.98,0,2,0,5.3,0,9.8,1
STU5827,Pooja Joshi,Electrical Eng.,1,1.0,5.64,0.847,6,11,5.67,0,4,0,14.1,1,5.21,0
STU5828,Karan Reddy,Electrical Eng.,2,0.706,5.16,0.744,5,9,7.1,0,4,3,7.7,0,8.66,1
STU5829,Pooja Sharma,Computer Science,7,0.769,5.94,0.772,3,8,7.35,0,2,1,4.8,0,5.71,0
STU5830,Karan Mehta,Electronics,6,0.779,3.4,0.66,8,3,3.4,0,3,2,3.7,1,6.06,1
STU5831,Amit Singh,Computer Science,5,0.675,4.22,0.581,4,11,7.24,0,1,1,31.2,0,6.9,1
STU5832,Ishita Yadav,Civil Eng.,4,0.664,3.45,0.695,3,7,3.13,0,2,1,4.1,0,4.28,1
STU5833,Suresh Sharma,Electrical Eng.,6,0.869,5.29,0.596,2,10,6.68,1,3,0,6.9,0,5.48,0
STU5834,Reyan Patel,Information Tech.,2,0.857,3.73,0.727,2,6,6.74,0,1,1,5.2,1,9.9,0
STU5835,Ananya Kumar,Mechanical Eng.,1,0.919,4.15,0.889,2,7,1.68,1,4,1,1.1,1,4.54,0
STU5836,Sai Pandey,Information Tech.,4,0.743,4.14,0.638,5,6,5.69,0,4,1,2.5,0,8.5,0
STU5837,Ananya Sharma,Mechanical Eng.,7,0.675,0.48,0.621,6,3,4.56,0,5,1,2.5,1,7.59,1
STU5838,Aditya Verma,Civil Eng.,6,0.799,4.25,0.515,3,10,3.98,0,3,2,14.2,0,5.09,1
STU5839,Pooja Joshi,Electrical Eng.,7,0.719,2.93,0.562,2,4,8.2,1,5,1,6.3,1,7.45,1
STU5840,Vihaan Nair,Mechanical Eng.,5,0.674,4.29,0.674,4,7,4.19,0,3,1,18.3,0,6.48,1
STU5841,Reyan Pandey,Computer Science,1,0.657,4.25,0.516,5,8,3.89,1,3,0,14.8,0,7.04,1
STU5842,Priya Gupta,Mechanical Eng.,8,0.844,4.09,0.629,5,7,5.65,0,5,2,2.6,1,5.97,1
STU5843,Ishita Mehta,Computer Science,8,0.689,4.71,0.726,2,9,6.87,0,3,1,9.9,1,4.35,1
STU5844,Amit Pandey,Mechanical Eng.,3,0.582,4.88,0.575,4,5,5.22,0,1,1,16.3,0,5.3,1
STU5845,Sneha Singh,Electronics,8,0.746,3.76,0.563,8,9,7.83,0,4,1,12.0,1,9.45,0
STU5846,Rohan Sharma,Civil Eng.,5,0.971,4.92,0.888,3,6,6.56,0,5,2,11.0,1,6.91,0
STU5847,Rahul Sharma,Electrical Eng.,8,0.414,3.74,0.267,4,5,1.14,1,4,3,16.1,0,4.59,2
STU5848,Ishita Reddy,Civil Eng.,8,0.783,5.44,0.69,6,8,4.44,0,3,0,0.7,1,3.68,0
STU5849,Suresh Reddy,Computer Science,4,0.76,1.99,0.702,3,3,4.38,0,3,2,15.8,0,8.54,1
STU5850,Pooja Sharma,Computer Science,7,0.558,4.43,0.422,5,8,6.46,0,5,0,3.8,0,6.56,1
STU5851,Sneha Patel,Electrical Eng.,6,0.62,1.15,0.632,2,4,1.0,1,1,0,10.2,0,7.26,1
STU5852,Vihaan Yadav,Electrical Eng.,1,0.615,3.8,0.643,5,7,10.0,0,3,2,3.3,0,9.23,1
STU5853,Vihaan Patel,Electrical Eng.,4,0.655,4.4,0.616,4,5,6.56,0,2,0,21.9,0,8.4,1
STU5854,Riya Rao,Information Tech.,7,0.705,3.83,0.676,2,6,5.8,1,3,0,7.9,0,9.73,0
STU5855,Aarav Rao,Computer Science,1,0.695,5.73,0.48,6,9,7.86,0,3,1,12.4,0,7.58,1
STU5856,Amit Kumar,Information Tech.,1,0.639,4.58,0.711,2,9,10.0,0,2,2,19.0,1,7.76,0
STU5857,Vivaan Nair,Information Tech.,7,0.753,4.01,0.669,4,7,7.24,0,2,0,27.1,1,9.99,1
STU5858,Aarav Pandey,Information Tech.,3,1.0,4.47,0.806,6,8,7.4,0,3,0,15.8,1,8.72,0
STU5859,Suresh Reddy,Civil Eng.,3,0.799,2.69,0.733,3,8,5.76,0,1,0,1.9,1,5.46,1
STU5860,Pooja Sharma,Information Tech.,7,0.829,2.7,0.821,4,3,5.22,0,2,0,23.1,1,8.44,1
STU5861,Arjun Joshi,Biotechnology,8,0.884,4.7,0.847,7,7,4.55,1,4,0,11.6,0,9.09,0
STU5862,Sai Reddy,Electrical Eng.,1,0.616,2.5,0.446,0,3,3.85,1,2,3,11.3,0,2.01,2
STU5863,Pooja Nair,Information Tech.,8,0.824,4.66,0.817,7,10,4.13,0,3,0,30.5,1,4.0,0
STU5864,Karan Patel,Information Tech.,3,0.874,3.57,0.781,2,9,2.8,0,5,1,3.4,1,4.38,1
STU5865,Arjun Gupta,Mechanical Eng.,7,0.769,1.75,0.742,3,6,5.35,0,2,3,3.3,1,7.91,1
STU5866,Ishita Pandey,Electrical Eng.,3,0.754,3.28,0.599,5,7,2.13,0,2,2,8.6,0,7.06,1
STU5867,Suresh Reddy,Civil Eng.,8,0.838,4.39,0.859,6,8,5.88,1,3,0,16.7,1,7.7,0
STU5868,Priya Mishra,Mechanical Eng.,6,1.0,4.14,0.918,6,6,5.43,0,4,1,7.1,1,8.21,0
STU5869,Pooja Yadav,Mechanical Eng.,5,0.843,3.57,0.878,5,7,5.79,0,5,3,12.1,1,4.74,1
STU5870,Reyan Mishra,Mechanical Eng.,6,0.651,2.21,0.432,3,3,4.46,0,5,1,7.2,0,4.17,2
STU5871,Riya Nair,Electrical Eng.,3,0.856,6.62,0.63,8,8,10.0,0,4,0,11.3,0,10.0,0
STU5872,Sneha Pandey,Mechanical Eng.,5,0.647,4.34,0.559,6,7,8.22,0,2,0,20.7,1,7.65,1
STU5873,Priya Kumar,Electrical Eng.,7,0.955,1.84,1.0,7,7,3.01,1,1,2,2.4,1,8.08,0
STU5874,Pooja Pandey,Electronics,2,0.966,4.34,1.0,4,6,5.97,0,2,0,14.3,0,5.53,0
STU5875,Rohan Reddy,Civil Eng.,5,0.706,2.39,0.546,0,4,4.28,0,1,2,18.6,1,4.38,1
STU5876,Vivaan Kumar,Mechanical Eng.,7,0.938,1.9,0.849,7,5,3.47,1,4,2,7.1,0,3.75,0
STU5877,Kavya Yadav,Computer Science,5,0.772,2.4,0.71,5,6,2.82,1,3,1,4.7,0,7.29,1
STU5878,Aarav Gupta,Information Tech.,8,0.673,3.11,0.677,5,8,6.36,0,1,2,0.5,1,8.95,1
STU5879,Kavya Nair,Electrical Eng.,6,0.795,2.15,0.804,3,3,4.14,0,4,0,19.1,1,7.22,1
STU5880,Vihaan Patel,Biotechnology,1,0.856,5.2,0.659,4,8,7.44,0,2,1,4.8,1,6.36,1
STU5881,Suresh Mishra,Mechanical Eng.,2,0.865,4.11,0.785,4,7,7.49,0,3,1,5.3,1,8.39,1
STU5882,Ananya Yadav,Computer Science,8,0.675,5.98,0.406,4,10,8.25,1,3,1,4.9,1,8.57,0
STU5883,Arjun Mehta,Computer Science,2,0.587,2.11,0.61,2,6,3.8,0,3,0,8.3,1,2.49,2
STU5884,Ananya Singh,Computer Science,4,0.853,1.86,0.734,6,5,6.45,1,3,2,14.5,1,6.3,0
STU5885,Aditya Kumar,Mechanical Eng.,2,0.971,4.21,0.754,9,7,6.76,0,1,1,17.7,0,7.53,1
STU5886,Reyan Mishra,Computer Science,4,0.994,5.59,0.927,4,10,4.55,0,3,1,6.0,0,8.36,0
STU5887,Reyan Patel,Computer Science,4,1.0,3.82,0.863,2,8,3.96,1,4,1,13.1,0,6.03,0
STU5888,Sneha Mishra,Mechanical Eng.,5,1.0,8.47,1.0,5,14,8.72,0,5,0,15.3,1,7.88,0
STU5889,Suresh Pandey,Electronics,5,0.828,4.18,0.656,5,6,5.95,0,3,1,4.2,1,6.67,1
STU5890,Vihaan Reddy,Electronics,1,0.663,4.31,0.819,5,8,6.77,1,3,1,1.2,1,7.51,0
STU5891,Riya Mishra,Computer Science,1,0.553,0.57,0.583,7,4,3.86,1,4,1,27.0,0,3.69,2
STU5892,Arjun Joshi,Biotechnology,3,0.499,3.43,0.578,6,5,3.06,0,5,2,13.6,0,4.83,1
STU5893,Vivaan Reddy,Computer Science,4,0.702,3.51,0.529,1,6,4.36,0,2,1,12.5,1,2.29,1
STU5894,Arjun Reddy,Computer Science,7,0.476,3.09,0.608,1,8,5.25,0,3,1,0.7,1,5.78,2
STU5895,Rahul Patel,Computer Science,3,0.844,2.85,0.638,5,6,3.37,1,4,1,20.4,0,6.9,1
STU5896,Riya Joshi,Computer Science,1,0.789,3.56,0.689,4,6,5.48,0,3,1,10.0,0,5.22,1
STU5897,Vivaan Sharma,Civil Eng.,6,0.454,2.42,0.539,7,7,2.12,0,1,2,22.6,0,5.18,2
STU5898,Reyan Mehta,Computer Science,2,0.797,5.49,0.768,3,8,3.26,1,3,2,44.1,0,6.68,0
STU5899,Suresh Singh,Civil Eng.,7,0.98,3.61,0.758,7,4,6.84,0,2,2,37.8,0,10.0,0
STU5900,Kavya Kumar,Mechanical Eng.,3,0.754,4.22,0.792,3,6,6.71,0,3,0,23.3,1,6.87,1
STU5901,Sneha Patel,Mechanical Eng.,8,0.597,2.93,0.572,5,7,4.72,0,3,1,0.5,0,7.71,1
STU5902,Aarav Verma,Information Tech.,1,0.545,3.98,0.449,2,8,3.46,0,4,1,26.0,0,5.7,1
STU5903,Aditya Mehta,Computer Science,5,0.519,3.25,0.313,5,6,3.45,1,3,1,0.9,0,6.67,1
STU5904,Karan Yadav,Information Tech.,4,0.788,3.09,0.753,7,7,4.75,0,2,3,22.9,0,6.37,1
STU5905,Kavya Verma,Mechanical Eng.,3,0.617,1.73,0.539,5,4,6.79,0,2,1,3.9,0,6.28,1
STU5906,Amit Nair,Biotechnology,1,0.738,4.5,0.68,8,7,7.36,0,4,2,11.3,1,6.84,1
STU5907,Arjun Pandey,Biotechnology,3,0.668,2.98,0.442,3,7,4.51,0,2,3,0.5,0,8.6,1
STU5908,Aditya Nair,Information Tech.,3,0.699,2.89,0.587,5,5,3.19,1,3,0,17.7,1,6.48,1
STU5909,Ishita Gupta,Information Tech.,1,0.548,2.39,0.542,6,6,6.04,0,2,0,1.4,0,4.66,1
STU5910,Suresh Patel,Information Tech.,1,0.833,4.88,0.937,3,7,3.85,1,4,0,6.3,0,5.39,0
STU5911,Vihaan Pandey,Civil Eng.,8,0.604,4.37,0.523,4,6,4.46,1,3,0,20.4,1,4.73,1
STU5912,Ishita Patel,Information Tech.,4,0.756,6.16,0.825,6,8,8.15,0,2,0,14.3,0,9.11,0
STU5913,Suresh Sharma,Civil Eng.,3,0.942,5.52,0.927,7,9,7.15,0,2,3,0.5,0,5.78,0
STU5914,Riya Pandey,Information Tech.,7,0.823,4.46,0.764,7,6,5.82,0,4,3,6.2,0,8.3,0
STU5915,Vihaan Verma,Biotechnology,2,0.743,1.52,0.567,3,3,2.96,1,3,2,0.5,1,7.64,1
STU5916,Ananya Gupta,Electronics,3,1.0,5.99,0.803,6,9,5.92,0,4,1,13.4,0,7.04,0
STU5917,Pooja Patel,Biotechnology,5,0.72,3.17,0.71,2,6,7.63,0,4,0,41.7,0,8.27,1
STU5918,Amit Joshi,Electrical Eng.,1,0.727,3.1,0.601,3,3,4.75,0,5,2,12.8,0,5.52,1
STU5919,Vivaan Kumar,Biotechnology,5,0.781,5.31,0.641,4,5,8.2,0,2,0,3.0,0,8.99,1
STU5920,Vihaan Nair,Mechanical Eng.,6,0.76,5.33,0.666,7,9,8.09,0,5,1,5.3,1,5.19,0
STU5921,Rahul Gupta,Computer Science,6,0.692,5.33,0.607,5,9,8.83,0,1,0,45.1,1,6.82,0
STU5922,Ananya Sharma,Computer Science,8,0.744,3.35,0.76,5,4,6.11,0,2,2,3.0,1,6.28,0
STU5923,Rohan Nair,Computer Science,5,0.774,3.27,0.646,5,7,6.67,0,4,0,9.9,1,8.78,1
STU5924,Pooja Reddy,Information Tech.,3,0.951,7.54,0.936,6,12,8.33,1,2,0,6.1,0,10.0,0
STU5925,Ishita Nair,Electrical Eng.,3,0.763,3.87,0.73,5,6,6.39,0,2,1,17.5,1,6.1,1
STU5926,Rohan Yadav,Mechanical Eng.,3,0.837,3.16,0.586,4,9,4.5,0,2,2,24.2,1,6.18,1
STU5927,Priya Sharma,Information Tech.,8,0.705,2.52,0.664,2,7,4.6,1,3,1,5.0,1,4.25,1
STU5928,Reyan Verma,Computer Science,3,0.714,4.09,0.376,4,6,5.98,1,3,0,13.0,0,6.64,1
STU5929,Kavya Mishra,Computer Science,4,0.613,3.11,0.462,3,5,2.92,1,4,3,9.6,0,7.86,1
STU5930,Amit Kumar,Electrical Eng.,5,0.556,3.54,0.547,5,4,5.21,0,4,0,3.9,1,3.33,1
STU5931,Priya Sharma,Computer Science,2,0.966,4.77,0.868,8,10,7.69,0,3,1,3.8,1,7.34,0
STU5932,Vihaan Yadav,Mechanical Eng.,4,0.694,4.45,0.448,6,8,1.12,1,2,0,9.3,0,6.63,1
STU5933,Aditya Mishra,Electronics,8,0.643,3.86,0.467,1,8,8.57,1,5,1,2.0,1,7.67,0
STU5934,Aarav Yadav,Mechanical Eng.,7,0.725,4.38,0.392,3,4,7.74,0,2,1,20.0,0,6.98,1
STU5935,Sai Patel,Computer Science,5,0.67,2.6,0.469,4,6,4.58,0,1,2,0.9,1,7.95,1
STU5936,Arjun Joshi,Electrical Eng.,1,0.97,4.33,0.931,2,6,6.59,0,1,1,1.2,0,5.52,0
STU5937,Ishita Sharma,Electrical Eng.,7,0.679,2.97,0.556,4,6,5.51,0,3,0,5.0,1,5.25,1
STU5938,Nikhil Sharma,Mechanical Eng.,8,1.0,3.76,0.917,6,7,7.96,0,1,2,1.5,1,4.06,0
STU5939,Ishita Nair,Computer Science,3,0.707,2.49,0.638,7,5,7.47,0,1,1,7.7,0,7.83,1
STU5940,Sai Joshi,Electronics,7,0.964,2.93,0.871,9,4,2.7,1,2,2,6.1,0,6.21,0
STU5941,Kavya Mishra,Computer Science,6,0.888,4.52,0.902,2,8,6.67,0,2,2,15.4,1,5.97,0
STU5942,Amit Verma,Biotechnology,3,0.874,5.76,0.766,5,8,5.09,0,3,1,36.7,1,4.92,0
STU5943,Riya Yadav,Computer Science,3,0.96,4.26,0.955,5,9,5.67,0,4,5,16.8,0,6.61,0
STU5944,Rohan Patel,Civil Eng.,5,0.842,2.67,0.51,3,4,4.04,0,4,1,2.4,1,6.39,1
STU5945,Amit Nair,Computer Science,6,0.799,3.07,0.83,5,6,9.0,0,2,2,32.9,0,5.54,1
STU5946,Sneha Mishra,Electrical Eng.,1,0.99,2.81,0.762,5,4,7.58,0,2,2,6.0,1,3.77,0
STU5947,Suresh Reddy,Computer Science,1,0.606,1.65,0.438,5,4,4.02,0,5,2,7.7,1,3.1,1
STU5948,Sneha Yadav,Computer Science,4,0.685,5.1,0.546,7,7,2.83,1,1,1,6.6,1,3.23,1
STU5949,Rahul Gupta,Information Tech.,4,0.669,3.76,0.711,5,5,4.73,0,4,2,4.0,0,4.25,1
STU5950,Reyan Patel,Electrical Eng.,5,0.939,3.21,0.756,4,9,6.37,1,2,1,27.1,0,6.76,0
STU5951,Ishita Patel,Mechanical Eng.,7,0.88,2.64,0.726,3,6,5.98,0,5,1,4.8,0,6.95,1
STU5952,Nikhil Gupta,Biotechnology,4,0.672,3.37,0.509,8,7,8.01,0,2,2,10.4,1,7.1,1
STU5953,Rohan Joshi,Computer Science,8,0.453,3.39,0.433,6,7,7.08,0,3,0,3.3,0,7.77,1
STU5954,Riya Reddy,Mechanical Eng.,4,0.808,5.81,0.801,5,9,7.44,0,4,0,19.2,1,7.95,0
STU5955,Amit Gupta,Computer Science,3,0.631,3.81,0.738,4,6,6.15,1,3,0,17.9,1,7.44,0
STU5956,Sneha Singh,Biotechnology,7,0.584,1.08,0.765,7,4,2.72,1,2,1,4.2,0,5.98,1
STU5957,Suresh Singh,Electrical Eng.,4,0.726,6.31,0.718,4,8,5.11,0,3,2,13.7,0,4.63,1
STU5958,Aditya Patel,Information Tech.,7,0.524,2.92,0.508,1,8,7.62,0,4,2,14.6,0,4.88,1
STU5959,Aditya Mishra,Computer Science,4,0.942,2.91,0.726,5,6,5.4,0,1,3,9.9,1,5.61,1
STU5960,Ishita Yadav,Mechanical Eng.,7,0.739,5.52,0.856,2,10,6.51,0,1,0,11.0,1,9.0,0
STU5961,Priya Reddy,Civil Eng.,4,0.928,3.96,0.857,5,9,4.86,0,3,2,10.3,1,10.0,0
STU5962,Ishita Gupta,Computer Science,5,0.672,2.47,0.576,7,6,3.44,0,1,1,1.0,1,7.04,1
STU5963,Aarav Sharma,Electrical Eng.,8,0.548,2.1,0.532,1,3,5.25,0,3,0,13.3,0,7.22,2
STU5964,Sneha Nair,Biotechnology,4,0.768,2.68,0.628,3,7,6.12,0,2,2,7.6,1,8.76,1
STU5965,Nikhil Rao,Biotechnology,2,0.64,2.17,0.342,6,7,4.19,0,3,1,6.9,0,8.98,1
STU5966,Reyan Gupta,Mechanical Eng.,2,0.716,3.52,0.701,3,3,5.03,0,2,0,23.6,0,4.85,1
STU5967,Karan Yadav,Electrical Eng.,4,0.75,3.32,0.809,5,6,3.62,1,3,1,0.5,0,10.0,1
STU5968,Arjun Yadav,Computer Science,2,0.668,4.14,0.657,5,7,7.74,0,1,2,3.5,0,10.0,1
STU5969,Aarav Mishra,Biotechnology,3,0.543,3.43,0.488,6,6,4.91,0,1,2,1.6,1,4.01,2
STU5970,Rohan Sharma,Electrical Eng.,5,0.724,3.26,0.653,3,4,8.41,0,1,1,0.5,1,5.72,1
STU5971,Karan Mehta,Computer Science,4,0.912,4.92,0.838,0,7,8.56,0,5,0,3.9,1,10.0,0
STU5972,Rohan Verma,Information Tech.,2,0.697,5.14,0.642,5,5,5.34,0,1,0,53.6,1,8.47,1
STU5973,Nikhil Nair,Electrical Eng.,6,0.732,2.85,0.653,1,7,3.48,1,4,0,3.8,0,4.97,1
STU5974,Vivaan Nair,Civil Eng.,6,0.868,2.18,0.784,7,7,1.33,1,1,3,13.1,0,5.54,1
STU5975,Sneha Sharma,Information Tech.,3,0.704,2.87,0.789,4,7,2.56,1,1,3,1.5,0,7.12,1
STU5976,Ishita Nair,Mechanical Eng.,3,0.777,4.17,0.747,4,7,2.75,0,3,3,11.1,0,7.43,1
STU5977,Ishita Kumar,Civil Eng.,4,0.743,3.4,0.679,6,6,8.26,1,3,2,50.0,1,9.94,0
STU5978,Riya Joshi,Computer Science,6,0.737,5.46,0.729,1,10,5.73,0,5,2,4.1,1,7.16,0
STU5979,Pooja Verma,Mechanical Eng.,3,0.656,4.39,0.657,4,7,6.28,0,5,2,22.6,1,7.39,1
STU5980,Arjun Mishra,Computer Science,8,0.575,2.35,0.612,5,3,1.06,1,4,3,72.2,0,4.66,2
STU5981,Rahul Patel,Civil Eng.,3,0.82,4.39,0.662,5,6,3.1,1,3,2,10.7,1,4.26,0
STU5982,Aarav Nair,Mechanical Eng.,4,0.801,2.76,0.673,4,6,7.27,0,3,1,4.4,0,5.43,1
STU5983,Aditya Singh,Electronics,2,0.875,4.45,0.706,4,6,6.07,0,2,1,13.4,0,6.56,0
STU5984,Pooja Joshi,Electronics,8,0.718,4.08,0.723,8,8,5.21,0,5,1,22.4,0,7.18,1
STU5985,Riya Pandey,Electronics,7,0.846,2.87,0.833,7,3,6.63,0,3,2,2.3,1,4.37,1
STU5986,Vihaan Verma,Computer Science,1,0.844,5.18,0.633,3,8,8.77,0,3,1,7.2,1,10.0,0
STU5987,Arjun Verma,Electrical Eng.,8,0.763,3.86,0.726,7,7,5.06,0,2,2,4.6,0,5.27,1
STU5988,Reyan Gupta,Civil Eng.,5,0.338,3.48,0.442,5,6,5.64,1,1,2,4.0,1,5.15,1
STU5989,Suresh Reddy,Mechanical Eng.,4,0.694,4.8,0.601,5,7,5.89,0,5,0,23.7,1,6.71,1
STU5990,Suresh Mehta,Mechanical Eng.,6,0.59,4.31,0.562,5,8,10.0,0,2,1,6.6,1,3.73,1
STU5991,Ishita Gupta,Electronics,7,0.784,2.71,0.779,2,6,1.3,1,3,3,5.0,0,6.04,1
STU5992,Suresh Yadav,Mechanical Eng.,2,0.767,3.9,0.559,8,4,6.87,1,1,1,11.1,0,5.28,1
STU5993,Aarav Patel,Mechanical Eng.,3,0.585,2.84,0.542,6,6,5.27,0,4,1,3.0,0,3.12,1
STU5994,Kavya Mishra,Civil Eng.,1,0.82,4.59,0.865,5,7,6.63,1,1,2,3.1,1,7.25,0
STU5995,Ishita Pandey,Civil Eng.,3,0.549,3.01,0.435,5,5,4.19,0,4,1,8.8,0,6.51,1
STU5996,Karan Verma,Electronics,1,0.549,1.85,0.577,4,3,5.4,0,1,1,6.3,0,10.0,1
STU5997,Pooja Rao,Computer Science,7,0.591,1.92,0.535,3,3,6.92,0,4,1,4.2,1,7.4,1
STU5998,Amit Singh,Computer Science,1,0.903,5.95,0.745,6,9,10.0,0,4,2,0.7,1,8.31,0
STU5999,Reyan Mehta,Electronics,2,0.875,2.67,0.778,3,6,7.12,0,2,2,8.8,0,7.21,1
STU6000,Riya Reddy,Electrical Eng.,8,0.669,3.48,0.549,5,6,3.8,0,3,1,20.4,0,1.5,1
